,690K,,728K,,759K,,854K,,866K,,899K
-28,4.3787,-28,3.6995,-28,3.2457,-26,2.2211,-26,2.1269,-27,1.8794
-27.9,4.3835,-27.894,3.6978,-27.896,3.2437,-25.901,2.229,-25.9,2.1301,-26.903,1.8886
-27.8,4.3947,-27.798,3.6975,-27.8,3.2329,-25.803,2.2275,-25.8,2.1349,-26.792,1.8924
-27.7,4.393,-27.68,3.685,-27.7,3.2363,-25.785,2.2249,-25.7,2.1317,-26.6,1.8985
-27.6,4.3774,-27.564,3.6951,-27.6,3.2521,-25.696,2.2101,-25.6,2.1143,-26.5,1.8906
-27.5,4.3707,-27.5,3.7043,-27.5,3.2553,-25.507,2.2293,-25.515,2.1088,-26.5,1.8906
-27.45,4.3803,-27.4,3.7043,-27.5,3.2553,-25.5,2.2307,-25.5,2.1079,-26.4,1.881
-27.389,4.3909,-27.3,3.695,-27.401,3.2365,-25.4,2.2243,-25.396,2.1067,-26.3,1.8922
-27.294,4.3987,-27.2,3.6961,-27.322,3.2313,-25.3,2.2386,-25.299,2.1157,-26.201,1.9064
-27.2,4.3883,-27.1,3.6916,-27.296,3.231,-25.201,2.2575,-25.2,2.1349,-26.118,1.9091
-27.1,4.3835,-27,3.6961,-27.2,3.2553,-25.183,2.255,-25.126,2.1325,-26.009,1.9097
-27,4.3754,-27,3.6961,-27.1,3.2664,-25.099,2.2418,-25.074,2.1296,-26,1.9097
-26.9,4.3774,-26.9,3.7107,-27.006,3.2575,-25,2.2339,-25,2.1237,-25.723,1.9053
-26.8,4.3947,-26.8,3.7027,-27,3.2569,-24.9,2.2418,-24.9,2.1188,-25.685,1.904
-26.602,4.3947,-26.7,3.69,-26.9,3.2442,-24.8,2.2466,-24.8,2.1237,-25.599,1.8984
-26.5,4.3995,-26.6,3.6837,-26.8,3.2329,-24.7,2.2419,-24.708,2.134,-25.5,1.8777
-26.4,4.3995,-26.5,3.6837,-26.699,3.2379,-24.602,2.234,-24.6,2.1413,-25.4,1.8666
-26.3,4.3947,-26.4,3.69,-26.6,3.2457,-24.574,2.2364,-24.501,2.1397,-25.306,1.8846
-26.2,4.3787,-26.3,3.7043,-26.5,3.2408,-24.5,2.2434,-24.5,2.1397,-25.244,1.8956
-26.1,4.3835,-26.182,3.7053,-26.4,3.2393,-24.4,2.2419,-24.4,2.1333,-25.199,1.9033
-26.037,4.3986,-26.088,3.7039,-26.296,3.254,-24.3,2.2323,-24.3,2.1365,-25.098,1.9017
-25.908,4.4103,-26,3.7123,-26.2,3.2616,-24.202,2.2354,-24.2,2.1381,-25,1.8985
-25.801,4.4106,-25.9,3.717,-26.004,3.2475,-24.104,2.2324,-24.098,2.1462,-24.9,1.8922
-25.719,4.4209,-25.8,3.7091,-26,3.2473,-24.002,2.2338,-24,2.1525,-24.8,1.8938
-25.618,4.4273,-25.7,3.7043,-25.802,3.2443,-24,2.2339,-23.9,2.154,-24.7,1.9049
-25.6,4.4282,-25.6,3.7155,-25.7,3.2489,-23.8,2.2307,-23.803,2.1463,-24.6,1.9145
-25.498,4.4266,-25.5,3.7314,-25.6,3.2473,-23.78,2.2341,-23.762,2.1473,-24.5,1.9034
-25.353,4.4303,-25.5,3.7314,-25.5,3.2473,-23.632,2.2602,-23.698,2.1496,-24.5,1.9033
-25.203,4.4392,-25.397,3.7247,-25.385,3.2542,-23.597,2.2657,-23.6,2.1652,-24.402,1.8847
-25.101,4.4378,-25.299,3.7123,-25.2,3.2537,-23.5,2.2626,-23.501,2.1573,-24.362,1.8878
-25.006,4.4468,-25.2,3.7186,-25.1,3.2537,-23.324,2.2598,-23.5,2.1572,-24.295,1.8945
-24.898,4.4554,-25.1,3.7171,-25,3.268,-23.209,2.2623,-23.4,2.1604,-24.2,1.9081
-24.8,4.4585,-25,3.7171,-24.9,3.2808,-23.183,2.2623,-23.304,2.1865,-24.1,1.9129
-24.7,4.4697,-24.9,3.7314,-24.8,3.2824,-23.04,2.2591,-23.2,2.1923,-24,1.9097
-24.6,4.4904,-24.8,3.733,-24.7,3.276,-23,2.2578,-23.1,2.1732,-23.898,1.9019
-24.5,4.4904,-24.7,3.7395,-24.6,3.268,-22.902,2.2672,-23.004,2.1793,-23.799,1.9082
-24.393,4.4991,-24.598,3.7537,-24.5,3.2632,-22.802,2.2674,-23,2.1796,-23.7,1.9129
-24.296,4.5076,-24.5,3.7522,-24.401,3.279,-22.7,2.269,-22.91,2.1968,-23.6,1.9193
-24.2,4.5016,-24.4,3.7554,-24.3,3.2936,-22.666,2.2739,-22.895,2.1989,-23.5,1.9161
-24.1,4.5191,-24.299,3.7666,-24.201,3.2873,-22.501,2.2896,-22.7,2.2051,-23.5,1.9161
-24,4.5479,-24.199,3.7761,-24.103,3.2887,-22.5,2.2897,-22.599,2.2131,-23.4,1.9081
-23.899,4.5525,-24.1,3.7761,-24,3.2968,-22.4,2.2881,-22.5,2.2115,-23.339,1.913
-23.776,4.5497,-24,3.7729,-23.801,3.3174,-22.285,2.2991,-22.4,2.2115,-23.194,1.9227
-23.639,4.5713,-23.899,3.7747,-23.779,3.3155,-22.196,2.3073,-22.3,2.2259,-23,1.9288
-23.535,4.5844,-23.8,3.792,-23.692,3.3087,-22.076,2.3096,-22.2,2.2259,-23,1.9288
-23.398,4.5991,-23.7,3.8,-23.6,3.3176,-22,2.3121,-22.1,2.2242,-22.904,1.9196
-23.294,4.6126,-23.6,3.8016,-23.5,3.3431,-21.883,2.3233,-22.002,2.2446,-22.882,1.9204
-23.2,4.6276,-23.5,3.808,-23.4,3.3446,-21.775,2.334,-22,2.245,-22.799,1.9258
-23.099,4.6356,-23.4,3.808,-23.3,3.3398,-21.673,2.3449,-21.9,2.2514,-22.658,1.9475
-23,4.6356,-23.302,3.8221,-23.2,3.3494,-21.5,2.3583,-21.8,2.2546,-22.5,1.9592
-22.899,4.6581,-23.203,3.8379,-23.098,3.3609,-21.385,2.3604,-21.7,2.2657,-22.4,1.9544
-22.8,4.6787,-23.1,3.8558,-23,3.3734,-21.294,2.3638,-21.6,2.2641,-22.303,1.9451
-22.7,4.6867,-23,3.8766,-22.9,3.3781,-21.1,2.3854,-21.5,2.261,-22.279,1.9471
-22.6,4.7058,-23,3.8766,-22.8,3.3765,-21,2.3934,-21.401,2.2704,-22.192,1.9573
-22.502,4.7292,-22.9,3.8718,-22.7,3.3893,-20.9,2.3967,-21.319,2.2822,-22.099,1.9736
-22.401,4.7566,-22.8,3.8591,-22.597,3.4025,-20.8,2.4125,-21.28,2.2871,-22,1.9799
-22.4,4.7568,-22.718,3.8759,-22.5,3.4133,-20.704,2.4233,-21.198,2.2962,-21.9,1.9895
-22.3,4.7712,-22.619,3.9018,-22.4,3.418,-20.635,2.4164,-21.1,2.304,-21.802,1.9848
-22.2,4.776,-22.587,3.9073,-22.3,3.4292,-20.593,2.4127,-21,2.3088,-21.751,1.9793
-22.1,4.7871,-22.5,3.9101,-22.201,3.4451,-20.5,2.4141,-20.9,2.32,-21.699,1.9736
-22,4.8063,-22.399,3.9102,-22.106,3.4541,-20.401,2.4315,-20.802,2.3247,-21.6,1.9847
-21.9,4.8239,-22.3,3.9261,-22.015,3.4534,-20.31,2.4489,-20.764,2.3294,-21.5,1.9895
-21.798,4.8466,-22.2,3.9468,-22,3.4531,-20.278,2.456,-20.655,2.3397,-21.399,2.0023
-21.7,4.8701,-22.1,3.958,-21.905,3.476,-20.2,2.4748,-20.558,2.347,-21.3,2.015
-21.6,4.8781,-22,3.9612,-21.803,3.5034,-20.095,2.4858,-20.5,2.3535,-21.2,2.0055
-21.5,4.8909,-21.9,3.9755,-21.748,3.5075,-20,2.4828,-20.4,2.371,-21.1,2.0086
-21.4,4.9085,-21.803,3.9956,-21.643,3.507,-19.9,2.478,-20.3,2.3742,-21.015,2.025
-21.298,4.9344,-21.7,4.0059,-21.559,3.5081,-19.8,2.4971,-20.2,2.3822,-21,2.0278
-21.186,4.9604,-21.6,4.0234,-21.5,3.5138,-19.708,2.5249,-20.09,2.3844,-20.9,2.0421
-21.074,4.9821,-21.5,4.0346,-21.401,3.5329,-19.693,2.5286,-20,2.3902,-20.726,2.0449
-20.902,5.0181,-21.393,4.0468,-21.3,3.5393,-19.598,2.5436,-19.904,2.407,-20.694,2.0461
-20.801,5.0389,-21.249,4.0706,-21.201,3.5535,-19.5,2.5545,-19.8,2.4268,-20.6,2.0581
-20.8,5.0393,-21.113,4.0917,-21.1,3.5696,-19.4,2.5625,-19.7,2.4428,-20.5,2.0613
-20.7,5.0679,-21.002,4.106,-21,3.584,-19.295,2.5614,-19.6,2.4492,-20.401,2.0708
-20.6,5.0951,-21,4.1063,-20.9,3.5936,-19.2,2.5705,-19.5,2.4492,-20.301,2.0788
-20.499,5.1145,-20.9,4.1254,-20.8,3.6079,-19.1,2.5912,-19.403,2.4678,-20.2,2.0804
-20.399,5.1399,-20.8,4.1351,-20.7,3.6159,-19,2.6168,-19.335,2.4839,-20.098,2.0885
-20.3,5.1557,-20.7,4.1367,-20.6,3.6318,-18.9,2.6279,-19.201,2.5159,-20,2.0964
-20.2,5.1621,-20.6,4.1527,-20.514,3.6649,-18.8,2.6327,-19.141,2.5256,-19.91,2.1136
-20.105,5.1924,-20.503,4.1958,-20.5,3.6701,-18.702,2.6545,-19.072,2.5317,-19.881,2.117
-20,5.2259,-20.5,4.1973,-20.4,3.6893,-18.617,2.6697,-19,2.5306,-19.702,2.1329
-19.9,5.2562,-20.4,4.2339,-20.3,3.6877,-18.577,2.6752,-18.885,2.5334,-19.664,2.1389
-19.8,5.296,-20.319,4.2469,-20.2,3.7051,-18.5,2.6838,-18.796,2.5413,-19.536,2.1571
-19.703,5.3179,-20.202,4.2515,-20.1,3.7275,-18.4,2.6934,-18.699,2.5707,-19.5,2.1618
-19.6,5.3391,-20.104,4.2592,-20,3.7419,-18.28,2.7042,-18.6,2.5913,-19.394,2.1749
-19.519,5.3727,-20.014,4.2772,-20,3.7419,-18.2,2.7157,-18.5,2.5976,-19.255,2.1844
-19.432,5.3991,-20,4.2802,-19.9,3.7706,-18.1,2.738,-18.4,2.6056,-19.172,2.1927
-19.317,5.425,-19.902,4.31,-19.833,3.776,-18,2.7539,-18.3,2.6232,-19.044,2.2056
-19.26,5.4388,-19.8,4.3409,-19.744,3.7804,-18,2.754,-18.201,2.6454,-19,2.2113
-19.2,5.454,-19.699,4.3473,-19.697,3.7825,-17.9,2.7635,-18.107,2.6618,-18.901,2.2367
-19.1,5.4859,-19.6,4.3569,-19.559,3.8201,-17.8,2.7684,-18,2.6837,-18.8,2.2479
-19.002,5.5283,-19.5,4.3839,-19.5,3.8361,-17.727,2.7927,-18,2.6838,-18.741,2.248
-18.945,5.5414,-19.4,4.4062,-19.4,3.86,-17.656,2.8199,-17.9,2.6997,-18.693,2.2483
-18.8,5.5737,-19.306,4.4348,-19.301,3.879,-17.6,2.8434,-17.8,2.7204,-18.597,2.2533
-18.7,5.5689,-19.203,4.4691,-19.2,3.8967,-17.5,2.8657,-17.719,2.7461,-18.5,2.2687
-18.6,5.6024,-19.106,4.4881,-19.13,3.9178,-17.4,2.8721,-17.686,2.756,-18.4,2.2862
-18.504,5.6804,-19,4.5116,-19,3.9541,-17.3,2.8736,-17.6,2.7779,-18.328,2.3045
-18.483,5.6909,-19,4.5116,-19,3.9541,-17.212,2.8948,-17.5,2.7635,-18.275,2.3169
-18.4,5.7252,-18.899,4.5437,-18.9,3.9605,-17.119,2.9157,-17.5,2.7635,-18.2,2.3325
-18.3,5.757,-18.799,4.5661,-18.8,3.9781,-17.092,2.9223,-17.4,2.7763,-18.1,2.3357
-18.2,5.7874,-18.7,4.5898,-18.7,4.0068,-17,2.9486,-17.383,2.7831,-18,2.3437
-18.095,5.8196,-18.6,4.6248,-18.6,4.0243,-16.9,2.9741,-17.256,2.8275,-17.9,2.3596
-17.999,5.8502,-18.5,4.6584,-18.506,4.0349,-16.805,2.9757,-17.184,2.843,-17.8,2.3787
-17.9,5.8784,-18.4,4.676,-18.5,4.0355,-16.702,2.9758,-17.098,2.858,-17.7,2.3851
-17.8,5.9213,-18.3,4.6712,-18.4,4.0594,-16.69,2.9785,-17,2.8704,-17.6,2.3884
-17.747,5.9554,-18.2,4.6935,-18.323,4.0852,-16.596,3.0044,-16.9,2.8817,-17.547,2.3977
-17.664,5.9979,-18.126,4.7311,-18.264,4.1077,-16.5,3.0412,-16.799,2.9057,-17.5,2.4059
-17.6,6.0204,-18.062,4.764,-18.188,4.1372,-16.4,3.0603,-16.7,2.931,-17.401,2.4407
-17.5,6.0395,-18,4.7956,-18.1,4.1584,-16.305,3.0874,-16.601,2.931,-17.32,2.464
-17.412,6.0802,-17.9,4.8355,-18,4.1647,-16.213,3.1167,-16.565,2.9367,-17.297,2.47
-17.36,6.1075,-17.8,4.8546,-17.9,4.1903,-16.19,3.1229,-16.5,2.947,-17.199,2.4795
-17.292,6.1431,-17.7,4.8594,-17.8,4.2253,-16.09,3.1435,-16.401,2.9785,-17.099,2.4954
-17.199,6.1802,-17.6,4.8738,-17.7,4.2621,-16,3.1592,-16.301,3.0122,-17,2.508
-17.065,6.2188,-17.5,4.9057,-17.6,4.2764,-15.9,3.1814,-16.201,3.0425,-16.9,2.5271
-16.998,6.2385,-17.4,4.9551,-17.502,4.2999,-15.833,3.2051,-16.125,3.0463,-16.8,2.5415
-16.899,6.3047,-17.301,5.0042,-17.5,4.3004,-15.785,3.2201,-16.064,3.0573,-16.704,2.5522
-16.8,6.3651,-17.265,5.0173,-17.404,4.3418,-15.69,3.2435,-16,3.0746,-16.675,2.5585
-16.698,6.4025,-17.168,5.0474,-17.34,4.3646,-15.575,3.2785,-15.904,3.1161,-16.599,2.5767
-16.585,6.4426,-17.073,5.0643,-17.277,4.3846,-15.5,3.3012,-15.878,3.1208,-16.5,2.5894
-16.49,6.4816,-17,5.0748,-17.198,4.4061,-15.4,3.3188,-15.7,3.1464,-16.403,2.6111
-16.394,6.5298,-16.901,5.1064,-17.1,4.4218,-15.307,3.3411,-15.68,3.1533,-16.352,2.6247
-16.299,6.5842,-16.804,5.1451,-17,4.4599,-15.281,3.3491,-15.581,3.1878,-16.228,2.6445
-16.196,6.6348,-16.767,5.1629,-16.9,4.4966,-15.142,3.3928,-15.5,3.215,-16.103,2.6561
-16.099,6.6817,-16.675,5.2043,-16.803,4.5104,-15.076,3.409,-15.4,3.239,-16.025,2.6707
-16,6.7415,-16.555,5.2452,-16.71,4.5353,-15,3.4224,-15.301,3.269,-16,2.6755
-15.9,6.7909,-16.5,5.2646,-16.6,4.562,-14.906,3.4645,-15.216,3.2921,-15.901,2.7024
-15.81,6.827,-16.397,5.3006,-16.502,4.5965,-14.8,3.5133,-15.164,3.305,-15.84,2.714
-15.729,6.8549,-16.3,5.3302,-16.5,4.5971,-14.714,3.5271,-15.099,3.3206,-15.744,2.7316
-15.663,6.881,-16.2,5.386,-16.401,4.6447,-14.6,3.5453,-15,3.3586,-15.672,2.745
-15.585,6.9201,-16.1,5.4321,-16.316,4.6813,-14.501,3.5848,-14.9,3.3889,-15.557,2.7662
-15.478,6.9969,-16.001,5.4558,-16.252,4.71,-14.5,3.5852,-14.801,3.4015,-15.5,2.7744
-15.397,7.0495,-16,5.4561,-16.198,4.7349,-14.4,3.6298,-14.7,3.424,-15.401,2.8093
-15.296,7.1026,-15.9,5.4896,-16.098,4.7619,-14.306,3.6524,-14.64,3.4451,-15.3,2.8461
-15.2,7.1516,-15.802,5.5427,-16,4.779,-14.204,3.6736,-14.561,3.4717,-15.224,2.8607
-15.093,7.209,-15.737,5.5709,-15.899,4.8193,-14.183,3.6806,-14.5,3.491,-15.185,2.8693
-15,7.2667,-15.601,5.6185,-15.8,4.8636,-14.099,3.7104,-14.4,3.5166,-15.093,2.8946
-14.9,7.3193,-15.5,5.6475,-15.701,4.8889,-14,3.7686,-14.341,3.5412,-15,2.9244
-14.8,7.3814,-15.5,5.6475,-15.634,4.9166,-13.9,3.8196,-14.276,3.5687,-14.9,2.9388
-14.7,7.4611,-15.4,5.6747,-15.583,4.9402,-13.843,3.8325,-14.196,3.6039,-14.8,2.9691
-14.6,7.5362,-15.317,5.7331,-15.5,4.9881,-13.725,3.8565,-14.091,3.6382,-14.705,3.001
-14.49,7.5955,-15.267,5.7659,-15.4,5.0247,-13.692,3.8641,-14,3.6746,-14.676,3.006
-14.4,7.6446,-15.194,5.8101,-15.307,5.05,-13.595,3.9019,-13.9,3.716,-14.547,3.0262
-14.306,7.7222,-15.1,5.8328,-15.217,5.0864,-13.5,3.9473,-13.805,3.7357,-14.5,3.0345
-14.239,7.7722,-15,5.8789,-15.184,5.1029,-13.4,3.9952,-13.723,3.7563,-14.401,3.066
-14.111,7.8647,-14.902,5.9323,-15.099,5.1543,-13.304,4.0352,-13.691,3.7662,-14.341,3.0891
-14.025,7.9214,-14.843,5.9559,-15,5.1939,-13.269,4.0435,-13.56,3.8208,-14.262,3.1181
-13.902,8.0021,-14.793,5.9776,-14.901,5.2303,-13.15,4.0743,-13.5,3.8469,-14.184,3.1442
-13.8,8.0931,-14.68,6.0511,-14.848,5.2562,-13.091,4.0939,-13.4,3.8804,-14.096,3.1673
-13.698,8.1632,-14.597,6.1037,-14.773,5.2909,-13,4.142,-13.3,3.9202,-14,3.1765
-13.6,8.2303,-14.5,6.1437,-14.697,5.3233,-12.9,4.2041,-13.2,3.9536,-13.902,3.1999
-13.484,8.3247,-14.4,6.1773,-14.6,5.3806,-12.814,4.2521,-13.101,3.9916,-13.886,3.2072
-13.393,8.4005,-14.3,6.2283,-14.5,5.4267,-12.756,4.2794,-13.066,4.0101,-13.8,3.2516
-13.3,8.4858,-14.2,6.2826,-14.4,5.4683,-12.684,4.3101,-13,4.0463,-13.7,3.2898
-13.2,8.5592,-14.101,6.33,-14.304,5.5232,-12.599,4.3386,-12.9,4.099,-13.6,3.3152
-13.1,8.6273,-14.038,6.375,-14.201,5.584,-12.5,4.3829,-12.817,4.1228,-13.576,3.3252
-13,8.7119,-14,6.4022,-14.101,5.626,-12.4,4.4418,-12.763,4.1433,-13.5,3.3567
-12.899,8.8055,-13.897,6.4579,-14.02,5.6478,-12.341,4.4822,-12.699,4.1713,-13.399,3.3921
-12.8,8.9003,-13.8,6.5139,-14,5.6533,-12.201,4.5703,-12.6,4.2458,-13.298,3.4311
-12.7,8.9993,-13.7,6.5889,-13.9,5.6947,-12.161,4.5841,-12.5,4.3064,-13.2,3.475
-12.6,9.0886,-13.601,6.6474,-13.808,5.7477,-12.091,4.6093,-12.4,4.3431,-13.1,3.5259
-12.5,9.1715,-13.5,6.7117,-13.708,5.8008,-12,4.6542,-12.3,4.3782,-13,3.5546
-12.441,9.238,-13.5,6.7118,-13.608,5.8517,-11.9,4.7004,-12.2,4.4388,-13,3.5546
-12.347,9.3438,-13.4,6.7708,-13.534,5.8962,-11.803,4.7329,-12.157,4.4559,-12.9,3.5705
-12.281,9.4144,-13.3,6.8218,-13.5,5.9166,-11.761,4.7542,-12.09,4.4834,-12.879,3.5807
-12.184,9.505,-13.201,6.8866,-13.4,5.9756,-11.683,4.7932,-12,4.5234,-12.795,3.6204
-12.098,9.5832,-13.101,6.9678,-13.3,6.0489,-11.6,4.825,-11.901,4.5755,-12.7,3.6599
-12,9.6885,-13.041,7.0089,-13.257,6.0727,-11.5,4.8918,-11.801,4.6268,-12.6,3.6837
-11.889,9.818,-13,7.0371,-13.162,6.1241,-11.5,4.8919,-11.7,4.6907,-12.57,3.6997
-11.701,10.017,-12.876,7.1251,-13.091,6.1626,-11.41,4.9733,-11.675,4.6999,-12.5,3.7381
-11.6,10.135,-12.748,7.2276,-13,6.2261,-11.393,4.9875,-11.51,4.7621,-12.4,3.7907
-11.502,10.258,-12.663,7.2893,-12.898,6.2913,-11.296,5.0541,-11.5,4.7659,-12.313,3.8128
-11.457,10.308,-12.592,7.3365,-12.799,6.3495,-11.2,5.1201,-11.408,4.8307,-12.205,3.8584
-11.371,10.404,-12.5,7.3835,-12.699,6.4169,-11.101,5.1675,-11.348,4.8771,-12.192,3.8665
-11.294,10.49,-12.4,7.466,-12.596,6.4907,-11.061,5.1921,-11.261,4.945,-12.1,3.928
-11.2,10.618,-12.373,7.4942,-12.5,6.5628,-11,5.23,-11.1,5.0675,-12.001,3.9723
-11.1,10.748,-12.204,7.6516,-12.4,6.6487,-10.902,5.305,-11,5.1185,-12,3.9726
-11.007,10.843,-12.161,7.6825,-12.304,6.7242,-10.807,5.3644,-11,5.1185,-11.9,3.9885
-10.952,10.907,-12.082,7.741,-12.246,6.7667,-10.746,5.4125,-10.9,5.1488,-11.87,4.0053
-10.883,10.993,-12,7.8078,-12.1,6.8757,-10.685,5.4599,-10.811,5.2296,-11.786,4.0548
-10.786,11.133,-11.899,7.9046,-12,6.9345,-10.5,5.5858,-10.765,5.2709,-11.7,4.1194
-10.694,11.277,-11.8,8.0042,-11.9,7.0031,-10.41,5.6801,-10.692,5.3341,-11.6,4.1688
-10.6,11.414,-11.699,8.0796,-11.807,7.0931,-10.378,5.71,-10.599,5.3955,-11.5,4.2229
-10.499,11.541,-11.6,8.1493,-11.768,7.1261,-10.287,5.789,-10.5,5.4823,-11.5,4.223
-10.4,11.675,-11.5,8.2307,-11.6,7.2647,-10.187,5.8657,-10.399,5.5549,-11.4,4.263
-10.301,11.845,-11.5,8.2307,-11.504,7.3577,-10.094,5.9288,-10.3,5.6279,-11.3,4.298
-10.202,12.007,-11.405,8.332,-11.5,7.3621,-10,6.0055,-10.2,5.7171,-11.247,4.3319
-10.158,12.071,-11.365,8.3808,-11.4,7.4371,-9.9009,6.1052,-10.1,5.8014,-11.186,4.3715
-10.088,12.174,-11.275,8.4889,-11.3,7.5089,-9.8488,6.1507,-10,5.8908,-11.098,4.433
-9.9884,12.334,-11.148,8.6179,-11.2,7.6047,-9.7851,6.2079,-9.8966,5.985,-11,4.4816
-9.8944,12.48,-11.072,8.6939,-11.1,7.7084,-9.6997,6.2898,-9.799,6.0799,-10.901,4.5224
-9.7992,12.64,-11,8.7619,-11.002,7.7944,-9.5999,6.4012,-9.7,6.1716,-10.856,4.5483
-9.6997,12.8,-10.9,8.8513,-11,7.796,-9.5,6.5018,-9.6042,6.2342,-10.789,4.5879
-9.6,12.973,-10.8,8.9673,-10.9,7.8884,-9.4,6.5926,-9.5761,6.2596,-10.679,4.6661
-9.5006,13.167,-10.7,9.0906,-10.853,7.9442,-9.331,6.6803,-9.5,6.3328,-10.521,4.7845
-9.4078,13.331,-10.6,9.2044,-10.772,8.0378,-9.2869,6.7341,-9.4063,6.4521,-10.5,4.8006
-9.3009,13.537,-10.5,9.3261,-10.696,8.1235,-9.1922,6.8345,-9.3887,6.4718,-10.401,4.8641
-9.1985,13.739,-10.5,9.3267,-10.599,8.2154,-9.0993,6.9236,-9.2988,6.5652,-10.3,4.9217
-9.0844,13.965,-10.4,9.4481,-10.5,8.3259,-9.0002,7.0311,-9.1999,6.6567,-10.255,4.9515
-8.9929,14.147,-10.3,9.5532,-10.4,8.4452,-9,7.0313,-9.0997,6.7607,-10.131,5.0369
-8.8509,14.453,-10.2,9.6775,-10.354,8.4884,-8.9,7.1399,-9,6.8849,-10.073,5.0807
-8.8,14.566,-10.1,9.8083,-10.288,8.5527,-8.8106,7.2609,-8.9,7.0077,-10,5.1388
-8.6985,14.765,-10.008,9.9144,-10.199,8.6525,-8.7469,7.3411,-8.8047,7.1078,-9.8999,5.2139
-8.5999,14.97,-10,9.9233,-10.1,8.7762,-8.6891,7.4129,-8.787,7.1294,-9.8002,5.295
-8.5044,15.191,-9.9001,10.049,-10,8.8889,-8.5948,7.5268,-8.6892,7.256,-9.7624,5.3326
-8.4003,15.43,-9.8096,10.175,-9.9007,9.0158,-8.5,7.6601,-8.5903,7.3839,-9.6893,5.4062
-8.2984,15.661,-9.7003,10.327,-9.802,9.1544,-8.3989,7.8003,-8.5,7.5022,-9.5999,5.4963
-8.1928,15.916,-9.6002,10.465,-9.7199,9.2617,-8.3,7.9407,-8.4001,7.6442,-9.5,5.5808
-8.0924,16.168,-9.501,10.613,-9.6023,9.4173,-8.2007,8.0959,-8.3012,7.7829,-9.3997,5.664
-8,16.402,-9.5,10.614,-9.5219,9.5222,-8.1569,8.1578,-8.2007,7.9146,-9.288,5.7639
-7.901,16.673,-9.3995,10.749,-9.5,9.5511,-8.0493,8.3106,-8.1001,8.0492,-9.1983,5.8459
-7.8017,16.947,-9.3,10.89,-9.4004,9.6749,-8,8.381,-8.0143,8.1915,-9.0995,5.9562
-7.7357,17.118,-9.2004,11.048,-9.3298,9.7748,-7.8995,8.556,-8,8.2155,-9,6.0546
-7.6815,17.263,-9.1026,11.213,-9.2365,9.9112,-7.7969,8.7262,-7.9007,8.3674,-8.9132,6.1362
-7.5819,17.547,-9.0392,11.328,-9.103,10.094,-7.63,9.0166,-7.8003,8.5211,-8.862,6.1842
-7.4785,17.856,-9,11.401,-9.0473,10.178,-7.5003,9.2295,-7.7,8.6846,-8.7938,6.2495
-7.3013,18.408,-8.8985,11.569,-9,10.25,-7.5,9.23,-7.5958,8.8543,-8.6988,6.353
-7.2193,18.66,-8.7996,11.738,-8.9033,10.432,-7.4001,9.4068,-7.5,9.0181,-8.6,6.4791
-7.2,18.72,-8.6999,11.932,-8.8558,10.512,-7.3017,9.5967,-7.4009,9.2108,-8.5024,6.6146
-7.0994,19.042,-8.6004,12.118,-8.7767,10.644,-7.2732,9.6557,-7.3021,9.4062,-8.5,6.6179
-6.9997,19.354,-8.5164,12.261,-8.6709,10.821,-7.186,9.8412,-7.2651,9.4727,-8.4036,6.7394
-6.9001,19.686,-8.5,12.289,-8.5881,10.959,-7.0971,10.04,-7.1924,9.607,-8.3505,6.7958
-6.8006,20.037,-8.4002,12.468,-8.5,11.099,-7,10.261,-7.09,9.8313,-8.2811,6.8739
-6.7008,20.394,-8.3003,12.669,-8.3993,11.288,-6.9008,10.465,-7,10.047,-8.1949,6.9892
-6.6005,20.777,-8.2002,12.868,-8.3,11.493,-6.8651,10.544,-6.9024,10.256,-8.0991,7.1328
-6.5,21.171,-8.1,13.081,-8.2001,11.689,-6.79,10.717,-6.853,10.357,-8,7.264
-6.4,21.559,-8.0001,13.301,-8.0984,11.884,-6.6975,10.956,-6.7762,10.518,-7.9,7.3787
-6.2968,21.984,-8,13.301,-8,12.08,-6.599,11.203,-6.6891,10.712,-7.7964,7.5327
-6.1866,22.442,-7.8884,13.535,-7.9001,12.305,-6.5,11.456,-6.5677,11.011,-7.6947,7.6893
-6.0911,22.848,-7.7994,13.725,-7.8058,12.506,-6.4017,11.741,-6.5,11.181,-7.5983,7.8556
-5.9934,23.283,-7.6879,13.99,-7.7661,12.584,-6.3561,11.871,-6.3839,11.487,-7.5,8.0186
-5.8853,23.765,-7.5991,14.206,-7.6955,12.724,-6.2917,12.055,-6.2925,11.751,-7.5,8.0187
-5.7074,24.63,-7.5,14.434,-7.594,12.961,-6.1994,12.301,-6.1994,12.039,-7.4229,8.1266
-5.6044,25.117,-7.3052,14.929,-7.5,13.189,-6.0986,12.596,-6.1,12.335,-7.3516,8.238
-5.6,25.138,-7.2519,15.064,-7.3915,13.454,-6,12.897,-6.0088,12.588,-7.267,8.3824
-5.5002,25.642,-7.1272,15.391,-7.2738,13.744,-5.9158,13.176,-6,12.613,-7.1,8.6918
-5.3993,26.184,-7.072,15.539,-7.1845,13.963,-5.8382,13.438,-5.8997,12.925,-7.0018,8.88
-5.2987,26.727,-7,15.732,-7.071,14.263,-5.7807,13.635,-5.7998,13.254,-7,8.8834
-5.1953,27.311,-6.9001,16.021,-7,14.456,-5.6918,13.942,-5.7,13.576,-6.8986,9.0824
-5.0898,27.913,-6.8005,16.324,-6.9052,14.705,-5.595,14.307,-5.6006,13.938,-6.8,9.2743
-4.993,28.493,-6.7006,16.627,-6.8676,14.814,-5.5,14.687,-5.5097,14.294,-6.7022,9.4975
-4.8377,29.481,-6.602,16.945,-6.7694,15.108,-5.3999,15.105,-5.5,14.333,-6.6598,9.6006
-4.8,29.729,-6.5066,17.243,-6.6878,15.355,-5.3004,15.521,-5.4037,14.701,-6.5927,9.7664
-4.7103,30.312,-6.5,17.264,-6.5918,15.647,-5.2308,15.814,-5.3003,15.112,-6.5,9.9813
-4.607,30.997,-6.3993,17.606,-6.5,15.94,-5.1003,16.402,-5.2344,15.397,-6.3999,10.213
-4.5035,31.704,-6.2971,17.969,-6.4002,16.265,-5,16.881,-5.1621,15.725,-6.2998,10.457
-4.4289,32.22,-6.1886,18.332,-6.3022,16.582,-4.8991,17.384,-5.087,16.081,-6.1023,10.991
-4.3555,32.733,-6.0905,18.672,-6.2264,16.848,-4.7983,17.919,-5,16.5,-6,11.287
-4.2803,33.263,-6,19.014,-6.1033,17.301,-4.5908,19.12,-4.8999,16.963,-5.9011,11.601
-4.1879,33.913,-5.8999,19.412,-6.0741,17.405,-4.5,19.687,-4.8005,17.455,-5.8037,11.92
-4.0958,34.572,-5.7937,19.84,-6,17.671,-4.4002,20.339,-4.73,17.841,-5.778,11.998
-4,35.254,-5.6899,20.272,-5.8993,18.057,-4.3011,21.001,-4.6824,18.108,-5.6787,12.302
-3.9,35.978,-5.589,20.702,-5.7958,18.471,-4.2014,21.695,-4.5477,18.889,-5.5932,12.574
-3.8019,36.672,-5.5,21.092,-5.6998,18.87,-4.1261,22.262,-4.5,19.181,-5.5,12.903
-3.7296,37.179,-5.3999,21.557,-5.5996,19.286,-4.0919,22.526,-4.4009,19.818,-5.408,13.253
-3.6688,37.618,-5.3,22.027,-5.5001,19.731,-4,23.251,-4.3046,20.445,-5.3627,13.43
-3.5919,38.19,-5.2001,22.507,-5.5,19.731,-3.9009,24.048,-4.2035,21.12,-5.2866,13.735
-3.4958,38.915,-5.1061,22.986,-5.4006,20.207,-3.8612,24.386,-4.1636,21.406,-5.1978,14.095
-3.3994,39.626,-5.02,23.423,-5.3002,20.689,-3.7939,24.975,-4.0045,22.62,-5.0995,14.501
-3.3008,40.286,-5,23.526,-5.2001,21.183,-3.6987,25.828,-4,22.656,-5.0002,14.946
-3.2,40.975,-4.9001,24.062,-5.1022,21.671,-3.5998,26.719,-3.9033,23.414,-5,14.946
-3.0992,41.669,-4.8002,24.627,-5.0057,22.162,-3.5038,27.6,-3.7996,24.272,-4.9008,15.437
-2.9999,42.356,-4.7006,25.196,-5,22.191,-3.5,27.636,-3.7,25.126,-4.8576,15.647
-2.9001,43.039,-4.6008,25.8,-4.9015,22.735,-3.4,28.632,-3.6069,25.952,-4.7881,15.99
-2.8002,43.694,-4.5065,26.366,-4.8615,22.97,-3.3146,29.501,-3.5886,26.115,-4.694,16.458
-2.7018,44.325,-4.5,26.406,-4.7556,23.603,-3.2187,30.44,-3.5,26.908,-4.5958,16.986
-2.6184,44.801,-4.3263,27.52,-4.6665,24.135,-3.1282,31.262,-3.4017,27.889,-4.5,17.55
-2.5044,45.47,-4.1923,28.446,-4.586,24.618,-3.0864,31.665,-3.3543,28.368,-4.4007,18.176
-2.4491,45.774,-4.0973,29.135,-4.5,25.171,-3,32.625,-3.2891,29.03,-4.3557,18.461
-2.4,46.046,-4,29.853,-4.401,25.85,-2.9001,33.803,-3.1678,30.163,-4.2689,19.03
-2.3002,46.533,-3.9002,30.607,-4.3486,26.204,-2.8691,34.101,-3.0932,30.914,-4.1561,19.81
-2.2002,46.973,-3.802,31.342,-4.1999,27.253,-2.7967,34.817,-3,31.854,-4.0692,20.441
-2.1009,47.379,-3.7105,32.041,-4.1081,27.95,-2.6998,35.883,-2.8998,32.939,-4,20.964
-2.0001,47.839,-3.6551,32.474,-4.0126,28.702,-2.6001,37.014,-2.7979,34.051,-3.9021,21.77
-1.9004,48.242,-3.5726,33.129,-4,28.804,-2.5422,37.643,-2.7,35.069,-3.8647,22.08
-1.8146,48.539,-3.5,33.717,-3.9001,29.586,-2.5,38.113,-2.517,37.064,-3.7905,22.71
-1.7543,48.699,-3.4,34.509,-3.8026,30.352,-2.4,39.276,-2.5,37.26,-3.6905,23.578
-1.6551,48.924,-3.2151,35.869,-3.7001,31.2,-2.3041,40.308,-2.4001,38.504,-3.5969,24.431
-1.6,49.041,-3.174,36.216,-3.6021,31.992,-2.2874,40.469,-2.3763,38.77,-3.5,25.345
-1.4997,49.258,-3.0873,36.996,-3.5572,32.383,-2.1999,41.286,-2.2996,39.649,-3.4106,26.274
-1.3005,49.454,-3,37.755,-3.5,32.894,-2.1002,42.137,-2.1999,40.616,-3.3692,26.71
-1.1793,49.488,-2.907,38.45,-3.4009,33.749,-2.0427,42.688,-2.0999,41.498,-3.2952,27.508
-1.0637,49.606,-2.8058,39.221,-3.3826,33.885,-2,43.105,-2.0001,42.419,-3.1999,28.504
-0.90686,49.741,-2.7,40.047,-3.2966,34.528,-1.902,44.185,-2,42.421,-3.1026,29.467
-0.80116,49.737,-2.612,40.689,-3.1953,35.349,-1.8892,44.302,-1.9019,43.478,-3.0693,29.793
-0.8,49.737,-2.5054,41.485,-3.0001,37.113,-1.7999,45.097,-1.8088,44.454,-3,30.487
-0.69495,49.739,-2.5,41.526,-3,37.113,-1.7002,45.77,-1.7779,44.717,-2.902,31.606
-0.5188,49.825,-2.4004,42.339,-2.9047,37.935,-1.6194,46.362,-1.6813,45.454,-2.8241,32.565
-0.40075,49.863,-2.36,42.647,-2.8518,38.395,-1.5023,47.236,-1.5679,46.301,-2.7884,33.008
-0.20705,49.845,-2.2888,43.185,-2.7861,38.969,-1.5,47.253,-1.5,46.855,-2.6999,34.082
-0.09893,49.852,-2.1985,43.798,-2.6967,39.737,-1.4028,47.788,-1.4,47.675,-2.5978,35.217
0,49.867,-2.0987,44.426,-2.5997,40.538,-1.2983,48.221,-1.3001,48.232,-2.5,36.347
0.10016,49.859,-2.0005,45.079,-2.5,41.337,-1.2001,48.592,-1.2008,48.533,-2.4052,37.486
0.20662,49.824,-2,45.083,-2.5,41.337,-1.1,48.935,-1.1223,48.823,-2.3507,38.158
0.32799,49.799,-1.8999,45.754,-2.3981,42.171,-1.0067,49.084,-1.0015,49.205,-2.2779,39.062
0.51236,49.808,-1.8,46.302,-2.3001,42.996,-1,49.094,-1,49.21,-2.1963,40.053
0.78566,49.771,-1.6997,46.78,-2.2058,43.665,-0.90006,49.117,-0.9001,49.387,-2.0997,41.054
0.8,49.767,-1.5957,47.302,-2.1001,44.432,-0.8001,49.26,-0.80061,49.47,-2.0028,41.991
0.9031,49.745,-1.5,47.8,-2,45.201,-0.70126,49.498,-0.69889,49.603,-2,42.019
1.0931,49.734,-1.4001,48.287,-1.9007,45.862,-0.60093,49.605,-0.59971,49.775,-1.9054,43.095
1.2002,49.708,-1.313,48.594,-1.8449,46.161,-0.50143,49.623,-0.5,49.816,-1.8614,43.598
1.4045,49.671,-1.2768,48.69,-1.7568,46.621,-0.5,49.623,-0.39965,49.793,-1.7985,44.326
1.6,49.649,-1.1047,49.066,-1.6692,47.082,-0.38857,49.667,-0.28985,49.841,-1.6997,45.177
1.7035,49.63,-1.0013,49.325,-1.5749,47.611,-0.20003,49.733,-0.10826,49.967,-1.6,45.888
1.8963,49.616,-1,49.328,-1.5,48.032,-0.09982,49.844,-0.0003,50.021,-1.5082,46.753
2.1089,49.569,-0.89311,49.45,-1.4018,48.431,0,49.914,0,50.021,-1.5,46.832
2.2986,49.531,-0.79346,49.446,-1.3005,48.68,0.10047,49.885,0.10006,50.021,-1.4004,47.731
2.4,49.527,-0.65936,49.553,-1.1973,48.957,0.20222,49.821,0.22099,49.969,-1.3542,47.953
2.5991,49.506,-0.53047,49.7,-1.0988,49.29,0.33972,49.811,0.39247,49.92,-1.2749,48.302
2.7042,49.501,-0.5,49.73,-1,49.484,0.5,49.751,0.5,49.876,-1.1987,48.573
2.8264,49.469,-0.39991,49.747,-0.89999,49.48,0.79652,49.641,0.60032,49.786,-1.098,49.009
2.9999,49.443,-0.25722,49.723,-0.8,49.524,1,49.594,0.70016,49.762,-1,49.303
3.1026,49.439,-0.15226,49.764,-0.70098,49.68,1.1123,49.55,0.80059,49.786,-0.8999,49.399
3.2,49.425,-0.00826,49.85,-0.60173,49.735,1.2995,49.415,0.98539,49.705,-0.79987,49.47
3.3328,49.408,0,49.854,-0.50178,49.727,1.4006,49.386,1,49.696,-0.69998,49.645
3.4963,49.385,0.10141,49.842,-0.5,49.726,1.5,49.363,1.1149,49.643,-0.59995,49.755
3.6002,49.367,0.30232,49.788,-0.3732,49.767,1.6028,49.304,1.2998,49.488,-0.5,49.762
3.7336,49.361,0.5,49.796,-0.22041,49.814,1.7307,49.218,1.3996,49.44,-0.30023,49.866
3.8921,49.333,0.69777,49.743,-0.10037,49.853,1.9298,49.16,1.5,49.405,-0.10087,49.945
3.9999,49.305,0.8024,49.709,0,49.907,2,49.14,1.6047,49.355,-0.0021,50.022
4,49.305,0.95102,49.72,0.10471,49.87,2.2999,49.038,1.8,49.275,0,50.024
4.1214,49.304,1,49.73,0.30018,49.857,2.4001,48.97,1.9193,49.214,0.10106,50.003
4.3,49.272,1.1027,49.713,0.41633,49.848,2.5,48.93,2,49.157,0.20442,49.941
4.454,49.265,1.3023,49.663,0.5,49.821,2.6005,48.907,2.1048,49.09,0.30671,49.859
4.6003,49.246,1.4738,49.609,0.60035,49.772,2.7157,48.86,2.2283,49.037,0.4998,49.866
4.7234,49.219,1.5,49.602,0.87631,49.739,2.8996,48.772,2.4013,48.969,0.5,49.866
4.8,49.21,1.6726,49.558,0.99473,49.744,3,48.744,2.5,48.929,0.60092,49.813
4.9714,49.227,1.8031,49.524,1,49.744,3.2004,48.693,2.6999,48.859,0.79684,49.654
5.1991,49.178,1.9881,49.531,1.1022,49.712,3.3163,48.651,2.8106,48.777,0.90766,49.589
5.3017,49.163,2,49.533,1.2079,49.657,3.4983,48.626,2.9301,48.718,1,49.541
5.4635,49.153,2.1113,49.51,1.4995,49.605,3.5,48.626,3,48.714,1.1002,49.515
5.6,49.141,2.2989,49.43,1.5,49.605,3.6037,48.569,3.1053,48.694,1.2132,49.439
5.8169,49.124,2.4015,49.418,1.7001,49.551,3.8122,48.5,3.2998,48.599,1.3537,49.326
6.0005,49.105,2.5,49.41,1.8062,49.505,4,48.459,3.4646,48.547,1.4998,49.277
6.3901,49.052,2.6023,49.392,2,49.48,4.1899,48.386,3.5,48.535,1.5,49.277
6.4,49.051,2.7039,49.356,2.1986,49.431,4.3219,48.321,3.6986,48.495,1.6363,49.199
6.5025,49.051,2.8886,49.345,2.3003,49.395,4.4882,48.262,3.8008,48.477,1.7999,49.041
6.6903,49.021,2.9994,49.32,2.4261,49.386,4.5,48.259,3.9012,48.432,1.8997,49.035
6.8308,49.006,3,49.32,2.5,49.386,4.6575,48.21,4,48.409,2,49.022
7.0989,48.979,3.1004,49.324,2.6796,49.342,4.7606,48.168,4.1162,48.374,2.1137,48.948
7.2,48.979,3.2972,49.296,2.8117,49.303,4.9002,48.094,4.3646,48.288,2.2878,48.832
7.4009,48.961,3.4183,49.275,2.9362,49.285,5,48.066,4.5,48.249,2.4006,48.762
7.5644,48.947,3.5,49.259,3,49.288,5.1106,48.028,4.623,48.22,2.5,48.693
7.6957,48.943,3.6729,49.225,3.1014,49.27,5.2536,47.975,4.998,48.119,2.6005,48.655
7.8321,48.925,3.7969,49.21,3.2983,49.209,5.5,47.907,5,48.119,2.7073,48.627
8,48.918,3.9001,49.214,3.3999,49.213,5.7005,47.825,5.1215,48.072,2.8949,48.503
8.218,48.924,4,49.198,3.5,49.186,5.8026,47.787,5.2986,48.023,3,48.455
8.5002,48.911,4.1691,49.161,3.6007,49.151,6,47.744,5.4008,48.005,3.1032,48.435
8.603,48.925,4.3,49.141,3.7171,49.149,6.1215,47.712,5.5,47.955,3.2958,48.333
8.7991,48.921,4.4001,49.153,3.8846,49.138,6.4333,47.63,5.6022,47.921,3.3998,48.288
8.8,48.921,4.5,49.133,3.9997,49.12,6.5,47.608,5.7973,47.888,3.5,48.269
9.001,48.9,4.6947,49.101,4,49.12,6.8897,47.508,5.9996,47.809,3.6543,48.189
9.116,48.903,4.8141,49.1,4.1222,49.084,7,47.468,6,47.809,3.8005,48.139
9.2848,48.888,5,49.072,4.3015,49.04,7.2,47.414,6.1054,47.786,4,48.078
9.4042,48.89,5.2002,49.036,4.497,49.027,7.3048,47.418,6.225,47.774,4.1021,48.04
9.6,48.885,5.3544,49.031,4.5,49.027,7.499,47.334,6.3985,47.703,4.2995,47.986
9.8014,48.875,5.5,49,4.6991,49.019,7.5,47.334,6.5,47.68,4.4001,47.924
9.9105,48.886,5.6925,48.989,4.7996,48.984,7.6046,47.312,6.7918,47.614,4.5,47.888
10.4,48.878,5.8194,48.97,4.9043,48.961,7.7937,47.287,6.9022,47.579,4.7097,47.823
10.602,48.864,6,48.936,5,48.948,8,47.222,7,47.535,4.9273,47.747
10.728,48.854,6.2998,48.904,5.1927,48.927,8.2003,47.174,7.1072,47.502,5,47.729
10.999,48.853,6.5,48.863,5.4002,48.882,8.3996,47.158,7.2975,47.486,5.1027,47.698
11.2,48.824,6.607,48.858,5.5,48.869,8.5,47.121,7.4388,47.445,5.2288,47.639
11.318,48.833,6.7996,48.831,5.6008,48.839,8.698,47.068,7.5,47.425,5.3994,47.554
11.5,48.796,6.975,48.811,5.8016,48.817,8.8018,47.046,7.6462,47.397,5.5,47.529
11.6,48.789,7,48.807,6,48.795,8.9763,47.008,7.8918,47.349,5.61,47.508
11.809,48.788,7.1044,48.806,6.2069,48.771,9,47.004,8,47.331,5.8847,47.41
12,48.792,7.2984,48.768,6.4071,48.722,9.1619,46.956,8.101,47.325,6,47.361
12,48.792,7.4496,48.769,6.5,48.743,9.3986,46.909,8.291,47.288,6.2009,47.325
12.114,48.775,7.5,48.767,6.7071,48.707,9.5,46.893,8.4106,47.279,6.3901,47.246
12.299,48.76,7.7797,48.721,6.9704,48.646,9.8061,46.828,8.5,47.265,6.5,47.205
12.437,48.752,7.9045,48.716,7,48.638,9.9068,46.793,8.6098,47.252,6.6023,47.187
12.6,48.753,8,48.727,7.3008,48.621,10,46.788,8.7995,47.226,6.8342,47.116
12.708,48.745,8.1118,48.72,7.5,48.591,10.113,46.769,8.9009,47.204,7,47.063
12.8,48.732,8.298,48.68,7.6015,48.56,10.301,46.725,9,47.199,7.4994,46.926
12.999,48.703,8.3999,48.684,7.8,48.565,10.497,46.678,9.2024,47.155,7.5,46.926
13.128,48.695,8.5,48.68,7.9025,48.542,10.5,46.678,9.3703,47.145,7.6068,46.913
13.375,48.674,8.701,48.655,8,48.513,10.612,46.659,9.5,47.122,7.7948,46.846
13.6,48.671,8.8617,48.644,8.1081,48.504,10.799,46.62,9.6998,47.084,7.9,46.814
13.714,48.648,8.9961,48.624,8.2946,48.479,10.9,46.599,9.901,47.029,8,46.803
13.864,48.613,9,48.624,8.4006,48.461,11,46.605,10,47.018,8.1039,46.771
14.001,48.618,9.1071,48.606,8.5,48.448,11.192,46.551,10.108,47,8.312,46.694
14.158,48.622,9.233,48.58,8.6088,48.43,11.301,46.521,10.409,46.929,8.5,46.65
14.273,48.592,9.3979,48.584,8.8519,48.404,11.468,46.493,10.5,46.909,8.6323,46.631
14.398,48.568,9.5,48.564,9,48.383,11.5,46.49,10.647,46.864,8.8007,46.586
14.4,48.568,9.6034,48.548,9.2008,48.349,11.647,46.478,10.799,46.844,8.9992,46.522
14.594,48.561,9.7468,48.527,9.4103,48.33,12,46.376,10.901,46.817,9,46.522
14.797,48.543,10,48.489,9.5,48.314,12.118,46.361,11,46.785,9.2013,46.486
15.1,48.536,10.2,48.461,9.6998,48.284,12.295,46.356,11.298,46.726,9.3059,46.439
15.2,48.511,10.401,48.453,9.8942,48.251,12.4,46.334,11.4,46.709,9.4994,46.406
15.401,48.472,10.5,48.429,10,48.25,12.5,46.309,11.5,46.666,9.5,46.406
15.503,48.462,10.607,48.422,10,48.25,12.6,46.268,11.609,46.644,9.7025,46.358
15.614,48.484,10.794,48.407,10.116,48.228,12.756,46.246,11.8,46.629,9.8981,46.285
15.801,48.433,11,48.386,10.298,48.19,12.905,46.226,12,46.586,10,46.267
16,48.44,11.203,48.347,10.406,48.185,13,46.216,12.112,46.572,10.192,46.228
16.365,48.404,11.351,48.339,10.5,48.173,13.2,46.19,12.4,46.505,10.3,46.221
16.499,48.387,11.499,48.296,10.831,48.126,13.31,46.162,12.5,46.494,10.402,46.197
16.702,48.373,11.5,48.295,10.993,48.114,13.43,46.129,12.673,46.483,10.5,46.146
16.8,48.363,11.655,48.309,11,48.113,13.5,46.118,12.9,46.414,10.6,46.106
16.901,48.37,11.8,48.276,11.152,48.087,13.704,46.098,13,46.377,10.801,46.083
17.093,48.34,11.9,48.264,11.4,48.066,13.895,46.054,13.14,46.351,10.997,46.021
17.2,48.338,12,48.268,11.5,48.058,14,46.021,13.465,46.296,11,46.02
17.304,48.345,12.185,48.261,11.612,48.021,14.105,46.016,13.5,46.281,11.2,45.98
17.505,48.33,12.301,48.236,11.787,47.991,14.245,46.009,13.61,46.257,11.397,45.941
17.6,48.313,12.5,48.17,11.902,47.985,14.402,45.97,13.791,46.234,11.5,45.911
17.703,48.303,12.5,48.17,12,47.969,14.5,45.935,13.9,46.239,11.63,45.869
17.901,48.296,12.632,48.163,12.183,47.944,14.606,45.909,14,46.218,11.793,45.838
18.095,48.285,13,48.154,12.3,47.935,14.906,45.892,14.105,46.189,12,45.803
18.293,48.272,13.302,48.119,12.403,47.913,15,45.868,14.238,46.141,12.109,45.774
18.4,48.247,13.447,48.11,12.5,47.888,15.207,45.822,14.494,46.097,12.37,45.725
18.517,48.235,13.5,48.099,12.628,47.871,15.445,45.783,14.5,46.096,12.5,45.69
18.7,48.236,13.605,48.067,12.8,47.863,15.5,45.772,14.617,46.072,12.615,45.667
18.801,48.236,13.775,48.046,12.944,47.853,15.669,45.74,14.799,46.054,12.796,45.651
18.91,48.212,13.9,48.033,13,47.846,15.8,45.701,15,46.001,12.916,45.612
19.2,48.197,14,48.029,13.129,47.817,15.91,45.7,15.208,45.968,13,45.589
19.498,48.183,14.155,48.015,13.298,47.8,16,45.691,15.4,45.938,13.102,45.549
19.6,48.169,14.3,47.99,13.4,47.804,16.188,45.654,15.5,45.912,13.4,45.51
19.724,48.159,14.404,47.967,13.5,47.787,16.3,45.631,15.687,45.881,13.5,45.488
20,48.138,14.5,47.963,13.702,47.736,16.487,45.613,15.803,45.87,13.702,45.42
20,48.138,14.681,47.945,13.897,47.715,16.5,45.611,16,45.834,13.861,45.396
20.3,48.124,14.8,47.928,14,47.715,16.699,45.596,16.117,45.808,14,45.387
20.409,48.127,14.9,47.924,14.303,47.668,16.8,45.585,16.253,45.791,14.101,45.353
20.598,48.09,15,47.936,14.473,47.644,16.99,45.538,16.39,45.767,14.35,45.314
20.7,48.086,15.102,47.92,14.5,47.644,17,45.535,16.5,45.761,14.5,45.298
20.8,48.089,15.229,47.89,14.609,47.646,17.105,45.525,16.608,45.728,14.604,45.269
20.999,48.089,15.397,47.874,14.718,47.621,17.294,45.511,16.79,45.695,14.786,45.238
21.101,48.061,15.5,47.874,14.836,47.565,17.401,45.48,16.905,45.688,15,45.198
21.204,48.055,15.606,47.864,14.916,47.557,17.5,45.47,17,45.688,15.12,45.162
21.4,48.072,15.797,47.824,15,47.585,17.604,45.475,17.114,45.659,15.399,45.126
21.6,48.051,16,47.812,15.101,47.589,17.791,45.442,17.28,45.633,15.5,45.104
21.808,48.05,16,47.812,15.218,47.576,18,45.405,17.5,45.621,15.697,45.066
21.994,48.034,16.292,47.793,15.4,47.539,18,45.405,17.632,45.585,15.8,45.032
22.103,48.012,16.4,47.777,15.5,47.539,18.122,45.394,17.789,45.574,16,44.999
22.297,48.012,16.5,47.769,15.701,47.526,18.301,45.38,17.997,45.533,16.397,44.912
22.4,48.009,16.601,47.754,15.903,47.497,18.466,45.365,18,45.533,16.5,44.9
22.568,48.01,16.794,47.769,16,47.493,18.5,45.36,18.198,45.522,16.6,44.9
22.699,47.995,17,47.715,16.2,47.464,18.602,45.335,18.301,45.512,16.715,44.872
22.808,47.995,17.195,47.7,16.302,47.455,18.8,45.301,18.406,45.484,16.898,44.824
23.015,47.987,17.388,47.71,16.498,47.41,18.92,45.281,18.5,45.45,17,44.818
23.2,47.978,17.5,47.7,16.5,47.41,19,45.281,18.646,45.445,17.121,44.797
23.4,47.974,17.5,47.7,16.607,47.401,19.138,45.265,18.8,45.414,17.5,44.72
23.503,47.957,17.602,47.677,16.8,47.384,19.3,45.246,18.92,45.404,17.5,44.719
23.693,47.95,17.726,47.67,16.982,47.351,19.5,45.216,19,45.404,17.605,44.713
23.8,47.932,17.9,47.646,17,47.347,19.5,45.216,19.201,45.373,17.8,44.66
23.932,47.921,18,47.638,17.5,47.326,19.614,45.206,19.5,45.317,17.911,44.648
24,47.919,18.169,47.624,17.609,47.304,19.887,45.188,19.9,45.25,18,44.643
24.207,47.917,18.301,47.611,17.799,47.293,20,45.167,20,45.24,18.216,44.607
24.398,47.891,18.442,47.601,17.916,47.283,20.116,45.14,20.2,45.209,18.395,44.563
24.6,47.898,18.5,47.592,18,47.272,20.299,45.137,20.328,45.197,18.5,44.562
24.733,47.89,18.603,47.596,18.199,47.235,20.4,45.117,20.5,45.173,18.5,44.562
24.8,47.874,18.758,47.585,18.299,47.247,20.5,45.092,20.5,45.173,18.623,44.55
24.916,47.868,19,47.55,18.4,47.248,20.691,45.083,20.693,45.158,18.997,44.481
25.097,47.857,19,47.55,18.5,47.219,20.802,45.072,20.9,45.128,19,44.481
25.202,47.853,19.156,47.544,18.624,47.198,20.911,45.055,21,45.122,19.117,44.47
25.363,47.838,19.304,47.542,18.991,47.174,21,45.033,21.133,45.104,19.338,44.407
25.506,47.835,19.5,47.508,19,47.173,21.2,45.014,21.402,45.066,19.5,44.395
25.6,47.825,19.5,47.508,19.189,47.138,21.371,45.002,21.5,45.056,19.616,44.381
25.78,47.816,19.679,47.476,19.4,47.136,21.5,44.974,21.7,45.046,19.792,44.338
26,47.815,19.9,47.473,19.5,47.124,21.603,44.959,21.801,45.021,19.899,44.325
26.167,47.799,20,47.492,19.701,47.107,21.796,44.955,21.951,45.003,20,44.325
26.34,47.802,20.1,47.489,19.814,47.09,21.906,44.944,22,45.001,20.11,44.308
26.4,47.808,20.294,47.425,20,47.087,22,44.93,22.2,45.001,20.305,44.292
26.579,47.798,20.401,47.432,20,47.087,22.204,44.89,22.4,44.94,20.5,44.266
26.7,47.763,20.5,47.443,20.128,47.061,22.308,44.872,22.5,44.935,20.692,44.22
26.8,47.753,20.699,47.431,20.367,47.054,22.498,44.876,22.764,44.905,20.804,44.202
26.907,47.76,20.808,47.399,20.486,47.033,22.5,44.876,22.902,44.879,20.982,44.198
27.096,47.75,20.933,47.382,20.5,47.029,22.705,44.856,23,44.864,21,44.196
27.2,47.746,21,47.382,20.613,47.007,22.899,44.832,23.106,44.86,21.103,44.175
27.303,47.759,21.201,47.374,20.8,46.988,23,44.803,23.3,44.859,21.399,44.132
27.628,47.717,21.321,47.358,20.908,47.005,23.105,44.783,23.408,44.847,21.5,44.121
27.813,47.731,21.5,47.359,21,47.009,23.28,44.772,23.5,44.824,21.623,44.091
27.992,47.7,21.68,47.344,21.198,46.964,23.4,44.739,23.616,44.81,21.8,44.068
28,47.697,21.795,47.351,21.3,46.951,23.5,44.729,23.759,44.813,21.914,44.039
28.107,47.685,21.901,47.336,21.418,46.964,23.696,44.734,23.899,44.784,22,44.026
28.3,47.708,22,47.336,21.5,46.964,23.805,44.719,24,44.774,22.2,43.999
28.4,47.677,NaN,NaN,21.609,46.942,24,44.7,NaN,NaN,22.31,43.993
28.587,47.676,NaN,NaN,21.799,46.919,NaN,NaN,NaN,NaN,22.5,43.973
28.703,47.666,NaN,NaN,21.9,46.906,NaN,NaN,NaN,NaN,22.799,43.951
28.8,47.659,NaN,NaN,22,46.906,NaN,NaN,NaN,NaN,23,43.93
28.903,47.646,NaN,NaN,NaN,NaN,NaN,NaN,NaN,NaN,NaN,NaN
29.057,47.642,NaN,NaN,NaN,NaN,NaN,NaN,NaN,NaN,NaN,NaN
29.2,47.635,NaN,NaN,NaN,NaN,NaN,NaN,NaN,NaN,NaN,NaN
29.322,47.638,NaN,NaN,NaN,NaN,NaN,NaN,NaN,NaN,NaN,NaN
29.501,47.618,NaN,NaN,NaN,NaN,NaN,NaN,NaN,NaN,NaN,NaN
29.6,47.632,NaN,NaN,NaN,NaN,NaN,NaN,NaN,NaN,NaN,NaN
29.79,47.626,NaN,NaN,NaN,NaN,NaN,NaN,NaN,NaN,NaN,NaN
29.9,47.608,NaN,NaN,NaN,NaN,NaN,NaN,NaN,NaN,NaN,NaN
30.002,47.608,NaN,NaN,NaN,NaN,NaN,NaN,NaN,NaN,NaN,NaN
30.197,47.598,NaN,NaN,NaN,NaN,NaN,NaN,NaN,NaN,NaN,NaN
30.301,47.584,NaN,NaN,NaN,NaN,NaN,NaN,NaN,NaN,NaN,NaN
30.4,47.577,NaN,NaN,NaN,NaN,NaN,NaN,NaN,NaN,NaN,NaN
30.505,47.581,NaN,NaN,NaN,NaN,NaN,NaN,NaN,NaN,NaN,NaN
30.64,47.595,NaN,NaN,NaN,NaN,NaN,NaN,NaN,NaN,NaN,NaN
30.8,47.56,NaN,NaN,NaN,NaN,NaN,NaN,NaN,NaN,NaN,NaN
30.927,47.55,NaN,NaN,NaN,NaN,NaN,NaN,NaN,NaN,NaN,NaN
31.1,47.577,NaN,NaN,NaN,NaN,NaN,NaN,NaN,NaN,NaN,NaN
31.2,47.553,NaN,NaN,NaN,NaN,NaN,NaN,NaN,NaN,NaN,NaN
31.4,47.536,NaN,NaN,NaN,NaN,NaN,NaN,NaN,NaN,NaN,NaN
31.524,47.538,NaN,NaN,NaN,NaN,NaN,NaN,NaN,NaN,NaN,NaN
31.701,47.513,NaN,NaN,NaN,NaN,NaN,NaN,NaN,NaN,NaN,NaN
31.802,47.533,NaN,NaN,NaN,NaN,NaN,NaN,NaN,NaN,NaN,NaN
32,47.502,NaN,NaN,NaN,NaN,NaN,NaN,NaN,NaN,NaN,NaN
32.203,47.495,NaN,NaN,NaN,NaN,NaN,NaN,NaN,NaN,NaN,NaN
32.376,47.478,NaN,NaN,NaN,NaN,NaN,NaN,NaN,NaN,NaN,NaN
32.5,47.488,NaN,NaN,NaN,NaN,NaN,NaN,NaN,NaN,NaN,NaN
32.609,47.479,NaN,NaN,NaN,NaN,NaN,NaN,NaN,NaN,NaN,NaN
32.787,47.448,NaN,NaN,NaN,NaN,NaN,NaN,NaN,NaN,NaN,NaN
32.8,47.447,NaN,NaN,NaN,NaN,NaN,NaN,NaN,NaN,NaN,NaN
32.929,47.459,NaN,NaN,NaN,NaN,NaN,NaN,NaN,NaN,NaN,NaN
33.1,47.447,NaN,NaN,NaN,NaN,NaN,NaN,NaN,NaN,NaN,NaN
33.224,47.438,NaN,NaN,NaN,NaN,NaN,NaN,NaN,NaN,NaN,NaN
33.584,47.419,NaN,NaN,NaN,NaN,NaN,NaN,NaN,NaN,NaN,NaN
33.6,47.417,NaN,NaN,NaN,NaN,NaN,NaN,NaN,NaN,NaN,NaN
33.8,47.413,NaN,NaN,NaN,NaN,NaN,NaN,NaN,NaN,NaN,NaN
34.198,47.403,NaN,NaN,NaN,NaN,NaN,NaN,NaN,NaN,NaN,NaN
34.4,47.403,NaN,NaN,NaN,NaN,NaN,NaN,NaN,NaN,NaN,NaN
34.526,47.38,NaN,NaN,NaN,NaN,NaN,NaN,NaN,NaN,NaN,NaN
34.7,47.362,NaN,NaN,NaN,NaN,NaN,NaN,NaN,NaN,NaN,NaN
34.806,47.375,NaN,NaN,NaN,NaN,NaN,NaN,NaN,NaN,NaN,NaN
35.093,47.355,NaN,NaN,NaN,NaN,NaN,NaN,NaN,NaN,NaN,NaN
35.2,47.352,NaN,NaN,NaN,NaN,NaN,NaN,NaN,NaN,NaN,NaN
35.4,47.349,NaN,NaN,NaN,NaN,NaN,NaN,NaN,NaN,NaN,NaN
35.564,47.334,NaN,NaN,NaN,NaN,NaN,NaN,NaN,NaN,NaN,NaN
35.7,47.332,NaN,NaN,NaN,NaN,NaN,NaN,NaN,NaN,NaN,NaN
35.812,47.326,NaN,NaN,NaN,NaN,NaN,NaN,NaN,NaN,NaN,NaN
35.999,47.315,NaN,NaN,NaN,NaN,NaN,NaN,NaN,NaN,NaN,NaN
36,47.315,NaN,NaN,NaN,NaN,NaN,NaN,NaN,NaN,NaN,NaN
36.121,47.324,NaN,NaN,NaN,NaN,NaN,NaN,NaN,NaN,NaN,NaN
36.295,47.299,NaN,NaN,NaN,NaN,NaN,NaN,NaN,NaN,NaN,NaN
36.4,47.281,NaN,NaN,NaN,NaN,NaN,NaN,NaN,NaN,NaN,NaN
36.521,47.298,NaN,NaN,NaN,NaN,NaN,NaN,NaN,NaN,NaN,NaN
36.696,47.281,NaN,NaN,NaN,NaN,NaN,NaN,NaN,NaN,NaN,NaN
36.8,47.267,NaN,NaN,NaN,NaN,NaN,NaN,NaN,NaN,NaN,NaN
36.979,47.262,NaN,NaN,NaN,NaN,NaN,NaN,NaN,NaN,NaN,NaN
37.103,47.267,NaN,NaN,NaN,NaN,NaN,NaN,NaN,NaN,NaN,NaN
37.298,47.254,NaN,NaN,NaN,NaN,NaN,NaN,NaN,NaN,NaN,NaN
37.439,47.26,NaN,NaN,NaN,NaN,NaN,NaN,NaN,NaN,NaN,NaN
37.6,47.247,NaN,NaN,NaN,NaN,NaN,NaN,NaN,NaN,NaN,NaN
37.799,47.216,NaN,NaN,NaN,NaN,NaN,NaN,NaN,NaN,NaN,NaN
37.9,47.233,NaN,NaN,NaN,NaN,NaN,NaN,NaN,NaN,NaN,NaN
38.001,47.223,NaN,NaN,NaN,NaN,NaN,NaN,NaN,NaN,NaN,NaN
38.199,47.199,NaN,NaN,NaN,NaN,NaN,NaN,NaN,NaN,NaN,NaN
38.301,47.21,NaN,NaN,NaN,NaN,NaN,NaN,NaN,NaN,NaN,NaN
38.4,47.223,NaN,NaN,NaN,NaN,NaN,NaN,NaN,NaN,NaN,NaN
38.576,47.197,NaN,NaN,NaN,NaN,NaN,NaN,NaN,NaN,NaN,NaN
38.891,47.173,NaN,NaN,NaN,NaN,NaN,NaN,NaN,NaN,NaN,NaN
39.065,47.171,NaN,NaN,NaN,NaN,NaN,NaN,NaN,NaN,NaN,NaN
39.199,47.169,NaN,NaN,NaN,NaN,NaN,NaN,NaN,NaN,NaN,NaN
39.2,47.169,NaN,NaN,NaN,NaN,NaN,NaN,NaN,NaN,NaN,NaN
39.33,47.174,NaN,NaN,NaN,NaN,NaN,NaN,NaN,NaN,NaN,NaN
39.5,47.149,NaN,NaN,NaN,NaN,NaN,NaN,NaN,NaN,NaN,NaN
39.606,47.146,NaN,NaN,NaN,NaN,NaN,NaN,NaN,NaN,NaN,NaN
39.8,47.169,NaN,NaN,NaN,NaN,NaN,NaN,NaN,NaN,NaN,NaN
39.9,47.159,NaN,NaN,NaN,NaN,NaN,NaN,NaN,NaN,NaN,NaN
40,47.139,NaN,NaN,NaN,NaN,NaN,NaN,NaN,NaN,NaN,NaN
40.195,47.155,NaN,NaN,NaN,NaN,NaN,NaN,NaN,NaN,NaN,NaN
40.302,47.142,NaN,NaN,NaN,NaN,NaN,NaN,NaN,NaN,NaN,NaN
40.5,47.112,NaN,NaN,NaN,NaN,NaN,NaN,NaN,NaN,NaN,NaN
40.687,47.121,NaN,NaN,NaN,NaN,NaN,NaN,NaN,NaN,NaN,NaN
40.8,47.108,NaN,NaN,NaN,NaN,NaN,NaN,NaN,NaN,NaN,NaN
40.987,47.079,NaN,NaN,NaN,NaN,NaN,NaN,NaN,NaN,NaN,NaN
41.105,47.082,NaN,NaN,NaN,NaN,NaN,NaN,NaN,NaN,NaN,NaN
41.386,47.082,NaN,NaN,NaN,NaN,NaN,NaN,NaN,NaN,NaN,NaN
41.6,47.081,NaN,NaN,NaN,NaN,NaN,NaN,NaN,NaN,NaN,NaN
41.789,47.072,NaN,NaN,NaN,NaN,NaN,NaN,NaN,NaN,NaN,NaN
41.908,47.054,NaN,NaN,NaN,NaN,NaN,NaN,NaN,NaN,NaN,NaN
42.1,47.048,NaN,NaN,NaN,NaN,NaN,NaN,NaN,NaN,NaN,NaN
42.265,47.035,NaN,NaN,NaN,NaN,NaN,NaN,NaN,NaN,NaN,NaN
42.4,47.041,NaN,NaN,NaN,NaN,NaN,NaN,NaN,NaN,NaN,NaN
42.775,47.011,NaN,NaN,NaN,NaN,NaN,NaN,NaN,NaN,NaN,NaN
42.919,47.02,NaN,NaN,NaN,NaN,NaN,NaN,NaN,NaN,NaN,NaN
43.032,47.027,NaN,NaN,NaN,NaN,NaN,NaN,NaN,NaN,NaN,NaN
43.2,47.004,NaN,NaN,NaN,NaN,NaN,NaN,NaN,NaN,NaN,NaN
43.327,47.003,NaN,NaN,NaN,NaN,NaN,NaN,NaN,NaN,NaN,NaN
43.5,47.004,NaN,NaN,NaN,NaN,NaN,NaN,NaN,NaN,NaN,NaN
43.671,46.988,NaN,NaN,NaN,NaN,NaN,NaN,NaN,NaN,NaN,NaN
43.798,46.984,NaN,NaN,NaN,NaN,NaN,NaN,NaN,NaN,NaN,NaN
43.9,46.987,NaN,NaN,NaN,NaN,NaN,NaN,NaN,NaN,NaN,NaN
44,46.97,NaN,NaN,NaN,NaN,NaN,NaN,NaN,NaN,NaN,NaN
44.102,46.95,NaN,NaN,NaN,NaN,NaN,NaN,NaN,NaN,NaN,NaN
44.26,46.966,NaN,NaN,NaN,NaN,NaN,NaN,NaN,NaN,NaN,NaN
44.41,46.971,NaN,NaN,NaN,NaN,NaN,NaN,NaN,NaN,NaN,NaN
44.598,46.94,NaN,NaN,NaN,NaN,NaN,NaN,NaN,NaN,NaN,NaN
44.699,46.953,NaN,NaN,NaN,NaN,NaN,NaN,NaN,NaN,NaN,NaN
44.8,46.954,NaN,NaN,NaN,NaN,NaN,NaN,NaN,NaN,NaN,NaN
44.956,46.933,NaN,NaN,NaN,NaN,NaN,NaN,NaN,NaN,NaN,NaN
45.101,46.933,NaN,NaN,NaN,NaN,NaN,NaN,NaN,NaN,NaN,NaN
45.299,46.917,NaN,NaN,NaN,NaN,NaN,NaN,NaN,NaN,NaN,NaN
45.595,46.92,NaN,NaN,NaN,NaN,NaN,NaN,NaN,NaN,NaN,NaN
45.6,46.92,NaN,NaN,NaN,NaN,NaN,NaN,NaN,NaN,NaN,NaN
45.771,46.908,NaN,NaN,NaN,NaN,NaN,NaN,NaN,NaN,NaN,NaN
46.001,46.877,NaN,NaN,NaN,NaN,NaN,NaN,NaN,NaN,NaN,NaN
46.242,46.877,NaN,NaN,NaN,NaN,NaN,NaN,NaN,NaN,NaN,NaN
46.4,46.86,NaN,NaN,NaN,NaN,NaN,NaN,NaN,NaN,NaN,NaN
46.517,46.857,NaN,NaN,NaN,NaN,NaN,NaN,NaN,NaN,NaN,NaN
46.699,46.856,NaN,NaN,NaN,NaN,NaN,NaN,NaN,NaN,NaN,NaN
46.801,46.836,NaN,NaN,NaN,NaN,NaN,NaN,NaN,NaN,NaN,NaN
46.918,46.832,NaN,NaN,NaN,NaN,NaN,NaN,NaN,NaN,NaN,NaN
47.101,46.846,NaN,NaN,NaN,NaN,NaN,NaN,NaN,NaN,NaN,NaN
47.2,46.843,NaN,NaN,NaN,NaN,NaN,NaN,NaN,NaN,NaN,NaN
47.351,46.823,NaN,NaN,NaN,NaN,NaN,NaN,NaN,NaN,NaN,NaN
47.515,46.827,NaN,NaN,NaN,NaN,NaN,NaN,NaN,NaN,NaN,NaN
47.686,46.821,NaN,NaN,NaN,NaN,NaN,NaN,NaN,NaN,NaN,NaN
47.803,46.806,NaN,NaN,NaN,NaN,NaN,NaN,NaN,NaN,NaN,NaN
47.99,46.793,NaN,NaN,NaN,NaN,NaN,NaN,NaN,NaN,NaN,NaN
48,46.793,NaN,NaN,NaN,NaN,NaN,NaN,NaN,NaN,NaN,NaN
48.142,46.805,NaN,NaN,NaN,NaN,NaN,NaN,NaN,NaN,NaN,NaN
48.3,46.789,NaN,NaN,NaN,NaN,NaN,NaN,NaN,NaN,NaN,NaN
48.5,46.786,NaN,NaN,NaN,NaN,NaN,NaN,NaN,NaN,NaN,NaN
48.7,46.776,NaN,NaN,NaN,NaN,NaN,NaN,NaN,NaN,NaN,NaN
48.8,46.78,NaN,NaN,NaN,NaN,NaN,NaN,NaN,NaN,NaN,NaN
48.917,46.774,NaN,NaN,NaN,NaN,NaN,NaN,NaN,NaN,NaN,NaN
49.098,46.743,NaN,NaN,NaN,NaN,NaN,NaN,NaN,NaN,NaN,NaN
49.2,46.733,NaN,NaN,NaN,NaN,NaN,NaN,NaN,NaN,NaN,NaN
49.4,46.746,NaN,NaN,NaN,NaN,NaN,NaN,NaN,NaN,NaN,NaN
49.6,46.739,NaN,NaN,NaN,NaN,NaN,NaN,NaN,NaN,NaN,NaN
49.851,46.726,NaN,NaN,NaN,NaN,NaN,NaN,NaN,NaN,NaN,NaN
50,46.709,NaN,NaN,NaN,NaN,NaN,NaN,NaN,NaN,NaN,NaN
50.116,46.707,NaN,NaN,NaN,NaN,NaN,NaN,NaN,NaN,NaN,NaN
50.335,46.707,NaN,NaN,NaN,NaN,NaN,NaN,NaN,NaN,NaN,NaN
50.4,46.696,NaN,NaN,NaN,NaN,NaN,NaN,NaN,NaN,NaN,NaN
50.519,46.685,NaN,NaN,NaN,NaN,NaN,NaN,NaN,NaN,NaN,NaN
50.701,46.716,NaN,NaN,NaN,NaN,NaN,NaN,NaN,NaN,NaN,NaN
50.863,46.7,NaN,NaN,NaN,NaN,NaN,NaN,NaN,NaN,NaN,NaN
51.026,46.682,NaN,NaN,NaN,NaN,NaN,NaN,NaN,NaN,NaN,NaN
51.2,46.673,NaN,NaN,NaN,NaN,NaN,NaN,NaN,NaN,NaN,NaN
51.309,46.672,NaN,NaN,NaN,NaN,NaN,NaN,NaN,NaN,NaN,NaN
51.501,46.65,NaN,NaN,NaN,NaN,NaN,NaN,NaN,NaN,NaN,NaN
51.697,46.64,NaN,NaN,NaN,NaN,NaN,NaN,NaN,NaN,NaN,NaN
51.839,46.642,NaN,NaN,NaN,NaN,NaN,NaN,NaN,NaN,NaN,NaN
52,46.64,NaN,NaN,NaN,NaN,NaN,NaN,NaN,NaN,NaN,NaN
