Time691,691K,Time713,713K,Time743,743K
-30,4.3635,-27,3.9691,-27,3.4801
-29.896,4.3604,-26.894,3.9669,-26.9,3.4721
-29.771,4.3691,-26.757,3.9563,-26.801,3.4958
-29.693,4.3737,-26.647,3.9491,-26.71,3.4918
-29.575,4.358,-26.593,3.9492,-26.682,3.4879
-29.496,4.3558,-26.5,3.9594,-26.599,3.4722
-29.393,4.3629,-26.4,3.9624,-26.5,3.4801
-29.296,4.3715,-26.3,3.9624,-26.4,3.4929
-29.2,4.3715,-26.2,3.9691,-26.269,3.4935
-29.1,4.3667,-26.1,3.9787,-26.1,3.4897
-29,4.3667,-26,3.9755,-26,3.4897
-28.9,4.3542,-26,3.9755,-25.638,3.4966
-28.785,4.3638,-25.888,3.9683,-25.5,3.512
-28.643,4.3758,-25.7,3.9594,-25.4,3.5024
-28.542,4.3751,-25.6,3.9755,-25.3,3.488
-28.484,4.3702,-25.501,3.9802,-25.2,3.4817
-28.4,4.3555,-25.5,3.9803,-25.1,3.4865
-28.3,4.3602,-25.4,3.9661,-25,3.4865
-28.2,4.3715,-25.3,3.9594,-24.9,3.504
-28.1,4.3699,-25.156,3.9674,-24.8,3.5184
-27.997,4.3716,-25,3.9739,-24.7,3.512
-27.895,4.3763,-25,3.9739,-24.6,3.5072
-27.718,4.3737,-24.9,3.9867,-24.5,3.5072
-27.6,4.3699,-24.801,3.9819,-24.4,3.5088
-27.5,4.3747,-24.7,3.9755,-24.299,3.5056
-27.4,4.3731,-24.6,3.9899,-24.194,3.5082
-27.299,4.3651,-24.5,4.0026,-24.063,3.5302
-27.194,4.3606,-24.402,3.9728,-24,3.5423
-26.997,4.3717,-24.371,3.97,-23.9,3.5486
-26.8,4.3795,-24.299,3.9645,-23.798,3.5375
-26.697,4.3876,-24.2,3.9963,-23.6,3.5407
-26.599,4.3922,-24.025,4.0086,-23.5,3.5439
-26.498,4.386,-24,4.0107,-23.4,3.5582
-26.398,4.3906,-23.9,4.009,-23.3,3.5662
-26.299,4.3843,-23.8,4.0138,-23.2,3.5805
-26.198,4.3893,-23.698,4.0235,-23.1,3.5917
-26.092,4.3996,-23.588,4.034,-23,3.5933
-26,4.3922,-23.5,4.0537,-22.9,3.5965
-25.9,4.3907,-23.4,4.0361,-22.703,3.6012
-25.701,4.3843,-23.3,4.0283,-22.649,3.6053
-25.601,4.389,-23.2,4.0522,-22.564,3.6144
-25.499,4.3987,-23.1,4.0714,-22.5,3.6236
-25.396,4.4015,-23,4.0888,-22.4,3.622
-25.245,4.3912,-22.9,4.0904,-22.297,3.6289
-25.2,4.3891,-22.799,4.0888,-22.198,3.6477
-25.095,4.3858,-22.7,4.0825,-22.097,3.662
-24.999,4.3844,-22.6,4.0937,-22,3.6698
-24.89,4.3987,-22.5,4.1302,-21.894,3.6716
-24.76,4.4162,-22.5,4.1303,-21.793,3.6754
-24.685,4.421,-22.4,4.1367,-21.6,3.6969
-24.501,4.4178,-22.301,4.1319,-21.505,3.7152
-24.4,4.4178,-22.201,4.1382,-21.5,3.716
-24.4,4.4178,-22.101,4.1478,-21.4,3.7352
-24.3,4.4402,-22.014,4.1698,-21.3,3.7367
-24.2,4.4545,-22,4.1734,-21.2,3.7447
-24.1,4.4529,-21.899,4.1894,-21.101,3.7575
-23.993,4.453,-21.773,4.1923,-21.002,3.773
-23.892,4.4557,-21.654,4.2016,-21,3.7734
-23.7,4.4832,-21.586,4.2118,-20.9,3.8069
-23.601,4.48,-21.5,4.2324,-20.827,3.8208
-23.6,4.48,-21.4,4.2468,-20.7,3.8388
-23.5,4.4816,-21.299,4.2596,-20.599,3.8483
-23.4,4.5023,-21.1,4.2691,-20.5,3.8451
-23.299,4.5121,-21,4.293,-20.4,3.8659
-23.19,4.5239,-21,4.293,-20.3,3.8882
-23.071,4.5325,-20.9,4.3122,-20.196,3.9015
-22.931,4.538,-20.77,4.3266,-20.096,3.9171
-22.805,4.5512,-20.623,4.3468,-20,3.9232
-22.8,4.5518,-20.582,4.3553,-19.9,3.9312
-22.693,4.5651,-20.5,4.3776,-19.803,3.9591
-22.598,4.5712,-20.374,4.4068,-19.701,3.9899
-22.5,4.5839,-20.294,4.4178,-19.637,3.9992
-22.4,4.6109,-20.2,4.4239,-19.545,4.0107
-22.3,4.6348,-20.1,4.4478,-19.5,4.0157
-22.2,4.6364,-20.006,4.4808,-19.4,4.0301
-22.1,4.6396,-20,4.4829,-19.3,4.054
-22,4.6603,-19.9,4.5084,-19.2,4.0857
-21.9,4.6859,-19.8,4.5164,-19.1,4.1097
-21.8,4.6923,-19.7,4.5276,-19,4.1145
-21.699,4.7035,-19.599,4.5484,-19,4.1145
-21.599,4.7194,-19.5,4.5658,-18.9,4.1272
-21.493,4.7297,-19.387,4.5999,-18.804,4.1578
-21.382,4.7449,-19.299,4.6264,-18.7,4.1862
-21.275,4.7742,-19.2,4.6344,-18.605,4.2089
-21.2,4.7959,-19.1,4.6567,-18.541,4.2206
-21.101,4.815,-19,4.6918,-18.5,4.2277
-20.906,4.8182,-19,4.6918,-18.4,4.2389
-20.802,4.8463,-18.9,4.7095,-18.3,4.2659
-20.716,4.8737,-18.8,4.7445,-18.2,4.2979
-20.603,4.9069,-18.7,4.7683,-18.101,4.3184
-20.552,4.9115,-18.6,4.7797,-18.002,4.342
-20.4,4.9252,-18.5,4.8019,-18,4.3425
-20.296,4.9518,-18.4,4.8369,-17.9,4.36
-20.179,4.981,-18.3,4.8737,-17.8,4.3854
-20.083,5.0016,-18.2,4.896,-17.712,4.4163
-19.901,5.0288,-18.1,4.9168,-17.676,4.4271
-19.802,5.0523,-18.006,4.9422,-17.583,4.4542
-19.731,5.0772,-18,4.9439,-17.5,4.486
-19.647,5.1031,-17.9,4.9822,-17.4,4.5226
-19.6,5.1167,-17.802,5.0102,-17.3,4.5401
-19.5,5.1294,-17.701,5.0235,-17.2,4.5625
-19.4,5.1454,-17.645,5.0377,-17.1,4.5942
-19.296,5.1785,-17.512,5.0984,-17.001,4.6324
-19.199,5.2094,-17.5,5.105,-17,4.6326
-19.098,5.2301,-17.4,5.1497,-16.899,4.6679
-19,5.2412,-17.301,5.1624,-16.8,4.7043
-18.898,5.2754,-17.211,5.1824,-16.7,4.7235
-18.8,5.3113,-17.181,5.1918,-16.6,4.7474
-18.7,5.3352,-17.088,5.2251,-16.505,4.802
-18.601,5.3796,-17,5.2518,-16.5,4.8047
-18.5,5.4053,-16.901,5.2931,-16.4,4.8508
-18.401,5.415,-16.8,5.3349,-16.337,4.861
-18.307,5.4433,-16.7,5.3635,-16.251,4.8723
-18.214,5.4767,-16.6,5.3954,-16.188,4.8809
-18.101,5.5197,-16.509,5.4362,-16.088,4.9084
-18,5.5538,-16.5,5.4401,-16,4.9578
-17.869,5.5977,-16.4,5.4799,-15.901,5.0082
-17.741,5.6416,-16.3,5.5166,-15.837,5.0238
-17.663,5.6723,-16.202,5.5603,-15.789,5.0371
-17.569,5.7089,-16.171,5.5673,-15.647,5.0938
-17.4,5.7452,-16.08,5.5877,-15.55,5.1332
-17.3,5.7754,-16,5.6092,-15.5,5.1523
-17.2,5.8121,-15.903,5.6605,-15.4,5.1937
-17.2,5.8122,-15.801,5.7062,-15.3,5.2415
-17.095,5.8657,-15.725,5.7316,-15.201,5.2843
-17,5.9113,-15.672,5.7514,-15.1,5.3278
-16.9,5.9399,-15.595,5.7844,-15,5.3674
-16.8,5.9749,-15.5,5.8358,-14.883,5.4096
-16.7,6.0324,-15.392,5.8964,-14.782,5.4454
-16.6,6.0803,-15.291,5.9559,-14.695,5.4824
-16.5,6.1089,-15.199,5.9942,-14.599,5.519
-16.403,6.1307,-15.097,6.0319,-14.5,5.5476
-16.4,6.1313,-15,6.0815,-14.4,5.6048
-16.3,6.1792,-14.9,6.115,-14.3,5.6735
-16.203,6.2379,-14.8,6.1661,-14.2,5.7211
-16.151,6.2638,-14.7,6.2378,-14.099,5.7681
-16.002,6.3297,-14.6,6.2855,-14,5.8249
-15.902,6.3667,-14.511,6.3168,-13.9,5.8841
-15.844,6.3993,-14.5,6.3208,-13.799,5.9338
-15.78,6.4384,-14.4,6.3479,-13.699,5.9798
-15.697,6.4933,-14.311,6.3978,-13.589,6.0422
-15.6,6.5397,-14.274,6.4213,-13.5,6.096
-15.5,6.5797,-14.182,6.482,-13.4,6.1692
-15.4,6.6146,-14.091,6.5315,-13.321,6.2211
-15.313,6.6603,-14,6.5793,-13.272,6.2441
-15.202,6.7206,-13.9,6.6321,-13.196,6.2703
-15.102,6.7528,-13.8,6.6941,-13.1,6.3159
-14.996,6.7968,-13.701,6.7368,-13,6.3972
-14.899,6.8368,-13.602,6.7874,-12.901,6.4781
-14.8,6.8924,-13.569,6.8129,-12.83,6.5275
-14.701,6.9571,-13.5,6.868,-12.755,6.5738
-14.62,7.0072,-13.386,6.9576,-12.6,6.6618
-14.563,7.0449,-13.29,7.0153,-12.507,6.7254
-14.45,7.1133,-13.196,7.0643,-12.5,6.7303
-14.31,7.1886,-13.001,7.212,-12.401,6.8121
-14.223,7.2408,-13,7.2127,-12.34,6.859
-14.153,7.2885,-12.9,7.2797,-12.273,6.9087
-14.074,7.3419,-12.8,7.3529,-12.191,6.9706
-14,7.3869,-12.692,7.4303,-12.1,7.0606
-13.9,7.4411,-12.592,7.5034,-12,7.1481
-13.805,7.5137,-12.5,7.562,-11.902,7.2168
-13.7,7.6003,-12.4,7.6401,-11.798,7.285
-13.618,7.6583,-12.3,7.7373,-11.7,7.3491
-13.572,7.6851,-12.203,7.8184,-11.6,7.4478
-13.493,7.7266,-12.104,7.8989,-11.5,7.5592
-13.399,7.7915,-12,7.9833,-11.5,7.5593
-13.289,7.8775,-11.899,8.0719,-11.399,7.6587
-13.2,7.9518,-11.8,8.1717,-11.277,7.7514
-13.1,8.038,-11.7,8.264,-11.17,7.8368
-13,8.1094,-11.621,8.3293,-11.079,7.9189
-12.9,8.1834,-11.52,8.4032,-11,7.9879
-12.799,8.2651,-11.5,8.4171,-10.9,8.0884
-12.7,8.3555,-11.4,8.5047,-10.801,8.2034
-12.596,8.4442,-11.317,8.6069,-10.708,8.3061
-12.499,8.5192,-11.271,8.6601,-10.671,8.3436
-12.4,8.601,-11.19,8.7486,-10.503,8.5082
-12.201,8.7804,-11,8.9198,-10.5,8.5109
-12.102,8.878,-10.903,9.0203,-10.4,8.6239
-12,8.9777,-10.798,9.1405,-10.3,8.7536
-11.9,9.0642,-10.698,9.2582,-10.175,8.8898
-11.8,9.1532,-10.599,9.3674,-10.084,8.9939
-11.7,9.2635,-10.5,9.4878,-10,9.1053
-11.6,9.3843,-10.401,9.6207,-9.8983,9.2398
-11.5,9.4913,-10.359,9.6671,-9.7984,9.3609
-11.399,9.5881,-10.254,9.7843,-9.6994,9.4791
-11.295,9.6919,-10.192,9.854,-9.5999,9.6059
-11.189,9.8079,-10.096,9.9885,-9.5001,9.7268
-11.097,9.9145,-10,10.118,-9.5,9.727
-10.999,10.021,-9.8985,10.254,-9.3985,9.8597
-10.9,10.127,-9.7999,10.391,-9.2952,10
-10.8,10.254,-9.7,10.515,-9.1994,10.139
-10.7,10.389,-9.6,10.625,-9.0984,10.302
-10.6,10.52,-9.5002,10.767,-9,10.468
-10.508,10.629,-9.5,10.767,-8.9001,10.635
-10.406,10.745,-9.4014,10.931,-8.8073,10.779
-10.312,10.865,-9.3175,11.067,-8.7179,10.926
-10.224,10.975,-9.2151,11.219,-8.6167,11.114
-10.101,11.146,-9.1794,11.274,-8.5783,11.186
-10.057,11.216,-9.0935,11.415,-8.5,11.331
-10,11.307,-9,11.586,-8.4005,11.494
-9.8104,11.57,-8.9013,11.735,-8.3023,11.669
-9.7747,11.625,-8.8009,11.905,-8.2792,11.715
-9.6055,11.899,-8.6983,12.083,-8.1826,11.912
-9.5122,12.044,-8.5984,12.261,-8,12.281
-9.4752,12.1,-8.5,12.452,-7.9006,12.492
-9.3966,12.22,-8.4012,12.63,-7.8005,12.709
-9.2988,12.394,-8.3031,12.821,-7.7001,12.929
-9.2,12.583,-8.2029,13.032,-7.6001,13.146
-9.0945,12.759,-8.1365,13.166,-7.5058,13.373
-8.9875,12.943,-8.0622,13.315,-7.5,13.387
-8.8811,13.14,-8,13.44,-7.4003,13.606
-8.7922,13.297,-7.8999,13.654,-7.2999,13.835
-8.6915,13.491,-7.793,13.893,-7.1996,14.101
-8.5016,13.887,-7.6746,14.166,-7.0995,14.367
-8.4167,14.061,-7.5007,14.557,-7,14.637
-8.4,14.096,-7.5,14.558,-6.8933,14.937
-8.302,14.284,-7.4,14.797,-6.7984,15.214
-8.21,14.478,-7.3003,15.077,-6.6978,15.512
-8.1191,14.682,-7.2043,15.328,-6.5871,15.848
-7.9999,14.95,-7.1003,15.582,-6.5,16.123
-7.8997,15.17,-7.04,15.742,-6.4006,16.456
-7.7989,15.404,-7,15.851,-6.3069,16.77
-7.6981,15.658,-6.9015,16.14,-6.2066,17.121
-7.6,15.916,-6.8,16.458,-6.1464,17.332
-7.4986,16.178,-6.7001,16.753,-6.0679,17.605
-7.3998,16.431,-6.6001,17.048,-6,17.838
-7.3,16.701,-6.5,17.369,-5.9,18.216
-7.2,16.97,-6.3856,17.749,-5.7995,18.621
-7.0989,17.255,-6.2779,18.113,-5.6992,19.047
-6.9971,17.559,-6.1766,18.463,-5.5942,19.502
-6.8991,17.848,-6.0848,18.785,-5.5,19.913
-6.8,18.16,-6,19.103,-5.3993,20.363
-6.6845,18.536,-5.9004,19.504,-5.3003,20.833
-6.5578,18.955,-5.8077,19.866,-5.2004,21.335
-6.4787,19.216,-5.7042,20.282,-5.1544,21.559
-6.3844,19.518,-5.6012,20.725,-5.0031,22.327
-6.2939,19.841,-5.5013,21.168,-5,22.343
-6.1953,20.231,-5.5,21.174,-4.9145,22.817
-6.0476,20.815,-5.3991,21.637,-4.8623,23.111
-6,21.005,-5.3,22.106,-4.7957,23.492
-5.9001,21.373,-5.2062,22.541,-4.6987,24.046
-5.8007,21.777,-5.1031,23.033,-4.6005,24.645
-5.7145,22.164,-5.0414,23.349,-4.5558,24.932
-5.6151,22.622,-5,23.565,-4.5,25.298
-5.5801,22.783,-4.8967,24.118,-4.4521,25.607
-5.4985,23.157,-4.7002,25.185,-4.3963,25.975
-5.334,23.881,-4.6251,25.636,-4.2999,26.6
-5.2724,24.169,-4.5636,26.009,-4.2568,26.904
-5.2,24.529,-4.5,26.4,-4.1966,27.339
-5.0984,25.051,-4.4031,26.978,-4.1,28.086
-4.9756,25.7,-4.3838,27.101,-4.0669,28.341
-4.8743,26.26,-4.2882,27.733,-4,28.867
-4.7907,26.744,-4.1966,28.368,-3.936,29.363
-4.6996,27.261,-4.1006,29.055,-3.8877,29.744
-4.6,27.825,-4.073,29.252,-3.7988,30.457
-4.5508,28.138,-4,29.785,-3.7057,31.209
-4.4062,29.088,-3.925,30.324,-3.6759,31.451
-4.4,29.13,-3.7979,31.28,-3.5966,32.103
-4.3006,29.775,-3.696,32.084,-3.5,32.926
-4.2142,30.359,-3.5957,32.88,-3.4509,33.338
-4.1391,30.88,-3.5001,33.651,-3.3824,33.922
-4.0453,31.545,-3.5,33.651,-3.299,34.636
-3.9617,32.147,-3.4435,34.097,-3.215,35.332
-3.8943,32.638,-3.3874,34.543,-3.1682,35.721
-3.7999,33.323,-3.2501,35.62,-3.0975,36.319
-3.7324,33.806,-3.1988,36.036,-3.0252,37.001
-3.658,34.35,-3.1013,36.777,-3,37.244
-3.6,34.784,-3.031,37.334,-2.9624,37.565
-3.5013,35.535,-3,37.585,-2.8994,38.114
-3.4836,35.662,-2.9136,38.315,-2.8265,38.695
-3.3992,36.275,-2.8867,38.54,-2.7888,39.003
-3.3054,36.926,-2.7999,39.252,-2.6991,39.768
-3.2437,37.382,-2.7486,39.655,-2.6528,40.141
-3.1426,38.16,-2.6988,40.053,-2.5974,40.595
-3.0963,38.525,-2.6012,40.787,-2.5125,41.33
-2.9999,39.215,-2.579,40.954,-2.5,41.439
-2.9377,39.688,-2.5,41.563,-2.4747,41.676
-2.8781,40.131,-2.4734,41.764,-2.3997,42.389
-2.8,40.678,-2.38,42.483,-2.3723,42.61
-2.7732,40.848,-2.2991,43.112,-2.2999,43.206
-2.6991,41.325,-2.2127,43.774,-2.2848,43.304
-2.6265,41.838,-2.1934,43.915,-2.1863,43.953
-2.5844,42.135,-2.1003,44.524,-2.1,44.533
-2.498,42.733,-2.0733,44.685,-2.0876,44.627
-2.4,43.463,-2,45.128,-2.0062,45.247
-2.3742,43.638,-1.9556,45.413,-2,45.295
-2.2994,44.148,-1.8979,45.788,-1.9775,45.461
-2.2459,44.447,-1.8033,46.391,-1.8998,46.045
-2.1881,44.767,-1.7941,46.443,-1.8865,46.122
-2.0995,45.23,-1.7,46.936,-1.801,46.619
-2.0219,45.681,-1.6804,47.024,-1.7926,46.662
-2,45.81,-1.5993,47.393,-1.7101,47.082
-1.9155,46.34,-1.5712,47.537,-1.6973,47.15
-1.8897,46.485,-1.5,47.902,-1.6583,47.372
-1.8,46.897,-1.4665,48.066,-1.5987,47.713
-1.7756,46.988,-1.3989,48.399,-1.5651,47.888
-1.6928,47.303,-1.3581,48.546,-1.5,48.232
-1.5641,47.825,-1.299,48.76,-1.4972,48.243
-1.4778,48.181,-1.2648,48.827,-1.4548,48.408
-1.3996,48.503,-1.1971,48.962,-1.3999,48.623
-1.3604,48.605,-1.1196,49.129,-1.3915,48.649
-1.2969,48.768,-1.0925,49.195,-1.3266,48.848
-1.205,48.929,-1.0017,49.476,-1.2996,48.932
-1.2,48.938,-1,49.482,-1.2818,48.978
-1.1249,49.073,-0.98547,49.506,-1.2001,49.195
-1.0829,49.145,-0.90021,49.646,-1.197,49.202
-0.99997,49.274,-0.89298,49.646,-1.1475,49.315
-0.97927,49.278,-0.81889,49.646,-1.0998,49.424
-0.90014,49.292,-0.7756,49.651,-1.0929,49.433
-0.85049,49.292,-0.69991,49.666,-1.0473,49.489
-0.79587,49.297,-0.68908,49.679,-1,49.548
-0.72328,49.373,-0.60078,49.787,-0.99867,49.548
-0.60901,49.498,-0.58553,49.801,-0.97974,49.551
-0.58951,49.512,-0.50025,49.878,-0.90014,49.565
-0.50005,49.552,-0.5,49.879,-0.89799,49.566
-0.48709,49.549,-0.48711,49.882,-0.87226,49.583
-0.4,49.533,-0.40104,49.902,-0.80005,49.629
-0.35392,49.543,-0.39206,49.902,-0.7991,49.631
-0.27379,49.565,-0.30001,49.894,-0.78473,49.655
-0.19831,49.593,-0.29228,49.897,-0.74305,49.725
-0.10065,49.64,-0.20202,49.929,-0.70079,49.796
-0.04492,49.677,-0.19413,49.936,-0.69904,49.798
0.00175,49.706,-0.12364,50.009,-0.67664,49.827
0.05728,49.698,-0.09884,50.033,-0.60158,49.925
0.13255,49.69,-0.07034,50.039,-0.59992,49.927
0.20909,49.686,0,50.053,-0.59688,49.927
0.30878,49.667,0,50.053,-0.57932,49.927
0.4,49.644,0.00338,50.052,-0.51578,49.928
0.41681,49.646,0.06273,50.026,-0.5,49.928
0.51585,49.657,0.10032,50.009,-0.49586,49.927
0.60632,49.67,0.11647,50.009,-0.49109,49.927
0.69944,49.67,0.19914,50.009,-0.48632,49.927
0.73663,49.667,0.21181,50.01,-0.48155,49.926
0.81863,49.659,0.3019,50.013,-0.47678,49.926
0.90088,49.644,0.36025,50.018,-0.46997,49.926
0.96155,49.639,0.40774,50.021,-0.41382,49.922
1.0618,49.63,0.49994,50.021,-0.39982,49.921
1.1195,49.621,0.5,50.021,-0.3897,49.924
1.2,49.603,0.51509,50.02,-0.32079,49.95
1.2405,49.59,0.59971,50.013,-0.21712,49.99
1.3185,49.566,0.60548,50.012,-0.19568,49.999
1.4007,49.545,0.68714,49.989,-0.13558,50.022
1.4457,49.545,0.70193,49.985,-0.09992,50.036
1.5148,49.545,0.76006,49.964,-0.09206,50.038
1.6006,49.548,0.80108,49.95,-0.02803,50.058
1.6351,49.541,0.83014,49.95,0,50.068
1.71,49.525,0.90001,49.95,0.00139,50.068
1.8012,49.512,0.90546,49.949,0.02127,50.067
1.8418,49.516,0.97784,49.935,0.09464,50.066
1.9099,49.523,1,49.93,0.10446,50.067
1.9999,49.526,1.0166,49.926,0.15822,50.074
2,49.526,1.1001,49.903,0.20008,50.084
2.0166,49.523,1.1143,49.9,0.20224,50.086
2.1003,49.508,1.1999,49.883,0.2244,50.102
2.1257,49.498,1.2128,49.882,0.29949,50.168
2.2013,49.471,1.2997,49.872,0.30266,50.171
2.2546,49.467,1.3102,49.872,0.34478,50.216
2.3081,49.464,1.3995,49.872,0.40001,50.287
2.3999,49.464,1.4054,49.871,0.40125,50.288
2.4111,49.462,1.4739,49.863,0.4153,50.303
2.5006,49.449,1.5,49.86,0.47573,50.384
2.5324,49.451,1.5084,49.858,0.5,50.424
2.603,49.453,1.5987,49.829,0.57589,50.59
2.6822,49.465,1.6052,49.828,0.60077,50.661
2.7015,49.468,1.6861,49.813,0.61594,50.708
2.7493,49.462,1.7005,49.81,0.66084,50.873
2.8,49.457,1.7234,49.811,0.6908,51.01
2.8181,49.453,1.781,49.814,0.70134,51.064
2.9012,49.435,1.8386,49.816,0.70931,51.108
2.9398,49.432,1.8961,49.819,0.73233,51.249
3.0049,49.427,1.9027,49.819,0.74861,51.362
3.1001,49.417,1.9452,49.809,0.7609,51.456
3.1346,49.414,2,49.797,0.77108,51.541
3.2026,49.409,2.0238,49.791,0.78034,51.623
3.2995,49.398,2.1,49.771,0.79008,51.716
3.303,49.398,2.1023,49.77,0.80205,51.84
3.3728,49.38,2.1414,49.766,0.82396,52.101
3.4023,49.373,2.2014,49.76,0.8492,52.469
3.4485,49.371,2.248,49.752,0.86599,52.767
3.5067,49.369,2.3016,49.743,0.87755,53.002
3.6,49.369,2.3382,49.74,0.88652,53.204
3.7007,49.369,2.4024,49.734,0.89531,53.423
3.734,49.364,2.4682,49.731,0.90322,53.638
3.8001,49.355,2.5,49.73,0.91099,53.869
3.8092,49.351,2.5077,49.729,0.92984,54.522
3.8999,49.318,2.5884,49.72,0.94015,54.944
3.9131,49.315,2.6016,49.719,0.94726,55.262
3.9998,49.297,2.6307,49.72,0.95613,55.693
4.0091,49.295,2.7001,49.724,0.96318,56.059
4.1275,49.283,2.7128,49.724,0.96841,56.344
4.2089,49.274,2.8002,49.723,0.97305,56.604
4.3,49.268,2.8075,49.722,0.97768,56.871
4.3089,49.268,2.8686,49.712,0.98232,57.142
4.3999,49.271,2.9019,49.707,0.99667,58.009
4.4,49.271,2.9495,49.697,1,58.215
4.4061,49.27,3,49.686,1.0008,58.265
4.4841,49.259,3.0022,49.686,1.0093,58.792
4.5012,49.256,3.0336,49.687,1.0199,59.469
4.5356,49.245,3.1013,49.69,1.027,59.923
4.6013,49.224,3.1305,49.691,1.0327,60.288
4.6602,49.209,3.2,49.693,1.0383,60.636
4.7001,49.199,3.2052,49.692,1.0468,61.136
4.7106,49.199,3.258,49.687,1.055,61.566
4.7999,49.195,3.3007,49.683,1.0621,61.894
4.8139,49.195,3.3203,49.684,1.069,62.168
4.8999,49.196,3.4,49.688,1.0799,62.512
4.9029,49.195,3.4186,49.69,1.086,62.665
4.9474,49.185,3.5,49.7,1.0944,62.841
5.0005,49.174,3.5058,49.702,1.1,62.941
5.0289,49.165,3.5697,49.718,1.1018,62.97
5.1001,49.142,3.6044,49.727,1.1122,63.122
5.1098,49.14,3.6725,49.745,1.1242,63.27
5.2,49.124,3.7006,49.753,1.1316,63.352
5.2,49.124,3.7154,49.755,1.1385,63.424
5.208,49.123,3.7974,49.77,1.147,63.509
5.2969,49.117,3.8056,49.772,1.1672,63.7
5.3112,49.116,3.8647,49.791,1.1858,63.873
5.4002,49.106,3.9002,49.804,1.1997,64.003
5.4256,49.102,3.9086,49.806,1.2008,64.014
5.5,49.088,3.975,49.826,1.2081,64.086
5.5261,49.085,4,49.834,1.2416,64.424
5.6004,49.074,4.0062,49.837,1.2772,64.817
5.6418,49.07,4.0593,49.863,1.3067,65.18
5.703,49.064,4.1002,49.884,1.3472,65.757
5.7787,49.058,4.1173,49.894,1.3727,66.187
5.8132,49.057,4.1999,49.944,1.392,66.56
5.9654,49.052,4.2058,49.948,1.4001,66.729
6,49.051,4.2629,49.995,1.4043,66.822
6.0109,49.049,4.3002,50.029,1.4338,67.562
6.124,49.029,4.3079,50.037,1.4489,68.027
6.2004,49.016,4.3536,50.088,1.4489,68.027
6.227,49.014,4.3997,50.146,1.4489,68.027
6.3005,49.009,4.4017,50.148,1.449,68.027
6.3371,49.006,4.4246,50.175,1.449,68.029
6.4014,48.999,4.4996,50.276,1.4491,68.034
6.449,48.991,4.5,50.276,1.4495,68.044
6.5003,48.982,4.5047,50.283,1.4507,68.086
6.5202,48.977,4.5469,50.345,1.4528,68.156
6.6,48.954,4.6002,50.435,1.4562,68.275
6.6054,48.954,4.6116,50.455,1.4623,68.502
6.6638,48.951,4.6752,50.58,1.479,69.215
6.7012,48.948,4.7004,50.636,1.4914,69.874
6.735,48.951,4.7101,50.661,1.4997,70.396
6.8,48.957,4.7617,50.805,1.5,70.418
6.8035,48.956,4.8001,50.927,1.5035,70.665
6.8494,48.947,4.8031,50.938,1.5128,71.436
6.9007,48.936,4.8251,51.021,1.5182,71.971
6.9257,48.934,4.8875,51.292,1.5224,72.456
7,48.927,4.9006,51.357,1.5256,72.871
7.012,48.927,4.9102,51.405,1.5315,73.8
7.0998,48.925,4.9335,51.529,1.5352,74.517
7.102,48.925,5,51.957,1.5377,75.078
7.1393,48.919,5,51.958,1.5414,76.116
7.2004,48.909,5.0011,51.966,1.5442,77.084
7.2271,48.906,5.0136,52.058,1.5458,77.784
7.398,48.891,5.0511,52.372,1.547,78.332
7.4036,48.891,5.0796,52.659,1.549,79.522
7.469,48.88,5.097,52.861,1.5512,81.248
7.5014,48.876,5.1004,52.901,1.5527,82.791
7.5336,48.874,5.1079,52.997,1.5532,83.438
7.6,48.871,5.1368,53.413,1.5538,84.249
7.701,48.866,5.171,54.044,1.5546,85.572
7.724,48.862,5.1858,54.379,1.5555,87.322
7.8,48.848,5.1927,54.553,1.556,88.525
7.8053,48.848,5.2001,54.751,1.5566,90.31
7.8646,48.847,5.204,54.862,1.557,91.615
7.9048,48.847,5.2193,55.344,1.5573,92.456
7.9968,48.851,5.2308,55.764,1.5575,93.263
8.0058,48.851,5.2462,56.409,1.5577,94.109
8.0145,48.852,5.2549,56.82,1.5579,94.833
8.0233,48.852,5.2614,57.154,1.5579,95.213
8.0321,48.853,5.2718,57.726,1.558,95.571
8.0409,48.854,5.2879,58.714,1.5581,95.81
8.0497,48.854,5.2961,59.261,1.5581,96.043
8.0584,48.855,5.3,59.53,1.5582,96.224
8.0672,48.856,5.3011,59.606,1.5582,96.295
8.076,48.856,5.3086,60.149,1.5583,96.503
8.0848,48.857,5.3157,60.689,1.5583,96.541
8.0936,48.858,5.3276,61.644,1.5583,96.542
8.1001,48.858,5.3405,62.751,1.5583,96.557
8.1056,48.857,5.3474,63.349,1.5583,96.728
8.159,48.852,5.3532,63.831,1.5584,97.04
8.2002,48.848,5.3584,64.229,1.5584,97.313
8.2109,48.844,5.3631,64.558,1.5585,97.808
8.2763,48.824,5.3694,64.948,1.5586,98.279
8.3007,48.816,5.3762,65.299,1.5587,98.653
8.3178,48.814,5.3809,65.497,1.5588,99.016
8.3993,48.803,5.389,65.782,1.559,100.13
8.4,48.803,5.3946,65.942,1.5592,101.15
8.4021,48.803,5.3994,66.062,1.5592,101.37
8.4251,48.807,5.4003,66.083,1.5593,101.73
8.5,48.819,5.4046,66.177,1.5595,103.17
8.5024,48.819,5.4133,66.346,1.5597,104.25
8.5331,48.818,5.4212,66.484,1.5599,105.12
8.6,48.817,5.4254,66.554,1.56,105.82
8.6056,48.816,5.4297,66.622,1.5601,106.74
8.6533,48.805,5.4363,66.727,1.5604,108.67
8.7004,48.794,5.4419,66.812,1.5605,109.87
8.7264,48.787,5.4474,66.896,1.5606,110.78
8.8003,48.768,5.4618,67.117,1.5607,111.46
8.8128,48.767,5.4795,67.392,1.5609,113.42
8.8914,48.761,5.4959,67.662,1.561,115.35
8.9004,48.761,5.5,67.731,1.5611,116.74
8.9123,48.763,5.5012,67.752,1.5612,117.64
8.9907,48.78,5.5109,67.92,1.5613,119.07
9.0038,48.783,5.5323,68.323,1.5613,120.1
9.0765,48.797,5.5476,68.641,1.5614,120.94
9.1014,48.801,5.5618,68.968,1.5614,121.65
9.1233,48.799,5.5747,69.298,1.5615,122.31
9.1982,48.792,5.5987,70.019,1.5615,122.99
9.2,48.791,5.6002,70.071,1.5616,125.14
9.2026,48.791,5.6039,70.201,1.5617,126.89
9.2334,48.78,5.6096,70.412,1.5617,128.17
9.3,48.758,5.6096,70.413,1.5618,129.82
9.3015,48.758,5.6096,70.413,1.5618,131.46
9.3197,48.758,5.6097,70.415,1.5618,132.45
9.3966,48.76,5.6098,70.419,1.5619,133.39
9.4046,48.761,5.61,70.428,1.5619,135.55
9.4615,48.769,5.611,70.464,1.562,138.29
9.5007,48.774,5.6127,70.531,1.562,139.78
9.5172,48.774,5.6156,70.649,1.562,141.08
9.5999,48.774,5.6221,70.93,1.562,142.59
9.6083,48.774,5.6379,71.727,1.562,143.48
9.6962,48.772,5.6499,72.492,1.5621,144.26
9.7026,48.772,5.6585,73.159,1.5621,144.95
9.7381,48.775,5.6658,73.855,1.5621,146.61
9.8013,48.781,5.6714,74.485,1.5621,148.3
9.8458,48.787,5.6753,75.001,1.5622,149.33
9.9002,48.795,5.6792,75.612,1.5622,149.91
9.9108,48.795,5.6844,76.595,1.5622,150.45
9.9988,48.799,5.6869,77.161,1.5622,151.04
10,48.799,5.6882,77.505,1.5622,151.66
10.006,48.798,5.6909,78.293,1.5622,152.18
10.068,48.795,5.6926,78.886,1.5622,152.63
10.102,48.793,5.6942,79.509,1.5622,153.15
10.151,48.792,5.6954,80.073,1.5622,153.74
10.3,48.792,5.6966,80.685,1.5622,154.32
10.305,48.793,5.6977,81.329,1.5622,154.9
10.362,48.8,5.6987,82.004,1.5622,155.49
10.4,48.804,5.6996,82.712,1.5623,156.07
10.403,48.803,5.7001,83.152,1.5623,156.68
10.432,48.796,5.7007,83.697,1.5623,158.39
10.5,48.779,5.7013,84.266,1.5623,159.41
10.501,48.779,5.7018,84.835,1.5623,160.66
10.515,48.781,5.7026,85.886,1.5623,161.93
10.583,48.794,5.7033,86.913,1.5624,162.75
10.6,48.797,5.7037,87.712,1.5624,163.93
10.607,48.802,5.7041,88.411,1.5624,165.01
10.647,48.831,5.7044,89.132,1.5624,165.98
10.7,48.871,5.7047,89.927,1.5624,167.1
10.701,48.871,5.7051,90.805,1.5624,168.02
10.71,48.872,5.7054,91.711,1.5624,169
10.757,48.877,5.7057,92.672,1.5625,170.32
10.8,48.882,5.706,93.684,1.5625,171.09
10.805,48.881,5.7062,94.438,1.5625,171.69
10.853,48.879,5.7064,95.059,1.5625,172.26
10.901,48.877,5.7066,96.192,1.5625,172.76
10.918,48.878,5.7068,97.056,1.5625,173.33
11,48.885,5.707,97.832,1.5626,174.53
11.003,48.886,5.7071,98.317,1.5626,175.66
11.034,48.895,5.7071,98.612,1.5626,176.52
11.165,48.938,5.7072,98.809,1.5626,177.02
11.2,48.951,5.7072,99.068,1.5626,177.51
11.212,48.954,5.7073,99.324,1.5627,178.71
11.298,48.976,5.7073,99.541,1.5627,179.56
11.306,48.977,5.7073,99.629,1.5627,180.51
11.357,48.986,5.7074,99.834,1.5628,181.21
11.5,49.016,5.7074,99.874,1.5628,181.75
11.503,49.017,5.7074,99.875,1.5628,182.23
11.535,49.029,5.7074,99.905,1.5628,182.67
11.6,49.055,5.7074,100.14,1.5629,183.07
11.603,49.056,5.7075,100.56,1.5629,183.45
11.633,49.075,5.7076,101.02,1.5629,183.79
11.7,49.119,5.7077,101.35,1.5629,184.1
11.703,49.12,5.7077,101.58,1.563,184.36
11.736,49.139,5.7078,102.06,1.563,185.14
11.8,49.177,5.7079,102.98,1.5631,185.74
11.806,49.179,5.7081,103.72,1.5631,186.07
11.852,49.196,5.7082,104.3,1.5632,186.35
11.9,49.215,5.7083,104.86,1.5632,186.6
11.914,49.22,5.7084,105.4,1.5633,186.81
12,49.251,5.7084,105.85,1.5633,187.01
12.005,49.253,5.7085,106.24,1.5634,187.21
12.046,49.274,5.7086,106.6,1.5634,187.43
12.1,49.303,5.7086,107.05,1.5635,187.6
12.101,49.304,5.7087,107.7,1.5636,187.74
12.118,49.317,5.7088,108.38,1.5636,187.86
12.194,49.379,5.7089,109.04,1.5636,187.95
12.201,49.385,5.709,109.69,1.5637,188.06
12.22,49.4,5.7091,110.31,1.5637,188.16
12.3,49.466,5.7093,111.86,1.5638,188.24
12.302,49.468,5.7095,113.52,1.5639,188.43
12.321,49.482,5.7096,114.52,1.5641,188.68
12.399,49.543,5.7097,115.3,1.5642,188.9
12.4,49.543,5.7097,115.96,1.5644,189.08
12.408,49.55,5.7098,116.86,1.5645,189.21
12.493,49.621,5.71,119.12,1.5647,189.37
12.5,49.628,5.7101,120.81,1.565,189.73
12.51,49.638,5.7102,122,1.5653,190.03
12.566,49.699,5.7105,125.92,1.5656,190.27
12.6,49.738,5.7106,128.69,1.5658,190.49
12.612,49.754,5.7106,130.27,1.566,190.69
12.691,49.861,5.7107,131.36,1.5663,190.93
12.701,49.876,5.7108,134.2,1.5667,191.25
12.717,49.898,5.7108,136.5,1.5671,191.55
12.799,50.015,5.7109,136.77,1.5676,191.92
12.808,50.028,5.7109,138.95,1.5681,192.25
12.886,50.158,5.711,140.71,1.5685,192.51
12.902,50.187,5.711,141.91,1.5689,192.76
12.932,50.241,5.711,142.76,1.5693,192.99
13.087,50.572,5.711,143.43,1.5697,193.23
13.101,50.607,5.711,144.04,1.5703,193.53
13.126,50.673,5.711,144.53,1.5708,193.79
13.2,50.888,5.711,145.09,1.5713,194.01
13.204,50.9,5.7111,145.6,1.5718,194.21
13.232,50.987,5.7111,146.18,1.5722,194.38
13.3,51.225,5.7111,148.28,1.5726,194.55
13.301,51.229,5.7111,149.58,1.573,194.7
13.313,51.279,5.7112,150.53,1.5735,194.85
13.383,51.592,5.7112,151.39,1.5739,194.99
13.401,51.686,5.7112,153.53,1.5743,195.12
13.418,51.778,5.7112,155.11,1.5748,195.24
13.477,52.141,5.7112,156.05,1.5752,195.35
13.5,52.308,5.7113,156.77,1.5756,195.45
13.51,52.379,5.7113,157.38,1.5774,195.86
13.551,52.724,5.7113,157.92,1.579,196.13
13.6,53.222,5.7113,159.45,1.5802,196.3
13.603,53.251,5.7113,160.68,1.5819,196.5
13.614,53.391,5.7113,161.21,1.584,196.67
13.653,53.94,5.7113,161.72,1.586,196.81
13.689,54.582,5.7113,162.23,1.5877,196.89
13.7,54.824,5.7114,162.66,1.5892,196.95
13.705,54.943,5.7114,163.08,1.5916,197.02
13.727,55.483,5.7114,164.49,1.5943,197.08
13.738,55.825,5.7114,165,1.5986,197.14
13.757,56.438,5.7114,165.66,1.6019,197.17
13.781,57.41,5.7114,166.47,1.6045,197.18
13.794,58.052,5.7114,167.4,1.6072,197.2
13.8,58.398,5.7114,168.49,1.6111,197.21
13.803,58.563,5.7115,169.67,1.6159,197.23
13.806,58.71,5.7115,172.21,1.6208,197.24
13.808,58.847,5.7115,174,1.6256,197.25
13.811,59.014,5.7116,175.25,1.6297,197.26
13.817,59.388,5.7116,176.17,1.6325,197.26
13.824,59.776,5.7116,176.78,1.637,197.27
13.829,60.175,5.7116,177.21,1.6428,197.28
13.835,60.594,5.7116,178.28,1.6505,197.3
13.841,60.993,5.7117,179.36,1.6608,197.32
13.845,61.344,5.7117,180.15,1.6711,197.34
13.849,61.67,5.7117,180.62,1.6814,197.36
13.854,62.036,5.7117,181.03,1.6917,197.37
13.858,62.423,5.7117,181.43,1.7012,197.39
13.863,62.824,5.7117,181.79,1.7067,197.4
13.866,63.19,5.7117,182.13,1.7158,197.42
13.875,64.059,5.7117,182.59,1.7248,197.43
13.883,64.808,5.7118,182.99,1.7338,197.44
13.889,65.381,5.7118,183.38,1.7516,197.47
13.894,65.81,5.7118,183.68,1.7841,197.52
13.898,66.102,5.7118,183.95,1.8039,197.55
13.9,66.27,5.7118,184.56,1.822,197.57
13.902,66.421,5.7119,185.21,1.8801,197.64
13.911,66.944,5.7119,185.73,1.9065,197.66
13.918,67.214,5.7119,186.13,1.9222,197.68
13.923,67.397,5.7119,186.5,1.938,197.69
13.928,67.554,5.712,187.48,1.9538,197.7
13.939,67.843,5.7121,188.84,1.9696,197.72
13.946,68.004,5.7122,189.58,1.9853,197.73
13.952,68.124,5.7122,190.1,2,197.74
13.955,68.187,5.7123,190.41,2.0161,197.75
13.963,68.35,5.7124,190.64,2.0319,197.76
13.975,68.582,5.7124,190.85,2.0477,197.77
13.987,68.812,5.7124,191.06,2.0635,197.78
14,69.075,5.7125,191.28,2.0792,197.79
14.004,69.148,5.7126,191.45,2.095,197.8
14.026,69.636,5.7126,191.59,2.1011,197.8
14.052,70.31,5.7127,191.71,2.1491,197.85
14.068,70.81,5.7127,191.82,2.2013,197.89
14.084,71.38,5.7128,191.92,2.2489,197.94
14.089,71.607,5.7128,192.02,2.3002,197.98
14.089,71.607,5.7129,192.11,2.3116,197.98
14.089,71.607,5.7129,192.19,2.3998,197.99
14.089,71.608,5.713,192.32,2.4132,197.99
14.089,71.611,5.7132,192.63,2.5,197.99
14.09,71.617,5.7133,192.83,2.5193,198
14.09,71.633,5.7134,192.96,2.679,198.06
14.091,71.683,5.7135,193.07,2.7071,198.06
14.093,71.776,5.7136,193.18,2.7995,198.04
14.097,71.942,5.7139,193.43,2.8043,198.04
14.1,72.102,5.7142,193.78,2.896,197.98
14.104,72.301,5.7145,194.1,2.9082,197.97
14.121,73.28,5.7148,194.35,3,197.94
14.132,74.18,5.7151,194.61,3,197.94
14.138,74.762,5.7155,194.95,3.0096,197.94
14.143,75.304,5.7158,195.27,3.0998,197.94
14.146,75.736,5.7161,195.51,3.1118,197.94
14.152,76.562,5.7164,195.71,3.2001,197.98
14.156,77.295,5.7166,195.88,3.213,197.98
14.159,77.926,5.7172,196.31,3.3,197.99
14.16,78.371,5.7181,196.87,3.3089,197.99
14.162,78.853,5.7188,197.31,3.3998,197.95
14.164,79.392,5.7194,197.65,3.4171,197.93
14.165,79.901,5.72,197.97,3.5,197.85
14.167,80.462,5.7206,198.27,3.5239,197.83
14.168,81.056,5.7212,198.54,3.5836,197.76
14.169,81.595,5.7218,198.8,3.6085,197.73
14.17,82.186,5.7224,199.02,3.6989,197.64
14.171,82.997,5.7229,199.19,3.7011,197.64
14.173,84.212,5.7237,199.48,3.729,197.64
14.174,85.111,5.7255,199.98,3.8015,197.64
14.174,85.977,5.7273,200.38,3.8552,197.63
14.175,86.72,5.7291,200.7,3.9024,197.62
14.175,87.437,5.7305,200.91,3.971,197.56
14.176,88.244,5.7314,201.02,4,197.54
14.176,89.094,5.7322,201.11,4.0162,197.52
14.177,89.846,5.7329,201.18,4.1009,197.43
14.177,90.584,5.7336,201.24,4.1508,197.37
14.178,91.842,5.7345,201.31,4.2008,197.31
14.178,93.086,5.737,201.47,4.2279,197.3
14.178,94.947,5.7395,201.59,4.3011,197.29
14.179,96.129,5.7419,201.67,4.3523,197.26
14.179,97.022,5.7444,201.73,4.4011,197.24
14.179,97.79,5.7468,201.77,4.4606,197.18
14.179,98.515,5.7491,201.8,4.5,197.14
14.179,99.251,5.7513,201.83,4.5236,197.13
14.18,99.853,5.7535,201.84,4.6041,197.08
14.18,100.2,5.7556,201.86,4.6999,197.02
14.18,100.42,5.757,201.87,4.7176,197
14.18,100.68,5.7605,201.88,4.8001,196.9
14.18,100.88,5.7654,201.9,4.8123,196.89
14.18,101.1,5.7703,201.91,4.9002,196.84
14.18,101.21,5.7752,201.92,4.9234,196.82
14.18,101.34,5.7801,201.94,5,196.76
14.18,101.45,5.7851,201.95,5.1043,196.67
14.18,101.51,5.7915,201.96,5.2379,196.61
14.18,101.51,5.8003,201.98,5.3009,196.59
14.18,101.52,5.8056,201.99,5.3373,196.54
14.18,101.63,5.8097,202,5.5,196.35
14.18,102.02,5.8132,202,5.5066,196.35
14.18,102.54,5.8164,202.01,5.5989,196.32
14.18,103.03,5.8254,202.02,5.6241,196.31
14.18,103.46,5.8378,202.05,5.7002,196.28
14.18,104.5,5.8502,202.07,5.7137,196.26
14.181,105.81,5.8626,202.09,5.8001,196.14
14.181,106.65,5.8749,202.11,5.8106,196.14
14.181,107.5,5.8873,202.13,5.8994,196.12
14.181,109.2,5.9,202.15,5.9101,196.12
14.181,110.17,5.9043,202.16,6,196.12
14.181,111.01,5.9351,202.23,6.0096,196.11
14.181,112.22,5.9615,202.28,6.1002,196.04
14.182,113.03,5.9823,202.32,6.1316,196.03
14.182,113.7,6,202.36,6.2025,196
14.182,114.25,6.0085,202.38,6.2993,195.94
14.182,115.62,6.0184,202.4,6.3047,195.93
14.182,116.72,6.0864,202.55,6.3882,195.81
14.182,117.63,6.1058,202.59,6.4042,195.78
14.182,118.38,6.1806,202.76,6.4946,195.7
14.182,119.4,6.2016,202.8,6.5,195.7
14.182,120.21,6.2604,202.9,6.5024,195.7
14.182,121.53,6.3036,202.96,6.5487,195.73
14.183,122.76,6.3999,203.07,6.6025,195.76
14.183,123.83,6.4114,203.07,6.6777,195.75
14.183,124.78,6.5,203.1,6.7028,195.74
14.183,125.52,6.5,203.1,6.7668,195.69
14.183,126.18,6.5239,203.11,6.827,195.63
14.183,127.11,6.6001,203.14,6.903,195.55
14.183,128.34,6.6127,203.15,6.9991,195.42
14.183,129.35,6.7,203.22,7,195.42
14.183,130.91,6.7044,203.22,7.0039,195.42
14.183,132.63,6.7803,203.32,7.0824,195.4
14.183,134.94,6.8015,203.34,7.1055,195.4
14.183,136.46,6.8556,203.38,7.2001,195.42
14.183,137.96,6.9008,203.41,7.2205,195.41
14.183,139.46,6.932,203.41,7.3001,195.4
14.183,139.74,7,203.4,7.3136,195.39
14.183,140.96,7.0155,203.4,7.4,195.3
14.183,141.97,7.1003,203.41,7.4176,195.28
14.183,142.92,7.114,203.42,7.5,195.22
14.183,143.8,7.2,203.46,7.5211,195.21
14.183,144.75,7.2154,203.47,7.7988,195.09
14.183,146.39,7.3008,203.48,7.8134,195.09
14.183,148.1,7.3302,203.5,7.8999,195.09
14.183,149.19,7.4011,203.53,7.9063,195.08
14.184,149.96,7.4455,203.52,7.9991,195.01
14.184,150.63,7.5,203.5,8,195.01
14.184,151.25,7.515,203.49,8.0051,195
14.184,153.11,7.6003,203.4,8.0729,194.87
14.184,154.13,7.6271,203.39,8.1016,194.82
14.184,154.87,7.7004,203.34,8.1385,194.79
14.184,156.46,7.7202,203.35,8.2021,194.74
14.184,158.06,7.8018,203.37,8.2597,194.73
14.184,159.38,7.8492,203.39,8.3053,194.73
14.184,160.59,7.9003,203.41,8.3999,194.73
14.184,161.52,7.9212,203.41,8.433,194.72
14.184,162.58,8,203.4,8.5,194.71
14.184,163.75,8.0483,203.38,8.5238,194.71
14.184,164.64,8.1124,203.36,8.6003,194.68
14.184,165.81,8.2027,203.34,8.6189,194.66
14.184,166.82,8.2944,203.31,8.7005,194.56
14.184,167.61,8.3177,203.3,8.7545,194.49
14.184,168.26,8.4002,203.25,8.8007,194.43
14.184,168.91,8.421,203.25,8.8212,194.43
14.184,169.55,8.5,203.24,8.9999,194.43
14.184,170.19,8.5167,203.24,9,194.43
14.184,170.89,8.6017,203.26,9.0132,194.42
14.184,171.6,8.6529,203.25,9.1,194.35
14.184,172.21,8.7032,203.24,9.1225,194.33
14.184,172.76,8.7928,203.2,9.2031,194.26
14.184,173.28,8.8152,203.18,9.2968,194.22
14.184,173.79,8.9009,203.12,9.3102,194.22
14.184,174.26,8.9387,203.11,9.3999,194.19
14.184,174.7,9,203.1,9.4317,194.19
14.184,175.11,9.2005,203.06,9.5,194.18
14.184,175.46,9.2468,203.04,9.5247,194.16
14.184,175.78,9.3064,203.02,9.6015,194.13
14.184,176.07,9.4004,202.97,9.6616,194.08
14.184,176.35,9.4319,202.97,9.7014,194.04
14.184,176.6,9.5,202.96,9.7653,193.95
14.184,176.85,9.5049,202.96,9.801,193.91
14.184,177.08,9.596,202.88,9.8357,193.89
14.184,177.44,9.6217,202.86,9.9028,193.86
14.184,178.01,9.7005,202.78,9.9993,193.85
14.184,179.33,9.7213,202.77,10,193.85
14.184,180.62,9.8004,202.74,10.024,193.84
14.184,181.56,9.8398,202.74,10.102,193.82
14.184,182.15,10,202.72,10.199,193.8
14.184,182.58,10.006,202.72,10.204,193.8
14.184,183.26,10.095,202.62,10.299,193.73
14.184,183.86,10.103,202.61,10.305,193.72
14.184,184.64,10.166,202.59,10.4,193.61
14.184,185.18,10.3,202.56,10.411,193.6
14.184,185.67,10.324,202.54,10.5,193.52
14.184,186.09,10.4,202.48,10.506,193.52
14.184,186.44,10.414,202.48,10.597,193.55
14.184,186.78,10.5,202.48,10.618,193.55
14.184,187.06,10.5,202.48,10.702,193.55
14.184,187.34,10.512,202.47,10.763,193.51
14.184,187.6,10.692,202.37,10.803,193.49
14.184,187.96,10.727,202.36,10.921,193.36
14.184,188.27,11,202.24,11,193.28
14.184,188.54,11.018,202.24,11.057,193.22
14.184,188.77,11.102,202.24,11.101,193.16
14.184,189.38,11.2,202.26,11.128,193.15
14.185,190.35,11.203,202.26,11.202,193.12
14.185,190.93,11.274,202.21,11.296,193.11
14.185,191.25,11.304,202.19,11.405,193.09
14.185,191.53,11.398,202.08,11.5,193.05
14.185,192.14,11.409,202.07,11.524,193.03
14.185,192.66,11.5,202.03,11.601,192.97
14.185,192.94,11.521,202.03,11.632,192.97
14.185,193.12,11.603,202.03,11.701,192.96
14.185,193.4,11.68,202,11.746,192.94
14.186,193.8,11.705,201.99,12,192.82
14.186,194.06,11.8,201.92,12.052,192.79
14.186,194.36,11.815,201.92,12.201,192.71
14.186,194.72,11.9,201.89,12.244,192.69
14.187,195.06,11.943,201.89,12.302,192.68
14.187,195.38,12,201.9,12.376,192.68
14.187,195.68,12.007,201.89,12.41,192.67
14.188,195.93,12.142,201.79,12.5,192.66
14.188,196.1,12.21,201.75,12.5,192.66
14.188,196.25,12.301,201.7,12.506,192.65
14.188,196.64,12.359,201.67,12.598,192.56
14.189,197.13,12.4,201.66,12.613,192.55
14.19,197.48,12.424,201.66,12.7,192.48
14.19,197.77,12.5,201.68,12.745,192.46
14.191,198.36,12.506,201.68,12.804,192.42
14.192,198.74,12.599,201.61,12.9,192.38
14.192,199.08,12.609,201.6,12.927,192.38
14.193,199.38,12.7,201.5,13,192.37
14.194,199.8,12.709,201.5,13.019,192.35
14.194,200.16,12.801,201.47,13.2,192.25
14.195,200.45,12.872,201.44,13.227,192.23
14.196,200.72,12.904,201.43,13.3,192.17
14.197,200.97,12.999,201.4,13.34,192.16
14.197,201.24,13,201.4,13.4,192.13
14.198,201.48,13.055,201.39,13.426,192.14
14.199,201.77,13.116,201.38,13.5,192.16
14.202,202.2,13.2,201.35,13.506,192.16
14.203,202.48,13.224,201.33,13.598,192.12
14.205,202.7,13.301,201.28,13.606,192.11
14.206,202.84,13.331,201.27,13.776,191.96
14.208,202.97,13.41,201.25,13.902,191.85
14.21,203.11,13.5,201.25,13.99,191.81
14.212,203.22,13.514,201.24,14,191.81
14.214,203.3,13.6,201.19,14.014,191.81
14.216,203.37,13.608,201.18,14.1,191.81
14.218,203.41,13.699,201.06,14.125,191.8
14.219,203.44,13.703,201.06,14.201,191.78
14.221,203.46,13.769,201.02,14.255,191.75
14.222,203.48,13.801,201.01,14.303,191.73
14.223,203.5,13.852,201.01,14.376,191.66
14.224,203.51,13.901,201.02,14.433,191.6
14.227,203.54,13.952,201.01,14.5,191.54
14.231,203.57,14,200.99,14.521,191.53
14.235,203.59,14.015,201,14.601,191.48
14.24,203.61,14.1,201.02,14.675,191.46
14.244,203.62,14.113,201.02,14.723,191.45
14.248,203.64,14.201,200.98,14.802,191.44
14.253,203.65,14.236,200.95,14.891,191.41
14.259,203.67,14.301,200.9,14.915,191.41
14.267,203.69,14.354,200.87,15,191.4
14.275,203.71,14.416,200.84,15.006,191.39
14.282,203.73,14.5,200.8,15.1,191.29
14.292,203.76,14.574,200.77,15.119,191.27
14.301,203.78,14.611,200.75,15.2,191.15
14.305,203.79,14.884,200.68,15.218,191.15
14.309,203.8,14.903,200.67,15.3,191.15
14.314,203.81,14.994,200.62,15.316,191.16
14.317,203.82,15,200.61,15.4,191.19
14.323,203.83,15.055,200.59,15.418,191.19
14.336,203.86,15.103,200.57,15.5,191.18
14.349,203.89,15.19,200.57,15.51,191.17
14.362,203.91,15.22,200.57,15.694,191.01
14.379,203.95,15.3,200.59,15.702,191
14.406,204,15.318,200.57,15.754,191
14.447,204.08,15.401,200.47,15.801,190.99
14.487,204.15,15.426,200.43,15.86,190.95
14.501,204.18,15.5,200.32,15.912,190.93
14.528,204.24,15.503,200.32,16,190.89
14.575,204.33,15.555,200.31,16.201,190.8
14.6,204.38,15.603,200.31,16.252,190.79
14.623,204.43,15.696,200.36,16.301,190.78
14.701,204.6,15.701,200.36,16.33,190.76
14.729,204.66,15.744,200.35,16.404,190.71
14.8,204.78,15.801,200.33,16.5,190.65
14.912,204.96,15.83,200.31,16.511,190.65
15,205.07,15.901,200.25,16.601,190.64
15.029,205.1,15.931,200.24,16.658,190.62
15.098,205.16,16,200.22,16.802,190.58
15.107,205.17,16.075,200.19,16.876,190.55
15.2,205.22,16.205,200.14,16.92,190.53
15.203,205.23,16.3,200.11,17,190.51
15.296,205.3,16.317,200.1,17.046,190.51
15.309,205.32,16.4,200.04,17.106,190.51
15.425,205.45,16.426,200.03,17.274,190.46
15.501,205.52,16.5,200.01,17.332,190.44
15.529,205.53,16.528,200.01,17.401,190.41
15.6,205.53,16.609,200.01,17.438,190.37
15.623,205.53,16.7,200,17.5,190.32
15.7,205.52,16.721,199.99,17.52,190.31
15.71,205.53,16.802,199.95,17.6,190.26
15.8,205.59,16.897,199.89,17.619,190.26
15.811,205.61,16.904,199.88,17.701,190.25
15.9,205.72,16.976,199.88,17.748,190.26
15.923,205.73,17,199.88,17.801,190.26
16,205.78,17.048,199.88,17.837,190.25
16.008,205.77,17.201,199.86,17.901,190.22
16.098,205.74,17.236,199.83,17.936,190.18
16.104,205.74,17.317,199.78,18,190.12
16.194,205.74,17.401,199.73,18.011,190.11
16.214,205.74,17.438,199.73,18.101,190.07
16.3,205.73,17.5,199.72,18.136,190.07
16.327,205.74,17.516,199.71,18.201,190.07
16.4,205.74,17.6,199.67,18.276,190.05
16.412,205.75,17.61,199.67,18.307,190.04
16.5,205.81,17.7,199.58,18.4,189.96
16.505,205.81,17.733,199.55,18.443,189.93
16.587,205.79,17.801,199.51,18.5,189.89
16.616,205.78,17.837,199.51,18.511,189.89
16.7,205.77,17.916,199.52,18.6,189.87
16.728,205.77,18,199.52,18.647,189.87
16.801,205.77,18.008,199.51,18.703,189.87
16.847,205.75,18.1,199.44,18.875,189.85
16.902,205.73,18.11,199.44,18.905,189.84
16.959,205.75,18.201,199.42,18.983,189.75
17.006,205.77,18.27,199.43,19,189.73
17.1,205.8,18.318,199.43,19.01,189.72
17.103,205.8,18.401,199.42,19.1,189.69
17.195,205.78,18.459,199.41,19.103,189.69
17.2,205.78,18.5,199.4,19.173,189.72
17.259,205.76,18.567,199.37,19.201,189.73
17.302,205.74,18.621,199.34,19.251,189.72
17.385,205.73,18.701,199.3,19.302,189.71
17.502,205.71,18.724,199.3,19.398,189.66
17.598,205.68,18.8,199.3,19.429,189.64
17.616,205.69,18.826,199.31,19.5,189.61
17.7,205.69,18.901,199.34,19.608,189.56
17.706,205.69,18.935,199.34,19.7,189.51
17.8,205.62,19,199.34,19.75,189.49
17.807,205.61,19.063,199.33,19.801,189.47
17.9,205.51,19.107,199.32,19.868,189.47
17.904,205.51,19.2,199.28,19.902,189.47
17.997,205.49,19.218,199.27,19.965,189.44
18,205.49,19.3,199.21,20,189.43
18.011,205.49,19.307,199.22,20.016,189.41
18.1,205.54,19.397,199.23,20.101,189.34
18.163,205.56,19.424,199.24,20.159,189.3
18.201,205.57,19.5,199.26,20.202,189.27
18.24,205.55,19.516,199.25,20.265,189.25
18.301,205.53,19.7,199.12,20.303,189.24
18.347,205.5,19.761,199.07,20.381,189.27
18.401,205.46,19.803,199.03,20.429,189.29
18.46,205.44,19.898,198.99,20.5,189.31
18.504,205.44,19.905,198.99,20.504,189.31
18.599,205.45,19.995,199.04,20.567,189.27
18.61,205.45,20,199.05,20.602,189.25
18.7,205.44,20.01,199.05,20.664,189.25
18.722,205.43,20.1,199.03,20.704,189.25
18.8,205.39,20.109,199.03,20.79,189.2
18.903,205.34,20.287,198.9,20.805,189.19
19,205.3,20.302,198.89,20.899,189.08
19.009,205.3,20.397,198.85,20.905,189.08
19.101,205.31,20.407,198.85,20.986,189.08
19.153,205.29,20.5,198.84,21,189.08
19.301,205.26,20.622,198.82,21.015,189.07
19.392,205.22,20.701,198.8,21.101,189.02
19.418,205.21,20.797,198.76,21.165,189.01
19.5,205.15,20.809,198.76,21.212,189.01
19.514,205.15,20.899,198.77,21.3,189.01
19.6,205.16,20.908,198.77,21.319,188.99
19.712,205.16,21,198.76,21.402,188.92
19.8,205.14,21,198.76,21.488,188.87
19.822,205.13,21.038,198.74,21.5,188.87
20,204.99,21.105,198.73,21.52,188.86
20.001,204.99,21.2,198.69,21.601,188.84
20.027,205,21.247,198.65,21.638,188.84
20.2,205.12,21.303,198.62,21.702,188.84
20.202,205.12,21.381,198.58,21.783,188.86
20.25,205.09,21.405,198.57,21.805,188.87
20.304,205.06,21.499,198.57,21.9,188.87
20.4,205.02,21.5,198.57,21.933,188.86
20.4,205.02,21.544,198.57,22,188.85
20.415,205.02,21.601,198.56,22.015,188.84
20.501,205.02,21.661,198.58,22.1,188.78
20.53,204.99,21.706,198.59,22.135,188.77
20.601,204.92,21.799,198.57,22.201,188.74
20.628,204.92,21.815,198.57,22.241,188.76
20.7,204.9,21.902,198.53,22.301,188.78
20.718,204.9,21.979,198.52,22.34,188.78
20.8,204.93,22,198.52,22.401,188.78
20.826,204.92,22.018,198.51,22.475,188.76
21.001,204.9,22.101,198.48,22.5,188.75
21.08,204.88,22.14,198.47,22.518,188.74
21.105,204.87,22.201,198.46,22.6,188.7
21.199,204.8,22.233,198.44,22.63,188.67
21.2,204.79,22.301,198.39,22.8,188.52
21.227,204.78,22.36,198.37,22.818,188.52
21.3,204.74,22.406,198.35,23,188.52
21.344,204.73,22.499,198.35,NaN,NaN
21.413,204.71,22.5,198.35,NaN,NaN
21.699,204.68,22.548,198.35,NaN,NaN
21.717,204.67,22.701,198.32,NaN,NaN
21.801,204.65,22.728,198.31,NaN,NaN
21.839,204.66,22.806,198.27,NaN,NaN
21.907,204.66,23,198.19,NaN,NaN
22,204.64,NaN,NaN,NaN,NaN
22.048,204.62,NaN,NaN,NaN,NaN
22.103,204.6,NaN,NaN,NaN,NaN
22.185,204.61,NaN,NaN,NaN,NaN
22.21,204.61,NaN,NaN,NaN,NaN
22.301,204.59,NaN,NaN,NaN,NaN
22.374,204.58,NaN,NaN,NaN,NaN
22.407,204.57,NaN,NaN,NaN,NaN
22.499,204.6,NaN,NaN,NaN,NaN
22.504,204.6,NaN,NaN,NaN,NaN
22.576,204.54,NaN,NaN,NaN,NaN
22.636,204.5,NaN,NaN,NaN,NaN
22.701,204.45,NaN,NaN,NaN,NaN
22.734,204.45,NaN,NaN,NaN,NaN
22.8,204.45,NaN,NaN,NaN,NaN
22.814,204.46,NaN,NaN,NaN,NaN
22.9,204.49,NaN,NaN,NaN,NaN
22.927,204.49,NaN,NaN,NaN,NaN
23.001,204.48,NaN,NaN,NaN,NaN
23.046,204.46,NaN,NaN,NaN,NaN
23.101,204.43,NaN,NaN,NaN,NaN
23.141,204.43,NaN,NaN,NaN,NaN
23.3,204.43,NaN,NaN,NaN,NaN
23.32,204.43,NaN,NaN,NaN,NaN
23.401,204.45,NaN,NaN,NaN,NaN
23.455,204.45,NaN,NaN,NaN,NaN
23.505,204.44,NaN,NaN,NaN,NaN
23.6,204.42,NaN,NaN,NaN,NaN
23.643,204.41,NaN,NaN,NaN,NaN
23.701,204.4,NaN,NaN,NaN,NaN
23.754,204.36,NaN,NaN,NaN,NaN
23.801,204.32,NaN,NaN,NaN,NaN
23.838,204.32,NaN,NaN,NaN,NaN
24,204.32,NaN,NaN,NaN,NaN
24.032,204.31,NaN,NaN,NaN,NaN
24.106,204.26,NaN,NaN,NaN,NaN
24.2,204.2,NaN,NaN,NaN,NaN
24.212,204.2,NaN,NaN,NaN,NaN
24.3,204.19,NaN,NaN,NaN,NaN
24.353,204.19,NaN,NaN,NaN,NaN
24.4,204.19,NaN,NaN,NaN,NaN
24.41,204.18,NaN,NaN,NaN,NaN
24.5,204.12,NaN,NaN,NaN,NaN
24.523,204.12,NaN,NaN,NaN,NaN
24.701,204.1,NaN,NaN,NaN,NaN
24.738,204.08,NaN,NaN,NaN,NaN
24.801,204.06,NaN,NaN,NaN,NaN
24.83,204.06,NaN,NaN,NaN,NaN
24.9,204.07,NaN,NaN,NaN,NaN
24.916,204.06,NaN,NaN,NaN,NaN
25.003,204.03,NaN,NaN,NaN,NaN
25.1,204,NaN,NaN,NaN,NaN
25.123,204,NaN,NaN,NaN,NaN
25.2,204,NaN,NaN,NaN,NaN
25.21,204,NaN,NaN,NaN,NaN
25.3,203.92,NaN,NaN,NaN,NaN
25.331,203.9,NaN,NaN,NaN,NaN
25.403,203.86,NaN,NaN,NaN,NaN
25.485,203.86,NaN,NaN,NaN,NaN
25.51,203.86,NaN,NaN,NaN,NaN
25.6,203.9,NaN,NaN,NaN,NaN
25.618,203.9,NaN,NaN,NaN,NaN
25.7,203.9,NaN,NaN,NaN,NaN
25.714,203.89,NaN,NaN,NaN,NaN
25.8,203.82,NaN,NaN,NaN,NaN
25.827,203.8,NaN,NaN,NaN,NaN
25.901,203.76,NaN,NaN,NaN,NaN
25.992,203.73,NaN,NaN,NaN,NaN
26,203.72,NaN,NaN,NaN,NaN
26.044,203.71,NaN,NaN,NaN,NaN
26.101,203.7,NaN,NaN,NaN,NaN
26.125,203.71,NaN,NaN,NaN,NaN
26.201,203.74,NaN,NaN,NaN,NaN
26.261,203.74,NaN,NaN,NaN,NaN
26.305,203.74,NaN,NaN,NaN,NaN
26.438,203.7,NaN,NaN,NaN,NaN
26.607,203.65,NaN,NaN,NaN,NaN
26.701,203.6,NaN,NaN,NaN,NaN
26.777,203.55,NaN,NaN,NaN,NaN
26.8,203.54,NaN,NaN,NaN,NaN
26.808,203.54,NaN,NaN,NaN,NaN
26.9,203.55,NaN,NaN,NaN,NaN
26.951,203.55,NaN,NaN,NaN,NaN
27.006,203.55,NaN,NaN,NaN,NaN
27.1,203.57,NaN,NaN,NaN,NaN
27.11,203.56,NaN,NaN,NaN,NaN
27.2,203.53,NaN,NaN,NaN,NaN
27.253,203.5,NaN,NaN,NaN,NaN
27.301,203.47,NaN,NaN,NaN,NaN
27.344,203.47,NaN,NaN,NaN,NaN
27.4,203.47,NaN,NaN,NaN,NaN
27.424,203.46,NaN,NaN,NaN,NaN
27.501,203.41,NaN,NaN,NaN,NaN
27.525,203.41,NaN,NaN,NaN,NaN
27.6,203.41,NaN,NaN,NaN,NaN
27.612,203.41,NaN,NaN,NaN,NaN
27.7,203.47,NaN,NaN,NaN,NaN
27.712,203.47,NaN,NaN,NaN,NaN
27.8,203.46,NaN,NaN,NaN,NaN
27.812,203.45,NaN,NaN,NaN,NaN
27.9,203.34,NaN,NaN,NaN,NaN
27.935,203.31,NaN,NaN,NaN,NaN
28.001,203.26,NaN,NaN,NaN,NaN
28.067,203.22,NaN,NaN,NaN,NaN
28.102,203.21,NaN,NaN,NaN,NaN
28.149,203.22,NaN,NaN,NaN,NaN
28.302,203.26,NaN,NaN,NaN,NaN
28.382,203.24,NaN,NaN,NaN,NaN
28.4,203.23,NaN,NaN,NaN,NaN
28.457,203.21,NaN,NaN,NaN,NaN
28.509,203.19,NaN,NaN,NaN,NaN
28.6,203.14,NaN,NaN,NaN,NaN
28.656,203.12,NaN,NaN,NaN,NaN
28.701,203.1,NaN,NaN,NaN,NaN
28.727,203.1,NaN,NaN,NaN,NaN
28.804,203.11,NaN,NaN,NaN,NaN
28.9,203.11,NaN,NaN,NaN,NaN
28.904,203.11,NaN,NaN,NaN,NaN
28.989,203.04,NaN,NaN,NaN,NaN
29.019,203.02,NaN,NaN,NaN,NaN
29.1,202.97,NaN,NaN,NaN,NaN
29.123,202.97,NaN,NaN,NaN,NaN
29.2,202.97,NaN,NaN,NaN,NaN
29.229,202.98,NaN,NaN,NaN,NaN
29.301,203,NaN,NaN,NaN,NaN
29.329,202.99,NaN,NaN,NaN,NaN
29.402,202.97,NaN,NaN,NaN,NaN
29.479,202.97,NaN,NaN,NaN,NaN
29.507,202.97,NaN,NaN,NaN,NaN
29.6,202.93,NaN,NaN,NaN,NaN
29.614,202.92,NaN,NaN,NaN,NaN
29.7,202.85,NaN,NaN,NaN,NaN
29.711,202.85,NaN,NaN,NaN,NaN
29.898,202.82,NaN,NaN,NaN,NaN
29.914,202.82,NaN,NaN,NaN,NaN
30,202.78,NaN,NaN,NaN,NaN
30.102,202.75,NaN,NaN,NaN,NaN
30.144,202.77,NaN,NaN,NaN,NaN
30.202,202.8,NaN,NaN,NaN,NaN
30.263,202.8,NaN,NaN,NaN,NaN
30.305,202.79,NaN,NaN,NaN,NaN
30.398,202.75,NaN,NaN,NaN,NaN
30.416,202.74,NaN,NaN,NaN,NaN
30.502,202.72,NaN,NaN,NaN,NaN
30.571,202.72,NaN,NaN,NaN,NaN
30.606,202.72,NaN,NaN,NaN,NaN
30.7,202.68,NaN,NaN,NaN,NaN
30.724,202.66,NaN,NaN,NaN,NaN
30.8,202.6,NaN,NaN,NaN,NaN
30.81,202.6,NaN,NaN,NaN,NaN
30.901,202.59,NaN,NaN,NaN,NaN
30.976,202.59,NaN,NaN,NaN,NaN
31.032,202.58,NaN,NaN,NaN,NaN
31.109,202.57,NaN,NaN,NaN,NaN
31.203,202.57,NaN,NaN,NaN,NaN
31.299,202.55,NaN,NaN,NaN,NaN
31.315,202.54,NaN,NaN,NaN,NaN
31.501,202.47,NaN,NaN,NaN,NaN
31.572,202.46,NaN,NaN,NaN,NaN
31.6,202.45,NaN,NaN,NaN,NaN
31.645,202.45,NaN,NaN,NaN,NaN
31.8,202.45,NaN,NaN,NaN,NaN
31.823,202.44,NaN,NaN,NaN,NaN
31.901,202.4,NaN,NaN,NaN,NaN
31.972,202.35,NaN,NaN,NaN,NaN
32.023,202.32,NaN,NaN,NaN,NaN
32.102,202.28,NaN,NaN,NaN,NaN
32.194,202.27,NaN,NaN,NaN,NaN
32.204,202.27,NaN,NaN,NaN,NaN
32.3,202.3,NaN,NaN,NaN,NaN
32.319,202.29,NaN,NaN,NaN,NaN
32.4,202.26,NaN,NaN,NaN,NaN
32.431,202.24,NaN,NaN,NaN,NaN
32.501,202.2,NaN,NaN,NaN,NaN
32.54,202.2,NaN,NaN,NaN,NaN
32.605,202.21,NaN,NaN,NaN,NaN
32.699,202.24,NaN,NaN,NaN,NaN
32.717,202.24,NaN,NaN,NaN,NaN
32.8,202.24,NaN,NaN,NaN,NaN
32.817,202.23,NaN,NaN,NaN,NaN
33,202.09,NaN,NaN,NaN,NaN
33.005,202.09,NaN,NaN,NaN,NaN
33.081,202.11,NaN,NaN,NaN,NaN
33.107,202.12,NaN,NaN,NaN,NaN
33.2,202.16,NaN,NaN,NaN,NaN
33.2,202.16,NaN,NaN,NaN,NaN
33.215,202.16,NaN,NaN,NaN,NaN
33.301,202.14,NaN,NaN,NaN,NaN
33.373,202.11,NaN,NaN,NaN,NaN
33.414,202.1,NaN,NaN,NaN,NaN
33.6,202.05,NaN,NaN,NaN,NaN
33.62,202.04,NaN,NaN,NaN,NaN
33.701,201.99,NaN,NaN,NaN,NaN
33.744,201.98,NaN,NaN,NaN,NaN
33.802,201.97,NaN,NaN,NaN,NaN
33.88,201.97,NaN,NaN,NaN,NaN
33.908,201.97,NaN,NaN,NaN,NaN
34,201.99,NaN,NaN,NaN,NaN
34.037,202,NaN,NaN,NaN,NaN
34.101,202.01,NaN,NaN,NaN,NaN
34.12,201.99,NaN,NaN,NaN,NaN
34.2,201.93,NaN,NaN,NaN,NaN
34.222,201.92,NaN,NaN,NaN,NaN
34.301,201.9,NaN,NaN,NaN,NaN
34.349,201.9,NaN,NaN,NaN,NaN
34.401,201.9,NaN,NaN,NaN,NaN
34.449,201.88,NaN,NaN,NaN,NaN
34.502,201.85,NaN,NaN,NaN,NaN
34.559,201.85,NaN,NaN,NaN,NaN
34.602,201.85,NaN,NaN,NaN,NaN
34.699,201.81,NaN,NaN,NaN,NaN
34.704,201.81,NaN,NaN,NaN,NaN
34.796,201.71,NaN,NaN,NaN,NaN
34.8,201.71,NaN,NaN,NaN,NaN
34.807,201.71,NaN,NaN,NaN,NaN
34.896,201.73,NaN,NaN,NaN,NaN
34.911,201.73,NaN,NaN,NaN,NaN
35,201.73,NaN,NaN,NaN,NaN
35.016,201.73,NaN,NaN,NaN,NaN
35.1,201.69,NaN,NaN,NaN,NaN
35.122,201.69,NaN,NaN,NaN,NaN
35.2,201.69,NaN,NaN,NaN,NaN
35.223,201.68,NaN,NaN,NaN,NaN
35.301,201.64,NaN,NaN,NaN,NaN
35.33,201.64,NaN,NaN,NaN,NaN
35.401,201.64,NaN,NaN,NaN,NaN
35.447,201.66,NaN,NaN,NaN,NaN
35.501,201.69,NaN,NaN,NaN,NaN
35.52,201.68,NaN,NaN,NaN,NaN
35.6,201.63,NaN,NaN,NaN,NaN
35.703,201.56,NaN,NaN,NaN,NaN
35.8,201.52,NaN,NaN,NaN,NaN
35.804,201.52,NaN,NaN,NaN,NaN
35.893,201.56,NaN,NaN,NaN,NaN
35.911,201.56,NaN,NaN,NaN,NaN
36,201.59,NaN,NaN,NaN,NaN
36.033,201.59,NaN,NaN,NaN,NaN
36.101,201.59,NaN,NaN,NaN,NaN
36.137,201.57,NaN,NaN,NaN,NaN
36.201,201.53,NaN,NaN,NaN,NaN
36.257,201.49,NaN,NaN,NaN,NaN
36.302,201.46,NaN,NaN,NaN,NaN
36.358,201.45,NaN,NaN,NaN,NaN
36.4,201.44,NaN,NaN,NaN,NaN
36.411,201.45,NaN,NaN,NaN,NaN
36.5,201.5,NaN,NaN,NaN,NaN
36.511,201.49,NaN,NaN,NaN,NaN
36.6,201.48,NaN,NaN,NaN,NaN
36.633,201.48,NaN,NaN,NaN,NaN
36.801,201.48,NaN,NaN,NaN,NaN
36.83,201.46,NaN,NaN,NaN,NaN
36.901,201.39,NaN,NaN,NaN,NaN
36.968,201.35,NaN,NaN,NaN,NaN
37.001,201.33,NaN,NaN,NaN,NaN
37.037,201.33,NaN,NaN,NaN,NaN
37.101,201.34,NaN,NaN,NaN,NaN
37.161,201.36,NaN,NaN,NaN,NaN
37.2,201.38,NaN,NaN,NaN,NaN
37.211,201.38,NaN,NaN,NaN,NaN
37.397,201.35,NaN,NaN,NaN,NaN
37.419,201.34,NaN,NaN,NaN,NaN
37.501,201.31,NaN,NaN,NaN,NaN
37.598,201.26,NaN,NaN,NaN,NaN
37.608,201.26,NaN,NaN,NaN,NaN
37.7,201.26,NaN,NaN,NaN,NaN
37.712,201.26,NaN,NaN,NaN,NaN
37.804,201.22,NaN,NaN,NaN,NaN
37.9,201.2,NaN,NaN,NaN,NaN
37.91,201.2,NaN,NaN,NaN,NaN
38,201.22,NaN,NaN,NaN,NaN
38.018,201.22,NaN,NaN,NaN,NaN
38.101,201.2,NaN,NaN,NaN,NaN
38.162,201.16,NaN,NaN,NaN,NaN
38.201,201.14,NaN,NaN,NaN,NaN
38.243,201.15,NaN,NaN,NaN,NaN
38.301,201.17,NaN,NaN,NaN,NaN
38.328,201.16,NaN,NaN,NaN,NaN
38.401,201.13,NaN,NaN,NaN,NaN
38.49,201.11,NaN,NaN,NaN,NaN
38.507,201.1,NaN,NaN,NaN,NaN
38.6,201.1,NaN,NaN,NaN,NaN
38.633,201.11,NaN,NaN,NaN,NaN
38.701,201.12,NaN,NaN,NaN,NaN
38.75,201.09,NaN,NaN,NaN,NaN
38.8,201.07,NaN,NaN,NaN,NaN
38.813,201.05,NaN,NaN,NaN,NaN
38.9,200.95,NaN,NaN,NaN,NaN
38.904,200.95,NaN,NaN,NaN,NaN
38.994,200.94,NaN,NaN,NaN,NaN
39.006,200.94,NaN,NaN,NaN,NaN
39.1,200.96,NaN,NaN,NaN,NaN
39.131,200.97,NaN,NaN,NaN,NaN
39.202,200.97,NaN,NaN,NaN,NaN
39.294,200.96,NaN,NaN,NaN,NaN
39.311,200.96,NaN,NaN,NaN,NaN
39.4,200.92,NaN,NaN,NaN,NaN
39.434,200.9,NaN,NaN,NaN,NaN
39.501,200.86,NaN,NaN,NaN,NaN
39.527,200.86,NaN,NaN,NaN,NaN
39.6,200.87,NaN,NaN,NaN,NaN
39.617,200.88,NaN,NaN,NaN,NaN
39.7,200.92,NaN,NaN,NaN,NaN
39.714,200.91,NaN,NaN,NaN,NaN
39.899,200.74,NaN,NaN,NaN,NaN
39.901,200.74,NaN,NaN,NaN,NaN
39.942,200.75,NaN,NaN,NaN,NaN
40.002,200.77,NaN,NaN,NaN,NaN
40.093,200.81,NaN,NaN,NaN,NaN
40.112,200.82,NaN,NaN,NaN,NaN
40.2,200.84,NaN,NaN,NaN,NaN
40.21,200.84,NaN,NaN,NaN,NaN
40.3,200.79,NaN,NaN,NaN,NaN
40.346,200.76,NaN,NaN,NaN,NaN
40.4,200.73,NaN,NaN,NaN,NaN
40.414,200.73,NaN,NaN,NaN,NaN
40.501,200.71,NaN,NaN,NaN,NaN
40.589,200.71,NaN,NaN,NaN,NaN
40.616,200.72,NaN,NaN,NaN,NaN
40.8,200.74,NaN,NaN,NaN,NaN
40.85,200.74,NaN,NaN,NaN,NaN
40.903,200.74,NaN,NaN,NaN,NaN
40.962,200.7,NaN,NaN,NaN,NaN
41.101,200.61,NaN,NaN,NaN,NaN
41.153,200.59,NaN,NaN,NaN,NaN
41.2,200.57,NaN,NaN,NaN,NaN
41.227,200.57,NaN,NaN,NaN,NaN
41.304,200.56,NaN,NaN,NaN,NaN
41.399,200.58,NaN,NaN,NaN,NaN
41.418,200.59,NaN,NaN,NaN,NaN
41.5,200.62,NaN,NaN,NaN,NaN
41.523,200.61,NaN,NaN,NaN,NaN
41.601,200.58,NaN,NaN,NaN,NaN
41.646,200.55,NaN,NaN,NaN,NaN
41.701,200.51,NaN,NaN,NaN,NaN
41.749,200.49,NaN,NaN,NaN,NaN
41.803,200.48,NaN,NaN,NaN,NaN
41.9,200.49,NaN,NaN,NaN,NaN
41.939,200.49,NaN,NaN,NaN,NaN
42,200.49,NaN,NaN,NaN,NaN
42.015,200.49,NaN,NaN,NaN,NaN
42.1,200.45,NaN,NaN,NaN,NaN
42.119,200.45,NaN,NaN,NaN,NaN
42.201,200.45,NaN,NaN,NaN,NaN
42.281,200.43,NaN,NaN,NaN,NaN
42.402,200.4,NaN,NaN,NaN,NaN
42.499,200.42,NaN,NaN,NaN,NaN
42.503,200.41,NaN,NaN,NaN,NaN
42.592,200.37,NaN,NaN,NaN,NaN
42.608,200.36,NaN,NaN,NaN,NaN
42.7,200.34,NaN,NaN,NaN,NaN
42.733,200.34,NaN,NaN,NaN,NaN
42.8,200.34,NaN,NaN,NaN,NaN
42.889,200.35,NaN,NaN,NaN,NaN
42.905,200.35,NaN,NaN,NaN,NaN
43,200.29,NaN,NaN,NaN,NaN
43.033,200.25,NaN,NaN,NaN,NaN
43.102,200.18,NaN,NaN,NaN,NaN
43.146,200.16,NaN,NaN,NaN,NaN
43.204,200.14,NaN,NaN,NaN,NaN
43.295,200.17,NaN,NaN,NaN,NaN
43.314,200.17,NaN,NaN,NaN,NaN
43.401,200.17,NaN,NaN,NaN,NaN
43.493,200.18,NaN,NaN,NaN,NaN
43.518,200.19,NaN,NaN,NaN,NaN
43.6,200.21,NaN,NaN,NaN,NaN
43.609,200.2,NaN,NaN,NaN,NaN
43.7,200.16,NaN,NaN,NaN,NaN
43.748,200.14,NaN,NaN,NaN,NaN
43.8,200.12,NaN,NaN,NaN,NaN
43.816,200.08,NaN,NaN,NaN,NaN
43.9,199.89,NaN,NaN,NaN,NaN
43.902,199.89,NaN,NaN,NaN,NaN
43.929,199.89,NaN,NaN,NaN,NaN
44,199.89,NaN,NaN,NaN,NaN
44.005,199.9,NaN,NaN,NaN,NaN
44.061,200.03,NaN,NaN,NaN,NaN
44.1,200.12,NaN,NaN,NaN,NaN
44.107,200.11,NaN,NaN,NaN,NaN
44.173,200.08,NaN,NaN,NaN,NaN
44.208,200.06,NaN,NaN,NaN,NaN
44.3,199.99,NaN,NaN,NaN,NaN
44.314,199.99,NaN,NaN,NaN,NaN
44.4,199.98,NaN,NaN,NaN,NaN
44.417,199.98,NaN,NaN,NaN,NaN
44.5,200.01,NaN,NaN,NaN,NaN
44.512,200.01,NaN,NaN,NaN,NaN
44.6,200,NaN,NaN,NaN,NaN
44.616,199.99,NaN,NaN,NaN,NaN
44.8,199.9,NaN,NaN,NaN,NaN
44.813,199.9,NaN,NaN,NaN,NaN
44.9,199.92,NaN,NaN,NaN,NaN
44.938,199.94,NaN,NaN,NaN,NaN
45.001,199.96,NaN,NaN,NaN,NaN
45.057,199.96,NaN,NaN,NaN,NaN
45.109,199.95,NaN,NaN,NaN,NaN
45.2,199.9,NaN,NaN,NaN,NaN
45.306,199.85,NaN,NaN,NaN,NaN
45.4,199.82,NaN,NaN,NaN,NaN
45.409,199.82,NaN,NaN,NaN,NaN
45.5,199.83,NaN,NaN,NaN,NaN
45.536,199.83,NaN,NaN,NaN,NaN
45.601,199.83,NaN,NaN,NaN,NaN
45.646,199.81,NaN,NaN,NaN,NaN
45.719,199.77,NaN,NaN,NaN,NaN
45.801,199.74,NaN,NaN,NaN,NaN
45.823,199.75,NaN,NaN,NaN,NaN
45.9,199.77,NaN,NaN,NaN,NaN
45.917,199.76,NaN,NaN,NaN,NaN
46,199.72,NaN,NaN,NaN,NaN
46.044,199.7,NaN,NaN,NaN,NaN
46.101,199.68,NaN,NaN,NaN,NaN
46.133,199.69,NaN,NaN,NaN,NaN
46.203,199.72,NaN,NaN,NaN,NaN
46.3,199.74,NaN,NaN,NaN,NaN
46.329,199.74,NaN,NaN,NaN,NaN
46.401,199.74,NaN,NaN,NaN,NaN
46.444,199.71,NaN,NaN,NaN,NaN
46.502,199.67,NaN,NaN,NaN,NaN
46.572,199.63,NaN,NaN,NaN,NaN
46.614,199.61,NaN,NaN,NaN,NaN
46.7,199.58,NaN,NaN,NaN,NaN
46.715,199.58,NaN,NaN,NaN,NaN
46.8,199.6,NaN,NaN,NaN,NaN
46.842,199.62,NaN,NaN,NaN,NaN
46.901,199.64,NaN,NaN,NaN,NaN
46.932,199.63,NaN,NaN,NaN,NaN
47.001,199.6,NaN,NaN,NaN,NaN
47.029,199.58,NaN,NaN,NaN,NaN
47.101,199.51,NaN,NaN,NaN,NaN
47.127,199.5,NaN,NaN,NaN,NaN
47.201,199.49,NaN,NaN,NaN,NaN
47.265,199.49,NaN,NaN,NaN,NaN
47.323,199.48,NaN,NaN,NaN,NaN
47.417,199.47,NaN,NaN,NaN,NaN
47.6,199.42,NaN,NaN,NaN,NaN
47.636,199.42,NaN,NaN,NaN,NaN
47.708,199.41,NaN,NaN,NaN,NaN
47.8,199.42,NaN,NaN,NaN,NaN
47.816,199.42,NaN,NaN,NaN,NaN
47.9,199.4,NaN,NaN,NaN,NaN
47.925,199.38,NaN,NaN,NaN,NaN
48.001,199.33,NaN,NaN,NaN,NaN
48.043,199.34,NaN,NaN,NaN,NaN
48.201,199.36,NaN,NaN,NaN,NaN
48.233,199.34,NaN,NaN,NaN,NaN
48.315,199.31,NaN,NaN,NaN,NaN
48.4,199.27,NaN,NaN,NaN,NaN
48.419,199.27,NaN,NaN,NaN,NaN
48.5,199.25,NaN,NaN,NaN,NaN
48.528,199.26,NaN,NaN,NaN,NaN
48.601,199.28,NaN,NaN,NaN,NaN
48.646,199.27,NaN,NaN,NaN,NaN
48.702,199.27,NaN,NaN,NaN,NaN
48.77,199.23,NaN,NaN,NaN,NaN
48.805,199.22,NaN,NaN,NaN,NaN
48.9,199.2,NaN,NaN,NaN,NaN
48.914,199.21,NaN,NaN,NaN,NaN
49,199.23,NaN,NaN,NaN,NaN
49.014,199.22,NaN,NaN,NaN,NaN
49.199,199.13,NaN,NaN,NaN,NaN
49.2,199.13,NaN,NaN,NaN,NaN
49.216,199.13,NaN,NaN,NaN,NaN
49.3,199.13,NaN,NaN,NaN,NaN
49.328,199.12,NaN,NaN,NaN,NaN
49.405,199.1,NaN,NaN,NaN,NaN
49.5,199.09,NaN,NaN,NaN,NaN
49.517,199.09,NaN,NaN,NaN,NaN
49.6,199.1,NaN,NaN,NaN,NaN
49.62,199.11,NaN,NaN,NaN,NaN
49.7,199.16,NaN,NaN,NaN,NaN
49.714,199.16,NaN,NaN,NaN,NaN
49.8,199.14,NaN,NaN,NaN,NaN
49.816,199.12,NaN,NaN,NaN,NaN
49.9,199.05,NaN,NaN,NaN,NaN
49.931,199.03,NaN,NaN,NaN,NaN
50,199,NaN,NaN,NaN,NaN
