-48,0.7079
-47.899,0.70788
-47.799,0.70592
-47.7,0.70219
-47.6,0.70595
-47.491,0.70807
-47.396,0.70978
-47.296,0.70887
-47.172,0.70866
-47.05,0.70594
-47,0.70498
-46.9,0.70649
-46.8,0.70359
-46.712,0.70528
-46.6,0.70692
-46.5,0.70692
-46.399,0.70594
-46.3,0.70455
-46.191,0.70583
-46.098,0.7089
-46,0.71077
-45.9,0.71077
-45.8,0.70886
-45.7,0.70649
-45.6,0.70595
-45.492,0.70603
-45.392,0.70712
-45.299,0.70934
-45.166,0.70886
-45,0.70595
-45,0.70595
-44.9,0.70498
-44.8,0.70595
-44.701,0.70932
-44.6,0.71317
-44.5,0.71318
-44.401,0.71128
-44.301,0.71078
-44.2,0.70982
-44.101,0.71172
-44.017,0.7145
-44,0.71508
-43.899,0.71557
-43.8,0.71557
-43.693,0.71144
-43.6,0.70747
-43.499,0.70651
-43.361,0.70802
-43.214,0.71092
-43.1,0.71126
-43,0.70983
-43,0.70982
-42.9,0.71222
-42.802,0.71081
-42.601,0.71079
-42.5,0.70934
-42.403,0.71213
-42.302,0.71175
-42.2,0.71078
-42.094,0.70828
-42,0.7065
-41.899,0.70793
-41.8,0.7108
-41.7,0.71318
-41.6,0.71222
-41.498,0.71172
-41.3,0.70983
-41.206,0.71207
-41.146,0.71248
-41.067,0.7135
-41,0.71509
-40.804,0.71603
-40.607,0.71564
-40.511,0.716
-40.404,0.71512
-40.3,0.71461
-40.2,0.71318
-40.1,0.71365
-40,0.71318
-40,0.71318
-39.9,0.71126
-39.809,0.71257
-39.7,0.7127
-39.597,0.71369
-39.49,0.71527
-39.391,0.71705
-39.204,0.71656
-39.1,0.71605
-39,0.71365
-38.9,0.71414
-38.809,0.71717
-38.724,0.71785
-38.6,0.71893
-38.497,0.71889
-38.4,0.71797
-38.299,0.71895
-38.1,0.72275
-38,0.72275
-37.9,0.72418
-37.797,0.72374
-37.698,0.7247
-37.571,0.727
-37.411,0.72801
-37.317,0.72762
-37.2,0.72801
-37.1,0.72945
-37,0.72849
-36.9,0.72945
-36.8,0.72993
-36.7,0.72945
-36.6,0.73184
-36.5,0.73184
-36.3,0.73472
-36.2,0.73423
-36.1,0.73807
-36,0.73855
-36,0.73855
-35.9,0.73712
-35.8,0.73998
-35.704,0.73768
-35.605,0.73759
-35.544,0.73919
-35.401,0.74188
-35.302,0.74423
-35.2,0.7462
-35.1,0.7462
-35,0.74525
-34.9,0.74525
-34.8,0.74478
-34.7,0.74811
-34.6,0.7486
-34.501,0.75193
-34.4,0.75386
-34.3,0.75387
-34.2,0.75674
-34.1,0.75721
-34,0.75913
-33.901,0.76199
-33.8,0.76583
-33.702,0.76676
-33.603,0.76864
-33.5,0.77014
-33.4,0.76775
-33.3,0.77013
-33.2,0.77158
-33.1,0.7735
-33,0.77779
-33,0.7778
-32.898,0.78021
-32.798,0.78164
-32.7,0.78212
-32.6,0.78545
-32.5,0.78689
-32.401,0.7902
-32.303,0.79488
-32.213,0.79712
-32.091,0.80007
-32,0.80268
-31.9,0.80125
-31.8,0.80221
-31.7,0.80412
-31.6,0.80461
-31.5,0.80938
-31.4,0.81034
-31.3,0.81226
-31.2,0.81608
-31.1,0.81656
-31.056,0.81826
-31,0.82039
-30.9,0.82374
-30.8,0.82517
-30.731,0.82916
-30.687,0.83104
-30.588,0.83222
-30.49,0.83511
-30.397,0.83857
-30.297,0.83868
-30.197,0.84247
-30.097,0.84479
-30,0.84432
-29.9,0.84623
-29.8,0.84768
-29.699,0.85207
-29.6,0.85867
-29.481,0.8638
-29.395,0.86738
-29.211,0.8692
-29.187,0.86988
-29.088,0.87501
-29,0.87926
-28.9,0.88308
-28.8,0.88931
-28.7,0.89026
-28.6,0.88978
-28.401,0.88693
-28.318,0.892
-28.252,0.89698
-28.154,0.90476
-28,0.91658
-28,0.91659
-27.9,0.91659
-27.8,0.91515
-27.7,0.92232
-27.6,0.92425
-27.5,0.93523
-27.403,0.94401
-27.373,0.94408
-27.285,0.94415
-27.198,0.94864
-27.071,0.94884
-27,0.95055
-26.904,0.95928
-26.869,0.96129
-26.767,0.96632
-26.698,0.96934
-26.6,0.9764
-26.5,0.97593
-26.4,0.98119
-26.3,0.98454
-26.2,0.98693
-26.1,0.99268
-26,0.99601
-25.901,1.0017
-25.806,1.0058
-25.706,1.0092
-25.599,1.0128
-25.499,1.0171
-25.33,1.0253
-25.196,1.033
-25.072,1.0373
-25,1.0401
-24.9,1.0448
-24.8,1.0501
-24.7,1.0544
-24.6,1.0611
-24.499,1.0655
-24.297,1.0771
-24.197,1.0824
-24.1,1.0908
-24,1.0941
-23.9,1.1018
-23.802,1.107
-23.717,1.1086
-23.692,1.1096
-23.6,1.1171
-23.5,1.1219
-23.4,1.13
-23.3,1.1391
-23.199,1.1449
-23.1,1.1525
-23,1.1578
-23,1.1578
-22.9,1.1607
-22.801,1.1673
-22.703,1.1711
-22.646,1.1743
-22.575,1.1792
-22.499,1.1861
-22.4,1.1918
-22.3,1.2004
-22.2,1.208
-22.1,1.2142
-22,1.2205
-21.899,1.2263
-21.8,1.2325
-21.699,1.2401
-21.6,1.2497
-21.499,1.2573
-21.4,1.264
-21.212,1.273
-21.137,1.2784
-21.081,1.283
-21,1.2908
-20.9,1.3018
-20.8,1.308
-20.701,1.3161
-20.611,1.3222
-20.5,1.3301
-20.4,1.3435
-20.301,1.351
-20.215,1.3589
-20.118,1.3669
-20.004,1.3744
-20,1.3746
-19.899,1.3852
-19.8,1.3923
-19.7,1.4028
-19.58,1.4163
-19.499,1.423
-19.4,1.4344
-19.3,1.4411
-19.2,1.4487
-19.102,1.4623
-19.045,1.4684
-19,1.4731
-18.9,1.4855
-18.801,1.4965
-18.709,1.5013
-18.655,1.5061
-18.558,1.5152
-18.473,1.5226
-18.392,1.529
-18.277,1.5412
-18.188,1.5512
-18.029,1.5705
-18,1.5741
-17.9,1.5861
-17.789,1.5977
-17.697,1.6075
-17.596,1.6211
-17.498,1.6356
-17.366,1.654
-17.213,1.6723
-17.15,1.68
-17,1.6994
-17,1.6994
-16.902,1.7149
-16.802,1.7317
-16.737,1.7401
-16.623,1.7542
-16.497,1.7682
-16.4,1.7794
-16.3,1.7971
-16.2,1.8114
-16.113,1.8268
-16.001,1.8462
-16,1.8463
-15.9,1.8583
-15.802,1.8772
-15.743,1.8849
-15.688,1.8924
-15.557,1.915
-15.447,1.9339
-15.354,1.9505
-15.276,1.9648
-15.164,1.9848
-15.09,1.9986
-15,2.0124
-14.9,2.0321
-14.8,2.0507
-14.7,2.0684
-14.596,2.0878
-14.496,2.1069
-14.387,2.1252
-14.285,2.144
-14.108,2.177
-14.086,2.1819
-14,2.2038
-13.901,2.2262
-13.796,2.2507
-13.698,2.2736
-13.599,2.2963
-13.498,2.3185
-13.399,2.3413
-13.298,2.3635
-13.2,2.3838
-13.1,2.4072
-13,2.4316
-12.9,2.4569
-12.8,2.4814
-12.699,2.5078
-12.503,2.5618
-12.449,2.5783
-12.344,2.6079
-12.119,2.668
-12.003,2.6991
-12,2.7
-11.9,2.7305
-11.701,2.7912
-11.6,2.8195
-11.5,2.8488
-11.4,2.8803
-11.304,2.9136
-11.208,2.9457
-11.155,2.9654
-11.081,2.9926
-11,3.0205
-10.9,3.0536
-10.8,3.0904
-10.7,3.1239
-10.6,3.1611
-10.495,3.1995
-10.243,3.3027
-10.104,3.3632
-10.065,3.3787
-10,3.4043
-9.8998,3.448
-9.7986,3.4926
-9.6998,3.536
-9.6,3.5857
-9.4143,3.6717
-9.3161,3.7226
-9.2648,3.7475
-9.1849,3.7859
-9.0919,3.8353
-9,3.8823
-8.9039,3.9283
-8.8642,3.9495
-8.7782,3.9961
-8.6921,4.0418
-8.5846,4.1042
-8.4883,4.1606
-8.379,4.2272
-8.2769,4.29
-8.1783,4.3499
-8.083,4.4099
-8,4.4613
-7.8994,4.5281
-7.7046,4.666
-7.6236,4.7266
-7.5741,4.7639
-7.4832,4.8325
-7.392,4.9005
-7.2667,4.9989
-7.1716,5.0743
-7.0207,5.1955
-7,5.2125
-6.8923,5.3017
-6.7963,5.3832
-6.5007,5.6551
-6.4063,5.7501
-6.3005,5.8603
-6.2004,5.969
-6.1001,6.0798
-6.0086,6.1803
-6,6.19
-5.8924,6.3117
-5.7931,6.422
-5.6767,6.5577
-5.5668,6.6919
-5.4669,6.8173
-5.38,6.9298
-5.292,7.0442
-5.1992,7.1637
-5.009,7.4125
-5,7.4246
-4.9219,7.5229
-4.858,7.6064
-4.7922,7.6959
-4.6993,7.8381
-4.6336,7.934
-4.5959,7.9888
-4.4999,8.1107
-4.4579,8.1758
-4.3989,8.2681
-4.3001,8.3782
-4.2856,8.3989
-4.199,8.5246
-4.1024,8.6757
-4.0927,8.6888
-4,8.8087
-3.9812,8.8419
-3.8988,8.989
-3.8,9.1165
-3.7624,9.1808
-3.6989,9.2908
-3.6076,9.4243
-3.5859,9.4544
-3.4999,9.5708
-3.4765,9.608
-3.3997,9.7314
-3.3613,9.7788
-3.2973,9.8586
-3.1994,9.9935
-3.1441,10.07
-3.0992,10.133
-3.0485,10.198
-3,10.261
-2.9592,10.315
-2.891,10.406
-2.8001,10.534
-2.7923,10.544
-2.7022,10.651
-2.6638,10.7
-2.5006,10.909
-2.4954,10.915
-2.4214,11.002
-2.3884,11.041
-2.3001,11.139
-2.2888,11.151
-2.2,11.246
-2.1968,11.248
-2.1444,11.29
-2.0989,11.326
-2.0527,11.366
-2,11.412
-1.9953,11.417
-1.9503,11.465
-1.8998,11.52
-1.8873,11.531
-1.8271,11.583
-1.7966,11.61
-1.7407,11.662
-1.6998,11.7
-1.6879,11.709
-1.606,11.771
-1.5997,11.776
-1.5922,11.778
-1.545,11.795
-1.4986,11.812
-1.4645,11.827
-1.4,11.856
-1.3944,11.859
-1.3226,11.896
-1.2999,11.908
-1.2959,11.909
-1.2594,11.918
-1.2003,11.932
-1.1944,11.934
-1.1361,11.952
-1.0998,11.963
-1.0877,11.968
-1.0042,12.003
-1,12.005
-0.99942,12.005
-0.98847,12.005
-0.92961,12.005
-0.89993,12.005
-0.89748,12.006
-0.87225,12.015
-0.80002,12.042
-0.79959,12.042
-0.79009,12.042
-0.74514,12.042
-0.69984,12.042
-0.6914,12.043
-0.62065,12.049
-0.59944,12.05
-0.57696,12.051
-0.49997,12.055
-0.49724,12.055
-0.47521,12.053
-0.40004,12.046
-0.39982,12.046
-0.39722,12.047
-0.37345,12.057
-0.30004,12.088
-0.29991,12.088
-0.29836,12.087
-0.28706,12.084
-0.23776,12.069
-0.19997,12.058
-0.19941,12.058
-0.19178,12.06
-0.15364,12.07
-0.09996,12.083
-0.09772,12.084
-0.07292,12.087
-1e-05,12.095
0,12.095
0.00097,12.095
0.01757,12.095
0.08086,12.093
0.10022,12.092
0.10407,12.091
0.13255,12.081
0.19999,12.057
0.20049,12.057
0.20921,12.056
0.26093,12.047
0.30089,12.04
0.32555,12.036
0.39993,12.026
0.40418,12.025
0.46062,12.018
0.50004,12.014
0.50153,12.014
0.51876,12.015
0.59714,12.018
0.60053,12.018
0.61112,12.02
0.65983,12.027
0.69999,12.033
0.70033,12.033
0.70602,12.033
0.74669,12.033
0.88551,12.033
0.9006,12.033
0.91363,12.034
0.9495,12.037
0.98587,12.04
1,12.041
1.0011,12.041
1.0142,12.04
1.0741,12.036
1.1001,12.035
1.1032,12.034
1.1309,12.03
1.2,12.021
1.2003,12.021
1.2049,12.022
1.2306,12.025
1.2998,12.036
1.3008,12.036
1.3094,12.036
1.3502,12.036
1.479,12.038
1.5002,12.039
1.5041,12.039
1.5323,12.044
1.5999,12.057
1.6008,12.057
1.6164,12.059
1.6803,12.072
1.7001,12.076
1.7016,12.076
1.7141,12.077
1.7663,12.083
1.8,12.088
1.8008,12.088
1.8093,12.091
1.8469,12.106
1.9,12.129
1.9006,12.129
1.9099,12.132
1.9544,12.15
2,12.17
2.0009,12.171
2.0118,12.177
2.0642,12.208
2.1002,12.231
2.1052,12.235
2.132,12.255
2.2001,12.31
2.2017,12.311
2.2198,12.326
2.2955,12.391
2.3002,12.395
2.3051,12.399
2.3364,12.426
2.4,12.483
2.4016,12.485
2.4183,12.499
2.4827,12.555
2.5002,12.57
2.5055,12.575
2.5348,12.602
2.6,12.661
2.601,12.662
2.6124,12.673
2.6652,12.721
2.7001,12.753
2.7035,12.756
2.7283,12.779
2.7994,12.844
2.8002,12.844
2.8039,12.847
2.825,12.863
2.8947,12.912
2.9006,12.916
2.9082,12.922
2.944,12.948
3,12.987
3.0008,12.987
3.0102,12.992
3.0498,13.014
3.1001,13.039
3.1061,13.042
3.1463,13.061
3.2001,13.084
3.2043,13.086
3.2339,13.098
3.3002,13.122
3.306,13.124
3.3419,13.135
3.4001,13.149
3.4038,13.15
3.4322,13.157
3.4999,13.172
3.5023,13.172
3.5287,13.176
3.6003,13.185
3.608,13.186
3.6646,13.193
3.7003,13.196
3.7063,13.196
3.7408,13.198
3.8,13.199
3.803,13.2
3.8279,13.201
3.9003,13.204
3.9116,13.204
3.9776,13.206
4,13.206
4.0074,13.206
4.071,13.207
4.1681,13.208
4.2642,13.209
4.3007,13.209
4.316,13.208
4.3868,13.206
4.4016,13.206
4.4216,13.206
4.5237,13.205
4.7,13.202
4.707,13.202
4.7686,13.2
4.8006,13.199
4.8139,13.199
4.8805,13.195
4.9004,13.194
4.9105,13.194
4.9686,13.193
5,13.192
5.013,13.192
5.0893,13.192
5.1011,13.192
5.1208,13.192
5.2,13.193
5.2071,13.193
5.2766,13.194
5.3005,13.194
5.3103,13.193
5.3679,13.191
5.4011,13.19
5.4195,13.19
5.4998,13.189
5.5063,13.189
5.5592,13.188
5.6003,13.187
5.6077,13.187
5.6558,13.188
5.7008,13.189
5.7161,13.188
5.788,13.188
5.8015,13.188
5.8293,13.188
5.9,13.188
5.9076,13.188
5.9714,13.187
6,13.187
6.0077,13.186
6.0643,13.184
6.2766,13.176
6.3038,13.175
6.3481,13.174
6.4003,13.173
6.4088,13.173
6.4631,13.174
6.5013,13.174
6.5197,13.175
6.5966,13.179
6.6003,13.179
6.6066,13.179
6.6436,13.178
6.7013,13.177
6.7262,13.176
6.8,13.175
6.8067,13.175
6.8542,13.173
6.9024,13.171
6.9324,13.17
7,13.166
7.0012,13.166
7.0164,13.166
7.0839,13.166
7.1034,13.166
7.1444,13.167
7.2001,13.167
7.2045,13.167
7.2378,13.166
7.3002,13.165
7.3072,13.165
7.3552,13.165
7.4005,13.165
7.4181,13.164
7.4987,13.163
7.5005,13.163
7.5097,13.163
7.5554,13.159
7.6001,13.156
7.6033,13.156
7.6257,13.155
7.6999,13.154
7.7007,13.154
7.7119,13.153
7.7629,13.15
7.8007,13.148
7.8156,13.147
7.8973,13.144
7.9057,13.144
7.9602,13.142
8,13.141
8.0032,13.141
8.0331,13.14
8.1003,13.136
8.1117,13.135
8.2052,13.129
8.3003,13.123
8.3081,13.123
8.3616,13.121
8.4004,13.12
8.4149,13.119
8.4974,13.117
8.5011,13.117
8.5171,13.117
8.5984,13.117
8.6048,13.117
8.6483,13.116
8.7001,13.115
8.7035,13.115
8.7267,13.113
8.7999,13.106
8.8016,13.106
8.8238,13.105
8.8999,13.1
8.9092,13.1
8.9769,13.096
9,13.095
9.0064,13.095
9.0616,13.093
9.1001,13.091
9.1039,13.091
9.1332,13.091
9.1999,13.092
9.2015,13.092
9.218,13.091
9.2877,13.089
9.3041,13.088
9.3461,13.086
9.4002,13.083
9.4063,13.083
9.4484,13.079
9.5001,13.074
9.5036,13.074
9.5333,13.073
9.6523,13.067
9.7011,13.064
9.7193,13.064
9.7998,13.062
9.8028,13.062
9.8401,13.061
9.9002,13.06
9.9074,13.06
9.9563,13.057
10,13.055
10.011,13.055
10.079,13.052
10.2,13.048
10.208,13.047
10.264,13.044
10.3,13.043
10.308,13.042
10.352,13.042
10.53,13.039
10.7,13.037
10.704,13.037
10.742,13.036
10.801,13.033
10.827,13.033
10.9,13.031
10.907,13.031
10.973,13.028
11,13.027
11.101,13.023
11.119,13.023
11.227,13.017
11.599,12.999
11.603,12.999
11.633,12.998
11.756,12.995
11.9,12.992
11.913,12.991
11.994,12.99
12,12.99
12.006,12.99
12.063,12.989
12.2,12.986
12.203,12.986
12.232,12.986
12.3,12.986
12.312,12.985
12.399,12.984
12.401,12.984
12.415,12.984
12.489,12.98
12.5,12.98
12.509,12.98
12.561,12.98
12.6,12.98
12.606,12.979
12.64,12.978
12.774,12.972
12.8,12.97
12.808,12.97
12.86,12.97
12.9,12.969
12.905,12.969
12.937,12.967
13,12.965
13.004,12.964
13.032,12.964
13.15,12.963
13.301,12.961
13.326,12.961
13.468,12.958
13.6,12.955
13.609,12.954
13.654,12.951
13.701,12.948
13.716,12.947
13.784,12.945
13.9,12.941
13.908,12.941
13.971,12.938
14,12.936
14.002,12.936
14.023,12.936
14.099,12.935
14.107,12.935
14.166,12.936
14.3,12.936
14.311,12.936
14.389,12.937
14.404,12.937
14.446,12.938
14.502,12.938
14.528,12.938
14.6,12.937
14.602,12.937
14.62,12.936
14.697,12.931
14.701,12.931
14.716,12.931
14.797,12.928
14.803,12.928
14.837,12.927
14.995,12.924
15,12.924
15.003,12.924
15.029,12.925
15.1,12.927
15.103,12.927
15.13,12.927
15.2,12.926
15.202,12.926
15.224,12.925
15.325,12.922
15.4,12.92
15.404,12.92
15.434,12.917
15.5,12.912
15.504,12.912
15.538,12.91
15.6,12.907
15.603,12.907
15.623,12.907
15.699,12.907
15.703,12.907
15.738,12.908
15.8,12.909
15.805,12.909
15.843,12.908
15.9,12.907
15.912,12.907
15.98,12.907
16,12.907
16.001,12.907
16.015,12.907
16.078,12.904
16.101,12.903
16.113,12.902
16.183,12.898
16.2,12.897
16.205,12.897
16.232,12.897
16.3,12.896
16.304,12.896
16.333,12.895
16.4,12.892
16.402,12.892
16.417,12.892
16.484,12.894
16.5,12.894
16.51,12.894
16.56,12.893
16.7,12.891
16.705,12.89
16.752,12.889
16.801,12.888
16.826,12.887
16.97,12.881
17,12.88
17.002,12.88
17.017,12.88
17.086,12.882
17.1,12.883
17.108,12.883
17.153,12.883
17.202,12.882
17.226,12.883
17.386,12.884
17.4,12.884
17.405,12.884
17.441,12.882
17.501,12.88
17.521,12.88
17.6,12.877
17.604,12.877
17.637,12.878
17.7,12.878
17.708,12.878
17.772,12.878
17.801,12.878
17.822,12.878
17.899,12.88
17.901,12.88
17.911,12.88
17.961,12.879
18,12.878
18.2,12.872
18.205,12.872
18.257,12.872
18.301,12.871
18.317,12.872
18.386,12.875
18.4,12.876
18.405,12.876
18.439,12.876
18.501,12.876
18.517,12.876
18.6,12.877
18.601,12.877
18.612,12.876
18.671,12.875
18.7,12.874
18.708,12.874
18.762,12.871
18.802,12.87
18.831,12.868
18.9,12.866
18.911,12.866
18.987,12.864
19,12.864
19.002,12.864
19.022,12.865
19.097,12.867
19.101,12.867
19.119,12.868
19.2,12.869
19.206,12.869
19.259,12.87
19.3,12.871
19.307,12.871
19.356,12.87
19.54,12.869
19.7,12.867
19.716,12.867
19.82,12.865
19.9,12.863
19.905,12.863
19.947,12.864
20,12.864
20.2,12.867
20.208,12.868
20.277,12.87
20.3,12.87
20.309,12.87
20.356,12.87
20.401,12.869
20.42,12.87
20.532,12.87
20.6,12.871
20.604,12.87
20.635,12.869
20.7,12.866
20.703,12.866
20.732,12.867
20.8,12.867
20.813,12.867
20.9,12.866
21,12.866
21.002,12.866
21.024,12.867
21.1,12.869
21.101,12.869
21.109,12.869
21.148,12.867
21.2,12.865
21.202,12.865
21.22,12.866
21.292,12.868
21.302,12.868
21.331,12.869
21.4,12.87
21.411,12.87
21.496,12.871
21.502,12.871
21.521,12.872
21.6,12.875
21.601,12.875
21.61,12.875
21.649,12.873
21.7,12.87
21.703,12.87
21.73,12.87
21.844,12.869
21.901,12.868
21.912,12.867
21.977,12.865
22,12.864
22.002,12.864
22.021,12.864
22.101,12.865
22.2,12.866
22.204,12.867
22.235,12.868
22.3,12.871
22.302,12.871
22.325,12.871
22.4,12.872
22.402,12.872
22.423,12.872
22.499,12.87
22.508,12.87
22.572,12.869
22.6,12.869
22.608,12.869
22.652,12.867
22.701,12.865
22.71,12.865
22.755,12.865
22.8,12.866
22.805,12.866
22.848,12.868
23,12.874
23,12.874
23.002,12.874
23.03,12.874
23.1,12.875
23.102,12.875
23.12,12.875
23.199,12.873
23.204,12.873
23.249,12.872
23.301,12.87
23.315,12.87
23.397,12.869
23.402,12.869
23.421,12.87
23.5,12.873
23.505,12.873
23.547,12.874
23.731,12.877
23.8,12.878
23.803,12.878
23.828,12.877
23.9,12.875
23.911,12.874
23.988,12.872
24,12.872
24.002,12.872
24.025,12.872
24.129,12.873
24.2,12.874
24.206,12.874
24.242,12.876
24.3,12.879
24.307,12.879
24.342,12.882
24.4,12.887
24.401,12.887
24.414,12.887
24.464,12.886
24.501,12.886
24.523,12.886
24.639,12.886
24.7,12.886
24.708,12.886
24.76,12.888
24.8,12.889
24.806,12.889
24.844,12.892
24.9,12.897
24.902,12.897
24.919,12.898
25,12.901
25.1,12.905
25.102,12.905
25.116,12.905
25.184,12.905
25.201,12.904
25.225,12.904
25.3,12.903
25.303,12.903
25.331,12.903
25.4,12.904
25.406,12.904
25.464,12.905
25.5,12.906
25.51,12.906
25.567,12.909
25.6,12.91
25.609,12.91
25.666,12.912
25.7,12.912
25.706,12.913
25.748,12.915
25.8,12.918
25.801,12.918
25.816,12.918
25.88,12.918
25.904,12.918
25.94,12.919
26,12.92
26.002,12.919
26.029,12.919
26.1,12.919
26.103,12.919
26.122,12.92
26.196,12.923
26.202,12.924
26.227,12.925
26.3,12.93
26.306,12.93
26.358,12.933
26.5,12.94
26.503,12.941
26.53,12.941
26.6,12.942
26.602,12.943
26.625,12.944
26.7,12.948
26.703,12.948
26.736,12.95
26.8,12.953
26.809,12.953
26.882,12.956
27,12.96
27.2,12.968
27.206,12.968
27.243,12.97
27.3,12.974
27.314,12.975
27.399,12.98
27.402,12.98
27.429,12.981
27.5,12.984
27.507,12.984
27.56,12.987
27.7,12.996
27.704,12.996
27.745,12.999
27.8,13.003
27.807,13.003
27.847,13.005
28,13.011
28.101,13.015
28.115,13.016
28.198,13.021
28.202,13.021
28.221,13.023
28.31,13.031
28.4,13.04
28.403,13.04
28.427,13.042
28.552,13.052
28.6,13.055
28.609,13.056
28.666,13.058
28.703,13.06
28.733,13.062
28.801,13.066
28.817,13.067
28.9,13.073
28.904,13.074
28.938,13.075
29,13.079
29.001,13.079
29.012,13.08
29.06,13.087
29.1,13.092
29.106,13.093
29.138,13.096
29.2,13.101
29.206,13.101
29.26,13.105
29.3,13.108
29.305,13.109
29.337,13.112
29.4,13.12
29.405,13.12
29.44,13.123
29.5,13.128
29.502,13.128
29.522,13.13
29.6,13.14
29.603,13.14
29.627,13.144
29.7,13.154
29.702,13.155
29.722,13.157
29.838,13.172
30,13.195
30.003,13.195
30.031,13.198
30.1,13.207
30.106,13.208
30.153,13.214
30.201,13.221
30.222,13.223
30.3,13.234
30.305,13.234
30.349,13.24
30.402,13.246
30.415,13.248
30.497,13.26
30.503,13.261
30.527,13.265
30.6,13.278
30.607,13.279
30.649,13.286
30.7,13.294
30.707,13.295
30.747,13.303
30.8,13.314
30.807,13.316
30.864,13.327
30.9,13.334
30.903,13.335
30.926,13.338
31,13.35
31,13.35
31.009,13.352
31.08,13.365
31.101,13.369
31.117,13.372
31.199,13.39
31.201,13.391
31.215,13.394
31.296,13.415
31.4,13.443
31.404,13.444
31.436,13.452
31.587,13.493
31.7,13.526
31.705,13.528
31.743,13.538
31.8,13.554
31.802,13.555
31.819,13.561
31.898,13.589
31.902,13.59
31.918,13.595
31.997,13.622
32,13.623
32.003,13.624
32.025,13.633
32.1,13.663
32.102,13.664
32.12,13.672
32.2,13.708
32.201,13.709
32.215,13.715
32.294,13.752
32.302,13.756
32.325,13.767
32.449,13.833
32.6,13.925
32.605,13.929
32.655,13.964
32.7,13.999
32.707,14.004
32.743,14.035
32.8,14.088
32.803,14.09
32.825,14.111
32.9,14.188
32.902,14.19
32.932,14.224
33,14.309
33,14.309
33.001,14.31
33.008,14.319
33.029,14.347
33.046,14.371
33.085,14.428
33.179,14.593
33.2,14.638
33.207,14.652
33.23,14.707
33.23,14.707
33.23,14.707
33.23,14.707
33.23,14.707
33.23,14.707
33.231,14.709
33.232,14.713
33.235,14.718
33.24,14.733
33.251,14.76
33.271,14.814
33.3,14.904
33.307,14.926
33.352,15.095
33.384,15.239
33.4,15.324
33.401,15.329
33.408,15.373
33.432,15.531
33.45,15.67
33.461,15.776
33.474,15.905
33.5,16.247
33.501,16.259
33.51,16.425
33.523,16.698
33.531,16.888
33.536,17.063
33.541,17.214
33.544,17.36
33.548,17.521
33.551,17.669
33.555,17.883
33.558,18.055
33.56,18.222
33.562,18.356
33.563,18.506
33.566,18.707
33.567,18.857
33.569,19.071
33.572,19.409
33.573,19.7
33.576,20.064
33.577,20.269
33.577,20.378
33.578,20.468
33.578,20.468
33.578,20.471
33.578,20.493
33.578,20.533
33.578,20.599
33.578,20.651
33.579,20.702
33.579,20.759
33.579,20.806
33.579,20.816
33.579,20.861
33.579,20.871
33.579,20.872
33.579,20.887
33.579,20.929
33.58,20.996
33.58,21.117
33.58,21.263
33.581,21.346
33.581,21.414
33.581,21.547
33.582,21.794
33.582,21.975
33.583,22.127
33.583,22.249
33.583,22.391
33.583,22.562
33.584,22.903
33.584,23.184
33.585,23.679
33.585,23.99
33.585,24.234
33.585,24.622
33.586,25.148
33.586,25.474
33.586,25.752
33.586,26.011
33.586,26.297
33.586,26.857
33.586,27.257
33.586,27.534
33.586,27.769
33.587,27.975
33.587,28.167
33.587,28.347
33.587,28.495
33.587,28.643
33.587,28.835
33.587,29.135
33.587,29.313
33.587,29.606
33.587,29.794
33.587,29.931
33.587,30.191
33.587,30.358
33.587,30.487
33.587,30.701
33.587,30.859
33.587,30.977
33.587,31.085
33.587,31.191
33.587,31.273
33.587,31.337
33.587,31.532
33.587,31.756
33.587,31.934
33.587,32.068
33.587,32.179
33.587,32.267
33.587,32.353
33.587,32.56
33.587,32.757
33.588,32.914
33.588,33.07
33.588,33.086
33.588,33.224
33.588,33.433
33.588,33.561
33.588,33.66
33.588,33.768
33.588,34.051
33.588,34.219
33.588,34.366
33.588,34.481
33.588,34.583
33.588,34.667
33.588,34.744
33.588,34.819
33.588,34.886
33.588,34.945
33.588,35.046
33.588,35.253
33.588,35.428
33.588,35.543
33.588,35.631
33.588,35.699
33.588,35.778
33.588,35.965
33.588,36.157
33.588,36.305
33.589,36.449
33.589,36.578
33.589,36.679
33.589,36.763
33.589,36.84
33.589,36.91
33.589,36.994
33.589,37.111
33.589,37.437
33.589,37.707
33.589,37.876
33.589,38.019
33.589,38.121
33.59,38.249
33.59,38.396
33.59,38.582
33.59,38.974
33.591,39.16
33.591,39.293
33.591,39.398
33.591,39.531
33.592,39.642
33.592,39.726
33.592,39.836
33.593,39.934
33.593,40.005
33.593,40.059
33.594,40.109
33.594,40.159
33.594,40.262
33.595,40.338
33.595,40.39
33.596,40.436
33.596,40.53
33.597,40.58
33.597,40.619
33.598,40.655
33.599,40.758
33.6,40.851
33.6,40.9
33.602,41.009
33.604,41.12
33.607,41.206
33.609,41.269
33.611,41.316
33.615,41.391
33.62,41.433
33.624,41.457
33.628,41.467
33.63,41.471
33.633,41.476
33.639,41.481
33.645,41.484
33.65,41.484
33.656,41.484
33.66,41.484
33.664,41.484
33.669,41.483
33.68,41.481
33.693,41.479
33.701,41.477
33.705,41.476
33.71,41.475
33.72,41.473
33.734,41.469
33.746,41.466
33.756,41.463
33.767,41.461
33.784,41.456
33.8,41.452
33.805,41.451
33.81,41.45
33.822,41.447
33.846,41.442
33.876,41.435
33.901,41.429
33.907,41.428
33.914,41.426
33.924,41.424
33.932,41.422
33.941,41.419
33.949,41.417
33.957,41.415
33.989,41.407
34,41.404
34.004,41.404
34.018,41.404
34.068,41.404
34.132,41.404
34.201,41.404
34.255,41.403
34.4,41.398
34.412,41.396
34.585,41.368
34.704,41.349
34.803,41.34
34.901,41.33
34.932,41.329
35,41.327
35.101,41.323
35.132,41.319
35.201,41.31
35.26,41.304
35.308,41.299
35.441,41.282
35.502,41.274
35.543,41.272
35.602,41.27
35.658,41.264
35.704,41.259
35.798,41.244
35.805,41.243
35.901,41.224
35.921,41.219
36,41.201
36.039,41.193
36.1,41.181
36.112,41.181
36.2,41.177
36.208,41.177
36.3,41.167
36.316,41.166
36.4,41.16
36.421,41.158
36.6,41.14
36.608,41.139
36.7,41.136
36.707,41.135
36.8,41.125
36.831,41.121
36.9,41.112
36.917,41.111
37,41.105
37.004,41.104
37.08,41.089
37.102,41.085
37.142,41.082
37.202,41.077
37.288,41.074
37.316,41.072
37.4,41.066
37.437,41.062
37.5,41.055
37.519,41.052
37.698,41.016
37.704,41.015
37.767,41.008
37.9,40.994
37.907,40.994
37.995,40.996
38,40.996
38.007,40.996
38.098,40.986
38.103,40.985
38.152,40.974
38.201,40.962
38.223,40.96
38.4,40.941
38.433,40.939
38.506,40.933
38.6,40.929
38.613,40.928
38.703,40.918
38.753,40.911
38.804,40.904
38.898,40.888
38.909,40.886
39,40.874
39.101,40.86
39.12,40.86
39.202,40.862
39.239,40.86
39.5,40.848
39.503,40.847
39.552,40.837
39.607,40.826
39.7,40.81
39.711,40.809
39.8,40.8
39.806,40.8
39.928,40.798
40,40.797
40.011,40.796
40.101,40.789
40.129,40.785
40.2,40.775
40.207,40.773
40.3,40.751
40.304,40.751
40.342,40.745
40.403,40.737
40.462,40.736
40.601,40.734
40.651,40.735
40.701,40.735
40.728,40.732
40.804,40.724
40.881,40.713
40.906,40.709
41,40.693
41.01,40.692
41.101,40.688
41.154,40.687
41.203,40.686
41.266,40.689
41.302,40.691
41.354,40.69
41.403,40.689
41.479,40.68
41.507,40.677
41.599,40.664
41.62,40.66
41.701,40.646
41.754,40.639
41.8,40.632
41.81,40.632
41.9,40.633
41.903,40.633
41.97,40.628
42,40.625
42.005,40.626
42.097,40.63
42.102,40.63
42.155,40.625
42.201,40.621
42.215,40.618
42.3,40.595
42.309,40.594
42.399,40.59
42.405,40.589
42.487,40.577
42.505,40.575
42.6,40.571
42.606,40.571
42.7,40.572
42.701,40.571
42.722,40.567
42.8,40.551
42.806,40.551
42.898,40.543
42.905,40.542
42.997,40.526
43,40.525
43.01,40.525
43.1,40.517
43.114,40.517
43.2,40.515
43.209,40.514
43.3,40.501
43.305,40.501
43.39,40.499
43.401,40.499
43.422,40.494
43.5,40.478
43.51,40.477
43.6,40.47
43.609,40.469
43.7,40.456
43.706,40.454
43.8,40.432
43.802,40.432
43.835,40.431
43.904,40.43
44,40.425
44,40.425
44.035,40.422
44.104,40.416
44.241,40.4
44.306,40.393
44.4,40.379
44.405,40.379
44.497,40.374
44.517,40.373
44.6,40.366
44.609,40.364
44.7,40.345
44.705,40.345
44.796,40.334
44.802,40.333
44.857,40.322
44.9,40.313
44.909,40.313
45,40.314
45.1,40.315
45.115,40.313
45.2,40.304
45.211,40.304
45.3,40.308
45.303,40.307
45.339,40.302
45.402,40.293
45.458,40.281
45.5,40.272
45.508,40.272
45.6,40.27
45.604,40.27
45.68,40.261
45.715,40.257
45.801,40.244
45.814,40.245
45.9,40.248
45.904,40.248
45.964,40.239
46,40.234
46.036,40.229
46.101,40.222
46.136,40.22
46.201,40.217
46.222,40.212
46.3,40.196
46.306,40.196
46.399,40.188
46.437,40.186
46.509,40.182
46.699,40.166
46.707,40.165
46.845,40.144
47,40.122
47.141,40.103
47.201,40.096
47.225,40.09
47.3,40.072
47.305,40.072
47.382,40.068
47.501,40.061
47.546,40.056
47.601,40.05
47.634,40.048
47.702,40.044
47.759,40.038
47.804,40.033
47.9,40.019
47.915,40.017
48,40.01
48.006,40.009
48.1,39.99
48.105,39.989
48.2,39.975
48.218,39.973
48.31,39.963
48.4,39.955
48.41,39.955
48.594,39.95
48.606,39.95
48.7,39.942
48.704,39.941
48.759,39.928
48.801,39.918
48.832,39.914
48.906,39.906
49,39.892
49,39.892
49.004,39.892
49.064,39.892
49.105,39.893
49.2,39.896
49.235,39.896
49.301,39.896
49.326,39.89
49.404,39.872
49.526,39.84
49.603,39.82
49.649,39.811
49.702,39.802
49.74,39.8
49.802,39.797
49.887,39.795
49.901,39.794
49.929,39.79
50,39.78
50.028,39.775
50.102,39.762
50.193,39.749
50.21,39.747
50.3,39.736
50.31,39.736
50.4,39.731
50.41,39.73
50.5,39.719
50.525,39.716
50.605,39.704
50.78,39.673
50.802,39.67
50.851,39.666
50.902,39.661
50.947,39.653
51,39.644
51.013,39.643
51.1,39.633
51.107,39.633
51.2,39.636
51.232,39.636
51.303,39.636
51.397,39.634
51.413,39.633
51.501,39.628
51.543,39.623
51.602,39.617
51.689,39.604
51.704,39.602
51.791,39.595
51.817,39.593
51.901,39.588
51.929,39.584
52,39.574
