8,8118.6
8.0018,8633.5
8.0037,9140.1
8.0055,9630.7
8.0073,10128
8.0092,10623
8.011,11133
8.0128,11648
8.0147,12146
8.0165,12631
8.0183,12652
8.0202,12638
8.022,12601
8.0238,12602
8.0257,12622
8.0275,12575
8.0293,12512
8.0312,12495
8.033,12489
8.0348,12439
8.0367,12443
8.0385,12473
8.0403,12478
8.0422,12462
8.044,12500
8.0458,12484
8.0477,12502
8.0495,12523
8.0513,12550
8.0532,12573
8.055,12516
8.0568,12539
8.0587,12585
8.0605,12558
8.0623,12538
8.0642,12604
8.066,12648
8.0678,12691
8.0697,12723
8.0715,12747
8.0733,12798
8.0752,12730
8.077,12746
8.0788,12780
8.0807,12740
8.0825,12789
8.0843,12767
8.0862,12747
8.088,12677
8.0898,12659
8.0917,12682
8.0935,12697
8.0953,12696
8.0972,12697
8.099,12675
8.1008,12579
8.1027,12569
8.1045,12535
8.1063,12502
8.1082,12514
8.11,12450
8.1118,12477
8.1137,12445
8.1155,12446
8.1173,12406
8.1192,12367
8.121,12387
8.1228,12413
8.1247,12477
8.1265,12496
8.1283,12515
8.1302,12504
8.132,12482
8.1338,12524
8.1357,12595
8.1375,12668
8.1393,12638
8.1412,12638
8.143,12603
8.1448,12578
8.1467,12597
8.1485,12594
8.1503,12615
8.1522,12623
8.154,12651
8.1558,12697
8.1577,12673
8.1595,12615
8.1613,12598
8.1632,12561
8.165,12525
8.1668,12507
8.1687,12514
8.1705,12520
8.1723,12501
8.1742,12526
8.176,12548
8.1778,12523
8.1797,12572
8.1815,12613
8.1833,12677
8.1852,12680
8.187,12656
8.1888,12626
8.1907,12634
8.1925,12602
8.1943,12594
8.1962,12619
8.198,12654
8.1998,12683
8.2017,12745
8.2035,12744
8.2053,12737
8.2072,12689
8.209,12710
8.2108,12669
8.2127,12691
8.2145,12667
8.2163,12656
8.2182,12604
8.22,12563
8.2218,12546
8.2237,12540
8.2255,12565
8.2273,12578
8.2292,12597
8.231,12591
8.2328,12603
8.2347,12595
8.2365,12596
8.2383,12540
8.2402,12528
8.242,12551
8.2438,12582
8.2457,12511
8.2475,12531
8.2493,12517
8.2512,12596
8.253,12581
8.2548,12584
8.2567,12608
8.2585,12609
8.2603,12631
8.2622,12646
8.264,12665
8.2658,12683
8.2677,12698
8.2695,12655
8.2713,12620
8.2732,12604
8.275,12603
8.2768,12603
8.2787,12632
8.2805,12590
8.2823,12585
8.2842,12596
8.286,12597
8.2878,12578
8.2897,12581
8.2915,12636
8.2933,12642
8.2952,12660
8.297,12686
8.2988,12635
8.3007,12644
8.3025,12617
8.3043,12618
8.3062,12654
8.308,12638
8.3098,12639
8.3117,12640
8.3135,12652
8.3153,12593
8.3172,12658
8.319,12679
8.3208,12649
8.3227,12652
8.3245,12636
8.3263,12642
8.3282,12618
8.33,12591
8.3318,12587
8.3337,12561
8.3355,12572
8.3373,12517
8.3392,12482
8.341,12463
8.3428,12475
8.3447,12500
8.3465,12523
8.3483,12544
8.3502,12536
8.352,12534
8.3538,12505
8.3557,12535
8.3575,12549
8.3593,12531
8.3612,12511
8.363,12498
8.3648,12470
8.3667,12482
8.3685,12463
8.3703,12496
8.3722,12490
8.374,12524
8.3758,12534
8.3777,12563
8.3795,12553
8.3813,12564
8.3832,12523
8.385,12569
8.3868,12573
8.3887,12593
8.3905,12571
8.3923,12540
8.3942,12530
8.396,12536
8.3978,12538
8.3997,12561
8.4015,12537
8.4033,12520
8.4052,12561
8.407,12568
8.4088,12606
8.4107,12592
8.4125,12602
8.4143,12577
8.4162,12549
8.418,12511
8.4198,12557
8.4217,12542
8.4235,12568
8.4253,12569
8.4272,12563
8.429,12533
8.4308,12523
8.4327,12551
8.4345,12549
8.4363,12571
8.4382,12590
8.44,12618
8.4418,12583
8.4437,12567
8.4455,12538
8.4473,12518
8.4492,12530
8.451,12546
8.4528,12568
8.4547,12591
8.4565,12581
8.4583,12519
8.4602,12526
8.462,12476
8.4638,12475
8.4657,12476
8.4675,12470
8.4693,12432
8.4712,12461
8.473,12425
8.4748,12408
8.4767,12378
8.4785,12382
8.4803,12337
8.4822,12324
8.484,12317
8.4858,12294
8.4877,12298
8.4895,12314
8.4913,12325
8.4932,12326
8.495,12332
8.4968,12272
8.4987,12302
8.5005,12336
8.5023,12346
8.5042,12333
8.506,12334
8.5078,12302
8.5097,12287
8.5115,12309
8.5133,12287
8.5152,12289
8.517,12303
8.5188,12324
8.5207,12380
8.5225,12363
8.5243,12302
8.5262,12288
8.528,12270
8.5298,12271
8.5317,12339
8.5335,12377
8.5353,12376
8.5372,12371
8.539,12378
8.5408,12382
8.5427,12340
8.5445,12347
8.5463,12351
8.5482,12355
8.55,12356
8.5518,12296
8.5537,12312
8.5555,12307
8.5573,12267
8.5592,12280
8.561,12343
8.5628,12328
8.5647,12321
8.5665,12307
8.5683,12251
8.5702,12235
8.572,12264
8.5738,12230
8.5757,12271
8.5775,12251
8.5793,12283
8.5812,12270
8.583,12269
8.5848,12273
8.5867,12309
8.5885,12364
8.5903,12345
8.5922,12376
8.594,12418
8.5958,12435
8.5977,12441
8.5995,12469
8.6013,12526
8.6032,12510
8.605,12507
8.6068,12536
8.6087,12553
8.6105,12599
8.6123,12608
8.6142,12707
8.616,12768
8.6178,12909
8.6197,13055
8.6215,13289
8.6233,13581
8.6252,14012
8.627,14660
8.6288,15513
8.6307,16719
8.6325,18454
8.6343,20885
8.6362,24187
8.638,28695
8.6398,34680
8.6417,42648
8.6435,53217
8.6453,66904
8.6472,84671
8.649,1.0722e+05
8.6508,1.3556e+05
8.6527,1.7099e+05
8.6545,2.1468e+05
8.6563,2.6823e+05
8.6582,3.3251e+05
8.66,4.0832e+05
8.6618,4.9664e+05
8.6637,5.9847e+05
8.6655,7.1288e+05
8.6673,8.4023e+05
8.6692,9.8055e+05
8.671,1.1315e+06
8.6728,1.2912e+06
8.6747,1.4606e+06
8.6765,1.6384e+06
8.6783,1.8229e+06
8.6802,2.0123e+06
8.682,2.2058e+06
8.6838,2.4006e+06
8.6857,2.595e+06
8.6875,2.7877e+06
8.6893,2.9776e+06
8.6912,3.1617e+06
8.693,3.3365e+06
8.6948,3.5039e+06
8.6967,3.6604e+06
8.6985,3.806e+06
8.7003,3.9398e+06
8.7022,4.0603e+06
8.704,4.1663e+06
8.7058,4.2594e+06
8.7077,4.3376e+06
8.7095,4.4073e+06
8.7113,4.4625e+06
8.7132,4.5068e+06
8.715,4.54e+06
8.7168,4.5611e+06
8.7187,4.5675e+06
8.7205,4.5679e+06
8.7223,4.5579e+06
8.7242,4.5378e+06
8.726,4.5057e+06
8.7278,4.4629e+06
8.7297,4.4123e+06
8.7315,4.3503e+06
8.7333,4.2771e+06
8.7352,4.1927e+06
8.737,4.0961e+06
8.7388,3.9896e+06
8.7407,3.8746e+06
8.7425,3.7476e+06
8.7443,3.6141e+06
8.7462,3.4684e+06
8.748,3.3161e+06
8.7498,3.1542e+06
8.7517,2.9845e+06
8.7535,2.8102e+06
8.7553,2.635e+06
8.7572,2.4531e+06
8.759,2.2708e+06
8.7608,2.0896e+06
8.7627,1.9116e+06
8.7645,1.7385e+06
8.7663,1.5697e+06
8.7682,1.407e+06
8.77,1.253e+06
8.7718,1.1072e+06
8.7737,9.706e+05
8.7755,8.4384e+05
8.7773,7.2631e+05
8.7792,6.197e+05
8.781,5.2284e+05
8.7828,4.3693e+05
8.7847,3.6107e+05
8.7865,2.9577e+05
8.7883,2.4053e+05
8.7902,1.9455e+05
8.792,1.5687e+05
8.7938,1.2644e+05
8.7957,1.0247e+05
8.7975,83392
8.7993,68741
8.8012,57436
8.803,48951
8.8048,42480
8.8067,37637
8.8085,34074
8.8103,31509
8.8122,29577
8.814,28182
8.8158,27182
8.8177,26433
8.8195,25893
8.8213,25425
8.8232,25056
8.825,24695
8.8268,24368
8.8287,24024
8.8305,23766
8.8323,23416
8.8342,23128
8.836,22799
8.8378,22405
8.8397,22013
8.8415,21656
8.8433,21252
8.8452,20842
8.847,20459
8.8488,20032
8.8507,19618
8.8525,19183
8.8543,18749
8.8562,18316
8.858,17921
8.8598,17527
8.8617,17186
8.8635,16814
8.8653,16481
8.8672,16165
8.869,15884
8.8708,15560
8.8727,15277
8.8745,15074
8.8763,14870
8.8782,14674
8.88,14524
8.8818,14418
8.8837,15061
8.8855,19438
8.8873,21499
8.8892,22807
8.891,23960
8.8928,25045
8.8947,26195
8.8965,27363
8.8983,28478
8.9002,29638
8.902,30843
8.9038,31941
8.9057,33112
8.9075,34272
8.9093,35463
8.9112,36645
8.913,37802
8.9148,39001
8.9167,40123
8.9185,41253
8.9203,41585
8.9222,38302
8.924,37286
8.9258,37045
8.9277,37028
8.9295,37017
8.9313,37010
8.9332,36979
8.935,36961
8.9368,36909
8.9387,36852
8.9405,36847
8.9423,36780
8.9442,36731
8.946,36677
8.9478,36594
8.9497,36580
8.9515,36527
8.9533,36522
8.9552,36466
8.957,36465
8.9588,36446
8.9607,36481
8.9625,36486
8.9643,36419
8.9662,36419
8.968,36372
8.9698,36326
8.9717,36319
8.9735,36306
8.9753,36321
8.9772,36305
8.979,36324
8.9808,36407
8.9827,36378
8.9845,36431
8.9863,36411
8.9882,36379
8.99,36388
8.9918,36450
8.9937,36512
8.9955,36566
8.9973,36573
8.9992,36522
9.001,36659
9.0028,36752
9.0047,36900
9.0065,37033
9.0083,37166
9.0102,37371
9.012,37521
9.0138,37747
9.0157,38030
9.0175,38216
9.0193,38610
9.0212,38975
9.023,39404
9.0248,39915
9.0267,40439
9.0285,40975
9.0303,41452
9.0322,41977
9.034,42580
9.0358,43238
9.0377,43753
9.0395,44375
9.0413,44893
9.0432,45507
9.045,46055
9.0468,46527
9.0487,47010
9.0505,47371
9.0523,47609
9.0542,47942
9.056,48115
9.0578,48254
9.0597,48322
9.0615,48297
9.0633,48113
9.0652,47918
9.067,47736
9.0688,47457
9.0707,47110
9.0725,46768
9.0743,46375
9.0762,45896
9.078,45445
9.0798,44868
9.0817,44355
9.0835,43844
9.0853,43316
9.0872,42845
9.089,42425
9.0908,41889
9.0927,41504
9.0945,41069
9.0963,40692
9.0982,40317
9.1,40013
9.1018,39725
9.1037,39375
9.1055,39081
9.1073,38819
9.1092,38600
9.111,38375
9.1128,38119
9.1147,37904
9.1165,37750
9.1183,37574
9.1202,37404
9.122,37294
9.1238,37222
9.1257,37073
9.1275,37031
9.1293,36829
9.1312,36726
9.133,36592
9.1348,36552
9.1367,36483
9.1385,36420
9.1403,36473
9.1422,36453
9.144,36442
9.1458,36453
9.1477,36591
9.1495,36807
9.1513,37010
9.1532,37318
9.155,37708
9.1568,38248
9.1587,38866
9.1605,39675
9.1623,40765
9.1642,42042
9.166,43692
9.1678,45577
9.1697,47911
9.1715,50618
9.1733,53872
9.1752,57622
9.177,61935
9.1788,66856
9.1807,72495
9.1825,78831
9.1843,85770
9.1862,93550
9.188,1.0216e+05
9.1898,1.1131e+05
9.1917,1.2123e+05
9.1935,1.3188e+05
9.1953,1.4316e+05
9.1972,1.5491e+05
9.199,1.6719e+05
9.2008,1.7982e+05
9.2027,1.9277e+05
9.2045,2.0606e+05
9.2063,2.1894e+05
9.2082,2.3184e+05
9.21,2.4458e+05
9.2118,2.5708e+05
9.2137,2.689e+05
9.2155,2.8015e+05
9.2173,2.9047e+05
9.2192,2.999e+05
9.221,3.0822e+05
9.2228,3.1536e+05
9.2247,3.2121e+05
9.2265,3.2579e+05
9.2283,3.29e+05
9.2302,3.307e+05
9.232,3.3106e+05
9.2338,3.3002e+05
9.2357,3.276e+05
9.2375,3.2391e+05
9.2393,3.1883e+05
9.2412,3.1243e+05
9.243,3.0538e+05
9.2448,2.9716e+05
9.2467,2.8817e+05
9.2485,2.7818e+05
9.2503,2.6775e+05
9.2522,2.5675e+05
9.254,2.4549e+05
9.2558,2.3394e+05
9.2577,2.2229e+05
9.2595,2.1056e+05
9.2613,1.9894e+05
9.2632,1.8763e+05
9.265,1.765e+05
9.2668,1.6578e+05
9.2687,1.5554e+05
9.2705,1.4572e+05
9.2723,1.3636e+05
9.2742,1.2759e+05
9.276,1.1934e+05
9.2778,1.1175e+05
9.2797,1.0461e+05
9.2815,98024
9.2833,91879
9.2852,86339
9.287,81310
9.2888,76759
9.2907,72622
9.2925,68930
9.2943,65718
9.2962,62851
9.298,60259
9.2998,57954
9.3017,55931
9.3035,54189
9.3053,52567
9.3072,51158
9.309,49914
9.3108,48843
9.3127,47945
9.3145,47067
9.3163,46330
9.3182,45756
9.32,45196
9.3218,44694
9.3237,44185
9.3255,43794
9.3273,43405
9.3292,43021
9.331,42654
9.3328,42352
9.3347,42089
9.3365,41832
9.3383,41651
9.3402,41392
9.342,41179
9.3438,41031
9.3457,40936
9.3475,40706
9.3493,40543
9.3512,40397
9.353,40254
9.3548,40131
9.3567,39985
9.3585,39905
9.3603,39834
9.3622,39737
9.364,39649
9.3658,39551
9.3677,39478
9.3695,39401
9.3713,39314
9.3732,39239
9.375,39083
9.3768,39011
9.3787,38923
9.3805,38793
9.3823,38666
9.3842,38624
9.386,38562
9.3878,38489
9.3897,38427
9.3915,38341
9.3933,38320
9.3952,38251
9.397,38213
9.3988,38138
9.4007,38104
9.4025,38048
9.4043,37988
9.4062,37978
9.408,37962
9.4098,37929
9.4117,38009
9.4135,38051
9.4153,38001
9.4172,38024
9.419,37980
9.4208,37980
9.4227,37956
9.4245,37971
9.4263,37976
9.4282,37949
9.43,37906
9.4318,37889
9.4337,37851
9.4355,37842
9.4373,37832
9.4392,37833
9.441,37804
9.4428,37774
9.4447,37723
9.4465,37672
9.4483,37640
9.4502,37563
9.452,37538
9.4538,37487
9.4557,37485
9.4575,37389
9.4593,37383
9.4612,37304
9.463,37198
9.4648,37197
9.4667,37168
9.4685,37154
9.4703,37092
9.4722,37016
9.474,36969
9.4758,36945
9.4777,36970
9.4795,36919
9.4813,36864
9.4832,36851
9.485,36769
9.4868,36720
9.4887,36696
9.4905,36720
9.4923,36705
9.4942,36674
9.496,36560
9.4978,36590
9.4997,36645
9.5015,36569
9.5033,36568
9.5052,36515
9.507,36479
9.5088,36490
9.5107,36536
9.5125,36495
9.5143,36480
9.5162,36455
9.518,36486
9.5198,36540
9.5217,36546
9.5235,36523
9.5253,36505
9.5272,36434
9.529,36443
9.5308,36458
9.5327,36524
9.5345,36461
9.5363,36480
9.5382,36508
9.54,36458
9.5418,36433
9.5437,36461
9.5455,36461
9.5473,36386
9.5492,36351
9.551,36267
9.5528,36231
9.5547,36216
9.5565,36168
9.5583,36174
9.5602,36203
9.562,36159
9.5638,36148
9.5657,36094
9.5675,36093
9.5693,36117
9.5712,36149
9.573,36113
9.5748,36138
9.5767,36126
9.5785,36130
9.5803,36096
9.5822,36074
9.584,36089
9.5858,36120
9.5877,36141
9.5895,36127
9.5913,36112
9.5932,36078
9.595,36090
9.5968,36089
9.5987,36137
9.6005,36126
9.6023,36085
9.6042,36088
9.606,35978
9.6078,35917
9.6097,35891
9.6115,35853
9.6133,35891
9.6152,35882
9.617,35848
9.6188,35845
9.6207,35838
9.6225,35860
9.6243,35914
9.6262,35914
9.628,35905
9.6298,35917
9.6317,35883
9.6335,35859
9.6353,35812
9.6372,35834
9.639,35872
9.6408,35861
9.6427,35906
9.6445,35886
9.6463,35898
9.6482,35886
9.65,35768
9.6518,35795
9.6537,35825
9.6555,35871
9.6573,35850
9.6592,35789
9.661,35742
9.6628,35757
9.6647,35719
9.6665,35689
9.6683,35680
9.6702,35655
9.672,35642
9.6738,35644
9.6757,35641
9.6775,35638
9.6793,35572
9.6812,35598
9.683,35533
9.6848,35514
9.6867,35553
9.6885,35549
9.6903,35572
9.6922,35458
9.694,35498
9.6958,35572
9.6977,35523
9.6995,35508
9.7013,35537
9.7032,35581
9.705,35539
9.7068,35562
9.7087,35562
9.7105,35520
9.7123,35501
9.7142,35488
9.716,35555
9.7178,35547
9.7197,35565
9.7215,35610
9.7233,35607
9.7252,35593
9.727,35576
9.7288,35657
9.7307,35647
9.7325,35632
9.7343,35688
9.7362,35765
9.738,35853
9.7398,35983
9.7417,36164
9.7435,36364
9.7453,36584
9.7472,36897
9.749,37210
9.7508,37555
9.7527,37950
9.7545,38425
9.7563,39006
9.7582,39549
9.76,40231
9.7618,40919
9.7637,41702
9.7655,42528
9.7673,43346
9.7692,44216
9.771,45050
9.7728,45961
9.7747,46810
9.7765,47614
9.7783,48525
9.7802,49337
9.782,50062
9.7838,50727
9.7857,51307
9.7875,51801
9.7893,52183
9.7912,52495
9.793,52738
9.7948,52848
9.7967,52826
9.7985,52654
9.8003,52426
9.8022,52005
9.804,51563
9.8058,51052
9.8077,50503
9.8095,49836
9.8113,49204
9.8132,48478
9.815,47653
9.8168,46856
9.8187,46153
9.8205,45392
9.8223,44698
9.8242,44013
9.826,43405
9.8278,42782
9.8297,42089
9.8315,41531
9.8333,40987
9.8352,40550
9.837,40051
9.8388,39723
9.8407,39382
9.8425,39055
9.8443,38772
9.8462,38466
9.848,38152
9.8498,37914
9.8517,37644
9.8535,37457
9.8553,37314
9.8572,37109
9.859,36905
9.8608,36746
9.8627,36519
9.8645,36334
9.8663,36193
9.8682,36028
9.87,35991
9.8718,35951
9.8737,35896
9.8755,35759
9.8773,35575
9.8792,35465
9.881,35373
9.8828,35310
9.8847,35268
9.8865,35215
9.8883,35222
9.8902,35123
9.892,35002
9.8938,35003
9.8957,34968
9.8975,34967
9.8993,34960
9.9012,34977
9.903,34986
9.9048,34974
9.9067,34915
9.9085,34850
9.9103,34839
9.9122,34862
9.914,34923
9.9158,34895
9.9177,34936
9.9195,34960
9.9213,35008
9.9232,35046
9.925,35048
9.9268,35080
9.9287,35050
9.9305,35036
9.9323,35115
9.9342,35124
9.936,35104
9.9378,35129
9.9397,35112
9.9415,35142
9.9433,35136
9.9452,35123
9.947,35081
9.9488,35109
9.9507,35195
9.9525,35226
9.9543,35137
9.9562,35136
9.958,35117
9.9598,35090
9.9617,35060
9.9635,35014
9.9653,34991
9.9672,35005
9.969,34878
9.9708,34809
9.9727,34879
9.9745,34847
9.9763,34947
9.9782,34941
9.98,34979
9.9818,34944
9.9837,34966
9.9855,34928
9.9873,34839
9.9892,34899
9.991,34962
9.9928,34959
9.9947,34955
9.9965,34966
9.9983,34991
10,34999
10.002,35071
10.004,35070
10.006,35111
10.008,35170
10.009,35122
10.011,35150
10.013,35030
10.015,35031
10.017,34965
10.019,34966
10.02,34991
10.022,34980
10.024,34992
10.026,34944
10.028,34942
10.03,34910
10.031,34887
10.033,34851
10.035,34819
10.037,34827
10.039,34790
10.041,34758
10.042,34736
10.044,34683
10.046,34666
10.048,34637
10.05,34649
10.052,34643
10.053,34645
10.055,34705
10.057,34710
10.059,34711
10.061,34705
10.063,34694
10.064,34712
10.066,34719
10.068,34679
10.07,34682
10.072,34729
10.073,34759
10.075,34788
10.077,34802
10.079,34895
10.081,34958
10.083,35002
10.085,35024
10.086,35114
10.088,35152
10.09,35272
10.092,35375
10.094,35451
10.095,35538
10.097,35695
10.099,35846
10.101,35986
10.103,36225
10.105,36454
10.107,36685
10.108,36877
10.11,37114
10.112,37310
10.114,37587
10.116,37800
10.118,38054
10.119,38298
10.121,38555
10.123,38755
10.125,39022
10.127,39218
10.129,39340
10.13,39500
10.132,39669
10.134,39772
10.136,39823
10.138,39881
10.14,39855
10.141,39845
10.143,39811
10.145,39762
10.147,39647
10.149,39595
10.15,39424
10.152,39287
10.154,39134
10.156,39037
10.158,38869
10.16,38707
10.162,38550
10.163,38432
10.165,38360
10.167,38303
10.169,38284
10.171,38243
10.173,38262
10.174,38266
10.176,38319
10.178,38417
10.18,38441
10.182,38487
10.184,38580
10.185,38632
10.187,38726
10.189,38802
10.191,38826
10.193,38844
10.195,38916
10.196,38946
10.198,38917
10.2,38857
10.202,38744
10.204,38596
10.206,38373
10.207,38220
10.209,38005
10.211,37802
10.213,37591
10.215,37277
10.217,37090
10.218,36887
10.22,36684
10.222,36471
10.224,36242
10.226,36000
10.227,35820
10.229,35598
10.231,35369
10.233,35181
10.235,35091
10.237,34931
10.238,34886
10.24,34803
10.242,34787
10.244,34748
10.246,34734
10.248,34711
10.25,34637
10.251,34653
10.253,34590
10.255,34538
10.257,34493
10.259,34491
10.261,34456
10.262,34461
10.264,34460
10.266,34481
10.268,34478
10.27,34519
10.272,34482
10.273,34495
10.275,34466
10.277,34428
10.279,34443
10.281,34421
10.283,34444
10.284,34450
10.286,34534
10.288,34535
10.29,34552
10.292,34589
10.294,34610
10.295,34632
10.297,34669
10.299,34714
10.301,34671
10.303,34679
10.304,34661
10.306,34636
10.308,34622
10.31,34635
10.312,34629
10.314,34636
10.316,34615
10.317,34624
10.319,34565
10.321,34559
10.323,34498
10.325,34491
10.327,34518
10.328,34535
10.33,34536
10.332,34506
10.334,34460
10.336,34423
10.338,34508
10.339,34467
10.341,34560
10.343,34549
10.345,34567
10.347,34541
10.349,34550
10.35,34586
10.352,34581
10.354,34537
10.356,34579
10.358,34543
10.359,34537
10.361,34529
10.363,34539
10.365,34539
10.367,34543
10.369,34537
10.371,34587
10.372,34583
10.374,34521
10.376,34591
10.378,34551
10.38,34600
10.381,34601
10.383,34579
10.385,34599
10.387,34641
10.389,34662
10.391,34688
10.393,34704
10.394,34718
10.396,34744
10.398,34789
10.4,34835
10.402,34832
10.404,34857
10.405,34904
10.407,34951
10.409,35046
10.411,35101
10.413,35104
10.415,35134
10.416,35229
10.418,35340
10.42,35529
10.422,35606
10.424,35673
10.426,35779
10.427,35922
10.429,35998
10.431,36147
10.433,36353
10.435,36552
10.437,36656
10.438,36821
10.44,36992
10.442,37130
10.444,37354
10.446,37466
10.448,37612
10.449,37718
10.451,37838
10.453,37876
10.455,37945
10.457,37959
10.458,37977
10.46,37991
10.462,37979
10.464,37911
10.466,37869
10.468,37742
10.47,37553
10.471,37423
10.473,37354
10.475,37182
10.477,37016
10.479,36895
10.481,36648
10.482,36473
10.484,36318
10.486,36208
10.488,36021
10.49,35844
10.492,35667
10.493,35500
10.495,35398
10.497,35264
10.499,35134
10.501,35060
10.503,35005
10.504,34964
10.506,34879
10.508,34786
10.51,34696
10.512,34683
10.513,34605
10.515,34582
10.517,34565
10.519,34537
10.521,34510
10.523,34447
10.525,34461
10.526,34472
10.528,34411
10.53,34429
10.532,34385
10.534,34438
10.536,34459
10.537,34454
10.539,34411
10.541,34404
10.543,34450
10.545,34457
10.547,34452
10.548,34431
10.55,34441
10.552,34396
10.554,34383
10.556,34391
10.558,34359
10.559,34356
10.561,34364
10.563,34368
10.565,34366
10.567,34345
10.569,34331
10.57,34257
10.572,34231
10.574,34255
10.576,34294
10.578,34334
10.579,34341
10.581,34301
10.583,34291
10.585,34305
10.587,34330
10.589,34339
10.591,34359
10.592,34330
10.594,34339
10.596,34357
10.598,34377
10.6,34381
10.602,34414
10.603,34382
10.605,34378
10.607,34407
10.609,34411
10.611,34358
10.613,34344
10.614,34379
10.616,34343
10.618,34371
10.62,34407
10.622,34354
10.624,34348
10.625,34353
10.627,34343
10.629,34316
10.631,34343
10.633,34370
10.634,34335
10.636,34336
10.638,34384
10.64,34404
10.642,34392
10.644,34383
10.646,34399
10.647,34412
10.649,34457
10.651,34387
10.653,34408
10.655,34448
10.656,34453
10.658,34555
10.66,34488
10.662,34434
10.664,34431
10.666,34450
10.667,34460
10.669,34489
10.671,34514
10.673,34476
10.675,34413
10.677,34455
10.679,34477
10.68,34499
10.682,34490
10.684,34489
10.686,34430
10.688,34436
10.69,34455
10.691,34442
10.693,34419
10.695,34400
10.697,34481
10.699,34525
10.701,34529
10.702,34598
10.704,34642
10.706,34612
10.708,34580
10.71,34686
10.712,34756
10.713,34754
10.715,34829
10.717,34919
10.719,34951
10.721,35015
10.723,35116
10.724,35141
10.726,35163
10.728,35157
10.73,35196
10.732,35218
10.733,35252
10.735,35286
10.737,35284
10.739,35257
10.741,35189
10.743,35192
10.744,35228
10.746,35093
10.748,35073
10.75,35089
10.752,35049
10.754,34999
10.756,34969
10.757,34899
10.759,34810
10.761,34834
10.763,34812
10.765,34805
10.767,34725
10.768,34639
10.77,34627
10.772,34571
10.774,34606
10.776,34574
10.778,34552
10.779,34538
10.781,34513
10.783,34630
10.785,34614
10.787,34569
10.788,34571
10.79,34530
10.792,34487
10.794,34431
10.796,34428
10.798,34381
10.8,34381
10.801,34431
10.803,34454
10.805,34512
10.807,34494
10.809,34515
10.81,34475
10.812,34509
10.814,34530
10.816,34492
10.818,34475
10.82,34410
10.821,34367
10.823,34417
10.825,34362
10.827,34330
10.829,34336
10.831,34375
10.833,34319
10.834,34335
10.836,34328
10.838,34235
10.84,34213
10.842,34195
10.844,34189
10.845,34183
10.847,34197
10.849,34162
10.851,34144
10.853,34118
10.855,34125
10.856,34147
10.858,34159
10.86,34094
10.862,34128
10.864,34140
10.866,34185
10.867,34231
10.869,34274
10.871,34243
10.873,34214
10.875,34223
10.877,34255
10.878,34231
10.88,34197
10.882,34212
10.884,34150
10.886,34153
10.887,34165
10.889,34190
10.891,34178
10.893,34160
10.895,34186
10.897,34204
10.899,34177
10.9,34190
10.902,34151
10.904,34102
10.906,34066
10.908,34116
10.91,34108
10.911,34158
10.913,34129
10.915,34083
10.917,34124
10.919,34096
10.921,34116
10.922,34148
10.924,34120
10.926,34126
10.928,34099
10.93,34101
10.932,34085
10.933,34119
10.935,34172
10.937,34138
10.939,34108
10.941,34188
10.942,34255
10.944,34236
10.946,34268
10.948,34244
10.95,34223
10.952,34242
10.954,34178
10.955,34193
10.957,34193
10.959,34201
10.961,34246
10.963,34240
10.964,34268
10.966,34245
10.968,34257
10.97,34245
10.972,34238
10.974,34284
10.976,34334
10.977,34287
10.979,34274
10.981,34220
10.983,34237
10.985,34266
10.987,34294
10.988,34323
10.99,34346
10.992,34309
10.994,34340
10.996,34298
10.998,34285
10.999,34274
11.001,34248
11.003,34300
11.005,34307
11.007,34275
11.009,34243
11.01,34202
11.012,34153
11.014,34117
11.016,34062
11.018,34096
11.019,34043
11.021,33973
11.023,34009
11.025,33986
11.027,33999
11.029,34060
11.031,34011
11.032,33999
11.034,34023
11.036,34038
11.038,34127
11.04,34076
11.042,34065
11.043,34059
11.045,34113
11.047,34121
11.049,34152
11.051,34169
11.053,34237
11.054,34261
11.056,34265
11.058,34306
11.06,34266
11.062,34307
11.063,34297
11.065,34247
11.067,34219
11.069,34239
11.071,34199
11.073,34231
11.075,34197
11.076,34202
11.078,34202
11.08,34182
11.082,34138
11.084,34140
11.086,34125
11.087,34125
11.089,34143
11.091,34165
11.093,34161
11.095,34142
11.096,34139
11.098,34111
11.1,34095
11.102,34099
11.104,34153
11.106,34149
11.108,34161
11.109,34130
11.111,34087
11.113,34100
11.115,34065
11.117,34059
11.119,34074
11.12,34037
11.122,34108
11.124,34110
11.126,34057
11.128,34035
11.13,34033
11.131,34032
11.133,33993
11.135,34003
11.137,33973
11.139,33987
11.141,34022
11.142,33979
11.144,33983
11.146,33923
11.148,33925
11.15,33875
11.152,33885
11.153,33934
11.155,33907
11.157,33966
11.159,33895
11.161,33892
11.163,33884
11.164,33893
11.166,33894
11.168,33927
11.17,33958
11.172,33952
11.173,33976
11.175,33937
11.177,33849
11.179,33899
11.181,33853
11.183,33841
11.184,33870
11.186,33876
11.188,33894
11.19,33829
11.192,33808
11.194,33782
11.196,33787
11.197,33779
11.199,33768
11.201,33707
11.203,33725
11.205,33695
11.207,33716
11.208,33716
11.21,33703
11.212,33717
11.214,33710
11.216,33685
11.217,33726
11.219,33830
11.221,33818
11.223,33881
11.225,33915
11.227,33933
11.229,33977
11.23,33921
11.232,33935
11.234,33957
11.236,33964
11.238,33940
11.24,33936
11.241,33920
11.243,33900
11.245,33935
11.247,33936
11.249,33996
11.25,34089
11.252,34087
11.254,34080
11.256,34027
11.258,34064
11.26,34026
11.262,34050
11.263,34101
11.265,34063
11.267,34099
11.269,34086
11.271,34076
11.273,34102
11.274,34132
11.276,34085
11.278,34099
11.28,34101
11.282,34087
11.284,34084
11.285,34052
11.287,34052
11.289,34082
11.291,34033
11.293,34072
11.294,34008
11.296,34006
11.298,33969
11.3,33954
11.302,33970
11.304,33981
11.306,33946
11.307,33914
11.309,33882
11.311,33890
11.313,33937
11.315,33925
11.317,33928
11.318,33926
11.32,33986
11.322,33969
11.324,33973
11.326,33967
11.327,34052
11.329,34049
11.331,34091
11.333,34064
11.335,34063
11.337,34068
11.339,34072
11.34,34061
11.342,34132
11.344,34148
11.346,34150
11.348,34192
11.35,34172
11.351,34194
11.353,34163
11.355,34159
11.357,34106
11.359,34097
11.361,34033
11.362,34014
11.364,33932
11.366,33943
11.368,33957
11.37,33976
11.371,33951
11.373,33874
11.375,33879
11.377,33877
11.379,33908
11.381,33934
11.383,33941
11.384,33952
11.386,33997
11.388,33980
11.39,34032
11.392,34022
11.394,33994
11.395,33985
11.397,33979
11.399,33961
11.401,34001
11.403,33981
11.405,33934
11.406,33957
11.408,33959
11.41,34010
11.412,33976
11.414,33997
11.416,33933
11.417,33931
11.419,33967
11.421,33927
11.423,33852
11.425,33799
11.427,33761
11.428,33736
11.43,33784
11.432,33816
11.434,33825
11.436,33795
11.438,33788
11.439,33780
11.441,33785
11.443,33788
11.445,33763
11.447,33774
11.448,33788
11.45,33773
11.452,33757
11.454,33708
11.456,33636
11.458,33654
11.459,33694
11.461,33728
11.463,33718
11.465,33713
11.467,33673
11.469,33698
11.47,33708
11.472,33756
11.474,33781
11.476,33767
11.478,33812
11.48,33820
11.482,33857
11.483,33880
11.485,33884
11.487,33918
11.489,33949
11.491,34010
11.493,34111
11.494,34107
11.496,34177
11.498,34206
11.5,34236
11.502,34280
11.504,34318
11.505,34332
11.507,34351
11.509,34402
11.511,34395
11.513,34438
11.515,34396
11.516,34427
11.518,34393
11.52,34391
11.522,34424
11.524,34401
11.525,34441
11.527,34474
11.529,34393
11.531,34332
11.533,34254
11.535,34242
11.537,34224
11.538,34194
11.54,34215
11.542,34145
11.544,34124
11.546,34103
11.548,34078
11.549,34047
11.551,34036
11.553,33978
11.555,33991
11.557,33950
11.559,33879
11.56,33917
11.562,33863
11.564,33836
11.566,33861
11.568,33919
11.57,33914
11.571,33880
11.573,33879
11.575,33856
11.577,33862
11.579,33887
11.581,33895
11.582,33845
11.584,33838
11.586,33827
11.588,33834
11.59,33882
11.592,33917
11.593,33951
11.595,33933
11.597,33856
11.599,33814
11.601,33789
11.602,33804
11.604,33806
11.606,33879
11.608,33889
11.61,33950
11.612,34000
11.613,33966
11.615,33958
11.617,33920
11.619,33918
11.621,33909
11.623,33918
11.625,33925
11.626,33893
11.628,33874
11.63,33852
11.632,33953
11.634,34055
11.636,34078
11.637,34054
11.639,34019
11.641,33997
11.643,33933
11.645,33917
11.647,33888
11.648,33838
11.65,33766
11.652,33819
11.654,33916
11.656,33986
11.658,33988
11.659,34012
11.661,34028
11.663,34055
11.665,34043
11.667,34036
11.669,34047
11.67,33960
11.672,34045
11.674,34063
11.676,34039
11.678,34025
11.679,34066
11.681,34191
11.683,34201
11.685,34257
11.687,34352
11.689,34321
11.691,34285
11.692,34317
11.694,34406
11.696,34447
11.698,34525
11.7,34609
11.702,34770
11.703,34920
11.705,35033
11.707,35280
11.709,35464
11.711,35751
11.713,36106
11.714,36502
11.716,36826
11.718,37122
11.72,37557
11.722,38070
11.724,38637
11.725,39241
11.727,39863
11.729,40469
11.731,41099
11.733,41814
11.734,42440
11.736,43070
11.738,43645
11.74,44233
11.742,44749
11.744,45256
11.746,45756
11.747,46169
11.749,46453
11.751,46701
11.753,46936
11.755,47129
11.756,47232
11.758,47161
11.76,47057
11.762,46910
11.764,46617
11.766,46306
11.768,45945
11.769,45463
11.771,45042
11.773,44584
11.775,44056
11.777,43472
11.779,42965
11.78,42384
11.782,41759
11.784,41165
11.786,40676
11.788,40160
11.79,39708
11.791,39205
11.793,38673
11.795,38248
11.797,37816
11.799,37368
11.801,37106
11.802,36776
11.804,36490
11.806,36210
11.808,35921
11.81,35669
11.812,35480
11.813,35364
11.815,35204
11.817,35022
11.819,34919
11.821,34818
11.823,34714
11.824,34572
11.826,34450
11.828,34362
11.83,34356
11.832,34345
11.833,34350
11.835,34273
11.837,34196
11.839,34133
11.841,34098
11.843,34085
11.845,34068
11.846,34041
11.848,33981
11.85,33916
11.852,33846
11.854,33899
11.856,33844
11.857,33867
11.859,33870
11.861,33870
11.863,33829
11.865,33893
11.867,33868
11.868,33805
11.87,33729
11.872,33772
11.874,33721
11.876,33713
11.878,33684
11.879,33653
11.881,33715
11.883,33664
11.885,33757
11.887,33788
11.888,33856
11.89,33844
11.892,33879
11.894,33845
11.896,33867
11.898,33869
11.9,33879
11.901,33863
11.903,33839
11.905,33874
11.907,33922
11.909,33960
11.911,33976
11.912,33949
11.914,33937
11.916,34007
11.918,33967
11.92,34060
11.922,34025
11.923,34041
11.925,33991
11.927,33967
11.929,34003
11.931,33986
11.933,33972
11.934,34047
11.936,34094
11.938,34062
11.94,34059
11.942,34040
11.944,34083
11.945,34028
11.947,34081
11.949,34135
11.951,34181
11.953,34137
11.954,34128
11.956,34059
11.958,34065
11.96,34081
11.962,34115
11.964,34134
11.966,34105
11.967,34102
11.969,34121
11.971,34091
11.973,34087
11.975,34107
11.977,34105
11.978,34134
11.98,34061
11.982,34088
11.984,34096
11.986,34154
11.988,34157
11.989,34215
11.991,34275
11.993,34350
11.995,34423
11.997,34483
11.999,34629
12,34758
12.002,34861
12.004,35045
12.006,35159
12.008,35352
12.009,35526
12.011,35686
12.013,35907
12.015,36091
12.017,36292
12.019,36451
12.021,36641
12.022,36786
12.024,37038
12.026,37181
12.028,37330
12.03,37515
12.031,37646
12.033,37774
12.035,37840
12.037,37939
12.039,38047
12.041,38106
12.042,38152
12.044,38178
12.046,38180
12.048,38226
12.05,38208
12.052,38202
12.054,38193
12.055,38220
12.057,38112
12.059,38042
12.061,37887
12.063,37796
12.065,37692
12.066,37530
12.068,37365
12.07,37213
12.072,37042
12.074,36890
12.076,36686
12.077,36548
12.079,36426
12.081,36287
12.083,36118
12.085,35902
12.087,35757
12.088,35594
12.09,35451
12.092,35262
12.094,35146
12.096,35023
12.098,34930
12.099,34846
12.101,34748
12.103,34668
12.105,34642
12.107,34575
12.108,34583
12.11,34530
12.112,34495
12.114,34442
12.116,34400
12.118,34295
12.119,34258
12.121,34251
12.123,34244
12.125,34240
12.127,34216
12.129,34182
12.131,34144
12.132,34155
12.134,34134
12.136,34079
12.138,34041
12.14,34032
12.142,34030
12.143,34037
12.145,34011
12.147,33989
12.149,34000
12.151,33958
12.153,33883
12.154,33905
12.156,33892
12.158,33909
12.16,33866
12.162,33852
12.163,33818
12.165,33807
12.167,33817
12.169,33808
12.171,33810
12.173,33836
12.175,33828
12.176,33773
12.178,33732
12.18,33698
12.182,33661
12.184,33695
12.185,33715
12.187,33746
12.189,33778
12.191,33777
12.193,33818
12.195,33806
12.196,33815
12.198,33770
12.2,33718
12.202,33742
12.204,33755
12.206,33778
12.208,33771
12.209,33758
12.211,33776
12.213,33829
12.215,33794
12.217,33826
12.219,33812
12.22,33774
12.222,33747
12.224,33758
12.226,33738
12.228,33707
12.23,33696
12.231,33669
12.233,33629
12.235,33619
12.237,33676
12.239,33699
12.241,33654
12.242,33605
12.244,33684
12.246,33681
12.248,33680
12.25,33734
12.252,33781
12.253,33838
12.255,33913
12.257,33935
12.259,33990
12.261,33984
12.262,34097
12.264,34177
12.266,34159
12.268,34273
12.27,34354
12.272,34496
12.274,34588
12.275,34659
12.277,34796
12.279,34918
12.281,35004
12.283,35137
12.285,35258
12.286,35254
12.288,35320
12.29,35345
12.292,35382
12.294,35391
12.296,35453
12.297,35502
12.299,35459
12.301,35441
12.303,35506
12.305,35478
12.307,35520
12.308,35456
12.31,35393
12.312,35346
12.314,35244
12.316,35174
12.317,35035
12.319,34930
12.321,34829
12.323,34823
12.325,34759
12.327,34677
12.329,34590
12.33,34543
12.332,34418
12.334,34406
12.336,34328
12.338,34260
12.339,34191
12.341,34105
12.343,34021
12.345,33962
12.347,33964
12.349,33917
12.351,33931
12.352,33895
12.354,33885
12.356,33848
12.358,33867
12.36,33775
12.362,33718
12.363,33693
12.365,33669
12.367,33680
12.369,33664
12.371,33578
12.373,33631
12.374,33686
12.376,33636
12.378,33639
12.38,33638
12.382,33672
12.384,33677
12.385,33670
12.387,33688
12.389,33679
12.391,33643
12.393,33622
12.395,33555
12.396,33593
12.398,33644
12.4,33626
12.402,33640
12.404,33620
12.405,33635
12.407,33656
12.409,33605
12.411,33551
12.413,33529
12.415,33524
12.417,33511
12.418,33501
12.42,33457
12.422,33458
12.424,33435
12.426,33446
12.428,33436
12.429,33493
12.431,33556
12.433,33555
12.435,33557
12.437,33590
12.438,33597
12.44,33604
12.442,33574
12.444,33587
12.446,33635
12.448,33645
12.45,33685
12.451,33670
12.453,33666
12.455,33697
12.457,33752
12.459,33758
12.461,33713
12.462,33698
12.464,33749
12.466,33744
12.468,33703
12.47,33691
12.471,33671
12.473,33626
12.475,33572
12.477,33543
12.479,33568
12.481,33549
12.483,33524
12.484,33528
12.486,33515
12.488,33501
12.49,33459
12.492,33434
12.494,33377
12.495,33390
12.497,33413
12.499,33400
12.501,33348
12.503,33302
12.505,33324
12.506,33372
12.508,33432
12.51,33481
12.512,33567
12.514,33604
12.516,33660
12.517,33687
12.519,33677
12.521,33677
12.523,33750
12.525,33828
12.526,33898
12.528,33922
12.53,34011
12.532,34047
12.534,34124
12.536,34170
12.538,34212
12.539,34276
12.541,34303
12.543,34333
12.545,34337
12.547,34430
12.549,34453
12.55,34492
12.552,34505
12.554,34549
12.556,34611
12.558,34686
12.559,34720
12.561,34720
12.563,34772
12.565,34729
12.567,34727
12.569,34739
12.571,34710
12.572,34704
12.574,34707
12.576,34660
12.578,34693
12.58,34657
12.582,34633
12.583,34504
12.585,34488
12.587,34423
12.589,34368
12.591,34310
12.592,34311
12.594,34248
12.596,34187
12.598,34190
12.6,34118
12.602,34147
12.604,34136
12.605,34104
12.607,34122
12.609,34115
12.611,34082
12.613,34095
12.615,34032
12.616,34009
12.618,33974
12.62,34016
12.622,34030
12.624,34086
12.625,34104
12.627,34143
12.629,34079
12.631,34104
12.633,34096
12.635,34100
12.637,34136
12.638,34110
12.64,33982
12.642,33942
12.644,33881
12.646,33888
12.648,33887
12.649,33879
12.651,33870
12.653,33883
12.655,33894
12.657,33876
12.659,33822
12.66,33784
12.662,33756
12.664,33703
12.666,33669
12.668,33619
12.67,33666
12.671,33617
12.673,33568
12.675,33560
12.677,33595
12.679,33618
12.68,33598
12.682,33525
12.684,33530
12.686,33506
12.688,33507
12.69,33516
12.692,33507
12.693,33517
12.695,33478
12.697,33448
12.699,33444
12.701,33412
12.702,33428
12.704,33472
12.706,33437
12.708,33441
12.71,33457
12.712,33455
12.714,33493
12.715,33516
12.717,33541
12.719,33576
12.721,33522
12.723,33571
12.725,33561
12.726,33553
12.728,33535
12.73,33515
12.732,33537
12.734,33532
12.736,33528
12.737,33537
12.739,33569
12.741,33538
12.743,33544
12.745,33519
12.746,33538
12.748,33543
12.75,33512
12.752,33424
12.754,33430
12.756,33423
12.758,33458
12.759,33418
12.761,33389
12.763,33371
12.765,33379
12.767,33387
12.769,33407
12.77,33413
12.772,33426
12.774,33452
12.776,33494
12.778,33515
12.78,33522
12.781,33615
12.783,33638
12.785,33686
12.787,33779
12.789,33851
12.791,33876
12.792,33937
12.794,33998
12.796,34053
12.798,34163
12.8,34191
12.801,34260
12.803,34343
12.805,34348
12.807,34460
12.809,34554
12.811,34604
12.813,34625
12.814,34723
12.816,34766
12.818,34788
12.82,34860
12.822,34828
12.824,34800
12.825,34812
12.827,34837
12.829,34864
12.831,34871
12.833,34914
12.834,34882
12.836,34880
12.838,34834
12.84,34766
12.842,34801
12.844,34753
12.845,34671
12.847,34635
12.849,34578
12.851,34469
12.853,34402
12.855,34319
12.857,34203
12.858,34224
12.86,34184
12.862,34132
12.864,34043
12.866,33966
12.868,33915
12.869,33833
12.871,33780
12.873,33706
12.875,33692
12.877,33680
12.879,33643
12.88,33630
12.882,33613
12.884,33596
12.886,33568
12.888,33590
12.89,33519
12.891,33494
12.893,33458
12.895,33415
12.897,33388
12.899,33413
12.9,33413
12.902,33393
12.904,33402
12.906,33415
12.908,33429
12.91,33447
12.912,33463
12.913,33498
12.915,33467
12.917,33446
12.919,33466
12.921,33464
12.923,33484
12.924,33462
12.926,33514
12.928,33555
12.93,33561
12.932,33552
12.934,33564
12.935,33575
12.937,33604
12.939,33655
12.941,33640
12.943,33593
12.945,33567
12.946,33609
12.948,33574
12.95,33573
12.952,33592
12.954,33543
12.955,33517
12.957,33535
12.959,33590
12.961,33505
12.963,33484
12.965,33449
12.967,33513
12.968,33506
12.97,33545
12.972,33441
12.974,33456
12.976,33421
12.977,33436
12.979,33481
12.981,33488
12.983,33442
12.985,33473
12.987,33437
12.988,33445
12.99,33473
12.992,33461
12.994,33442
12.996,33397
12.998,33479
13,33524
13.001,33491
13.003,33432
13.005,33437
13.007,33419
13.009,33497
13.011,33489
13.012,33486
13.014,33493
13.016,33472
13.018,33479
13.02,33511
13.022,33493
13.023,33465
13.025,33479
13.027,33475
13.029,33544
13.031,33540
13.033,33550
13.034,33573
13.036,33579
13.038,33588
13.04,33617
13.042,33660
13.044,33694
13.045,33724
13.047,33729
13.049,33654
13.051,33642
13.053,33684
13.054,33690
13.056,33673
13.058,33675
13.06,33681
13.062,33646
13.064,33664
13.066,33585
13.067,33593
13.069,33558
13.071,33488
13.073,33515
13.075,33529
13.076,33497
13.078,33476
13.08,33471
13.082,33413
13.084,33415
13.086,33501
13.088,33550
13.089,33537
13.091,33582
13.093,33592
13.095,33577
13.097,33627
13.099,33628
13.1,33644
13.102,33698
13.104,33712
13.106,33720
13.108,33743
13.109,33692
13.111,33694
13.113,33667
13.115,33630
13.117,33531
13.119,33544
13.121,33504
13.122,33493
13.124,33441
13.126,33434
13.128,33388
13.13,33413
13.131,33450
13.133,33416
13.135,33452
13.137,33419
13.139,33379
13.141,33337
13.143,33338
13.144,33325
13.146,33361
13.148,33351
13.15,33405
13.152,33419
13.154,33533
13.155,33562
13.157,33602
13.159,33665
13.161,33748
13.163,33769
13.165,33769
13.166,33795
13.168,33811
13.17,33884
13.172,33927
13.174,34034
13.176,34130
13.177,34232
13.179,34273
13.181,34380
13.183,34473
13.185,34594
13.187,34682
13.188,34852
13.19,34960
13.192,35130
13.194,35276
13.196,35411
13.198,35558
13.199,35765
13.201,36041
13.203,36217
13.205,36480
13.207,36652
13.208,36784
13.21,36920
13.212,37088
13.214,37280
13.216,37495
13.218,37691
13.22,37808
13.221,37891
13.223,38024
13.225,38082
13.227,38133
13.229,38115
13.23,38095
13.232,38050
13.234,37994
13.236,37855
13.238,37707
13.24,37583
13.242,37394
13.243,37274
13.245,37094
13.247,36898
13.249,36653
13.251,36470
13.253,36273
13.254,36081
13.256,35882
13.258,35654
13.26,35475
13.262,35270
13.263,35026
13.265,34870
13.267,34777
13.269,34705
13.271,34538
13.273,34446
13.275,34336
13.276,34200
13.278,34082
13.28,33943
13.282,33944
13.284,33926
13.286,33971
13.287,33907
13.289,33856
13.291,33791
13.293,33742
13.295,33800
13.297,33781
13.298,33762
13.3,33784
13.302,33818
13.304,33788
13.306,33698
13.308,33767
13.309,33777
13.311,33767
13.313,33800
13.315,33810
13.317,33840
13.319,33837
13.32,33904
13.322,33867
13.324,33891
13.326,33911
13.328,33921
13.329,33926
13.331,33952
13.333,33964
13.335,34029
13.337,34054
13.339,34020
13.341,34002
13.342,34019
13.344,33990
13.346,33997
13.348,34036
13.35,34047
13.351,34026
13.353,34019
13.355,34024
13.357,33918
13.359,33911
13.361,33856
13.363,33832
13.364,33799
13.366,33832
13.368,33837
13.37,33795
13.372,33729
13.374,33713
13.375,33689
13.377,33680
13.379,33682
13.381,33629
13.383,33614
13.384,33611
13.386,33603
13.388,33570
13.39,33559
13.392,33562
13.394,33626
13.396,33620
13.397,33634
13.399,33589
13.401,33599
13.403,33549
13.405,33494
13.406,33462
13.408,33484
13.41,33459
13.412,33445
13.414,33471
13.416,33521
13.417,33508
13.419,33512
13.421,33459
13.423,33443
13.425,33477
13.427,33538
13.429,33547
13.43,33525
13.432,33512
13.434,33485
13.436,33558
13.438,33548
13.44,33557
13.441,33570
13.443,33569
13.445,33538
13.447,33547
13.449,33579
13.451,33579
13.452,33495
13.454,33492
13.456,33476
13.458,33435
13.46,33422
13.462,33414
13.463,33377
13.465,33372
13.467,33339
13.469,33344
13.471,33353
13.473,33303
13.474,33323
13.476,33303
13.478,33278
13.48,33298
13.482,33335
13.483,33366
13.485,33336
13.487,33298
13.489,33343
13.491,33352
13.493,33374
13.495,33456
13.496,33456
13.498,33462
13.5,33407
13.502,33373
13.504,33423
13.506,33426
13.507,33415
13.509,33377
13.511,33351
13.513,33360
13.515,33398
13.517,33411
13.518,33386
13.52,33388
13.522,33399
13.524,33402
13.526,33339
13.528,33333
13.529,33352
13.531,33289
13.533,33356
13.535,33410
13.537,33440
13.538,33427
13.54,33394
13.542,33391
13.544,33405
13.546,33446
13.548,33462
13.55,33443
13.551,33409
13.553,33399
13.555,33412
13.557,33366
13.559,33393
13.56,33368
13.562,33416
13.564,33464
13.566,33461
13.568,33485
13.57,33469
13.571,33373
13.573,33342
13.575,33334
13.577,33301
13.579,33304
13.581,33301
13.583,33340
13.584,33341
13.586,33345
13.588,33356
13.59,33412
13.592,33428
13.594,33482
13.595,33505
13.597,33538
13.599,33528
13.601,33468
13.603,33408
13.605,33456
13.606,33428
13.608,33479
13.61,33549
13.612,33497
13.614,33560
13.616,33597
13.617,33617
13.619,33573
13.621,33582
13.623,33620
13.625,33587
13.626,33520
13.628,33514
13.63,33501
13.632,33468
13.634,33480
13.636,33475
13.637,33466
13.639,33476
13.641,33425
13.643,33476
13.645,33460
13.647,33394
13.649,33444
13.65,33432
13.652,33400
13.654,33399
13.656,33444
13.658,33451
13.66,33441
13.661,33480
13.663,33502
13.665,33480
13.667,33489
13.669,33526
13.671,33533
13.672,33566
13.674,33643
13.676,33709
13.678,33797
13.68,33746
13.682,33744
13.683,33835
13.685,33847
13.687,33848
13.689,33855
13.691,33854
13.692,33834
13.694,33836
13.696,33844
13.698,33843
13.7,33860
13.702,33857
13.704,33850
13.705,33859
13.707,33842
13.709,33834
13.711,33799
13.713,33766
13.714,33738
13.716,33729
13.718,33762
13.72,33730
13.722,33775
13.724,33779
13.726,33780
13.727,33763
13.729,33758
13.731,33750
13.733,33761
13.735,33718
13.737,33664
13.738,33676
13.74,33631
13.742,33584
13.744,33572
13.746,33541
13.748,33513
13.749,33486
13.751,33423
13.753,33444
13.755,33385
13.757,33353
13.759,33311
13.76,33274
13.762,33243
13.764,33222
13.766,33208
13.768,33177
13.77,33197
13.771,33251
13.773,33291
13.775,33244
13.777,33267
13.779,33292
13.78,33309
13.782,33311
13.784,33365
13.786,33417
13.788,33419
13.79,33431
13.792,33485
13.793,33465
13.795,33476
13.797,33512
13.799,33482
13.801,33458
13.803,33404
13.804,33384
13.806,33330
13.808,33330
13.81,33361
13.812,33381
13.813,33405
13.815,33342
13.817,33367
13.819,33384
13.821,33377
13.823,33349
13.825,33326
13.826,33264
13.828,33242
13.83,33258
13.832,33233
13.834,33153
13.836,33184
13.837,33227
13.839,33298
13.841,33297
13.843,33287
13.845,33269
13.846,33252
13.848,33292
13.85,33293
13.852,33338
13.854,33264
13.856,33357
13.858,33364
13.859,33350
13.861,33366
13.863,33443
13.865,33442
13.867,33427
13.869,33439
13.87,33524
13.872,33525
13.874,33544
13.876,33483
13.878,33511
13.88,33562
13.881,33528
13.883,33511
13.885,33489
13.887,33465
13.889,33454
13.891,33508
13.892,33385
13.894,33360
13.896,33370
13.898,33369
13.9,33348
13.901,33402
13.903,33419
13.905,33414
13.907,33349
13.909,33374
13.911,33301
13.913,33332
13.914,33328
13.916,33262
13.918,33321
13.92,33296
13.922,33318
13.924,33322
13.925,33292
13.927,33269
13.929,33281
13.931,33204
13.933,33197
13.934,33182
13.936,33158
13.938,33091
13.94,33108
13.942,33129
13.944,33166
13.946,33194
13.947,33263
13.949,33288
13.951,33286
13.953,33339
13.955,33324
13.957,33281
13.958,33194
13.96,33178
13.962,33196
13.964,33210
13.966,33252
13.967,33303
13.969,33315
13.971,33324
13.973,33361
13.975,33366
13.977,33312
13.979,33290
13.98,33283
13.982,33252
13.984,33238
13.986,33222
13.988,33241
13.99,33176
13.991,33096
13.993,33122
13.995,33173
13.997,33206
13.999,33231
14,33213
14.002,33211
14.004,33256
14.006,33209
14.008,33200
14.01,33164
14.012,33183
14.013,33244
14.015,33213
14.017,33208
14.019,33214
14.021,33206
14.023,33224
14.024,33249
14.026,33322
14.028,33463
14.03,33548
14.032,33569
14.034,33607
14.035,33630
14.037,33702
14.039,33670
14.041,33684
14.043,33746
14.045,33835
14.046,33897
14.048,33971
14.05,34001
14.052,34109
14.054,34154
14.055,34250
14.057,34346
14.059,34451
14.061,34523
14.063,34605
14.065,34583
14.067,34612
14.068,34712
14.07,34693
14.072,34726
14.074,34762
14.076,34844
14.077,34845
14.079,34901
14.081,34926
14.083,34954
14.085,34894
14.087,34872
14.089,34812
14.09,34770
14.092,34643
14.094,34537
14.096,34453
14.098,34370
14.1,34268
14.101,34226
14.103,34162
14.105,34030
14.107,33964
14.109,33879
14.111,33807
14.112,33703
14.114,33683
14.116,33568
14.118,33436
14.12,33353
14.121,33382
14.123,33355
14.125,33306
14.127,33329
14.129,33351
14.131,33346
14.133,33344
14.134,33290
14.136,33246
14.138,33255
14.14,33244
14.142,33290
14.144,33295
14.145,33314
14.147,33276
14.149,33304
14.151,33308
14.153,33345
14.155,33356
14.156,33344
14.158,33280
14.16,33247
14.162,33272
14.164,33250
14.166,33223
14.167,33232
14.169,33192
14.171,33204
14.173,33258
14.175,33230
14.176,33207
14.178,33203
14.18,33290
14.182,33293
14.184,33258
14.186,33254
14.188,33227
14.189,33271
14.191,33308
14.193,33294
14.195,33317
14.197,33299
14.199,33285
14.2,33300
14.202,33301
14.204,33311
14.206,33344
14.208,33337
14.209,33288
14.211,33302
14.213,33306
14.215,33260
14.217,33187
14.219,33149
14.22,33163
14.222,33154
14.224,33164
14.226,33108
14.228,33085
14.23,33110
14.232,33087
14.233,33115
14.235,33109
14.237,33095
14.239,33096
14.241,33075
14.243,33088
14.244,33125
14.246,33114
14.248,33111
14.25,33163
14.252,33183
14.254,33166
14.255,33193
14.257,33226
14.259,33244
14.261,33206
14.263,33200
14.265,33208
14.266,33191
14.268,33183
14.27,33195
14.272,33215
14.274,33155
14.275,33206
14.277,33254
14.279,33218
14.281,33177
14.283,33204
14.285,33200
14.287,33158
14.288,33170
14.29,33164
14.292,33181
14.294,33230
14.296,33195
14.298,33254
14.299,33239
14.301,33215
14.303,33210
14.305,33247
14.307,33186
14.309,33246
14.31,33269
14.312,33219
14.314,33196
14.316,33210
14.318,33242
14.32,33258
14.321,33252
14.323,33224
14.325,33237
14.327,33270
14.329,33237
14.33,33168
14.332,33211
14.334,33175
14.336,33173
14.338,33215
14.34,33212
14.342,33177
14.343,33219
14.345,33154
14.347,33170
14.349,33199
14.351,33216
14.352,33236
14.354,33240
14.356,33217
14.358,33194
14.36,33215
14.362,33187
14.363,33174
14.365,33169
14.367,33151
14.369,33111
14.371,33120
14.373,33158
14.375,33171
14.376,33170
14.378,33186
14.38,33187
14.382,33223
14.384,33227
14.386,33259
14.387,33208
14.389,33173
14.391,33145
14.393,33175
14.395,33204
14.397,33197
14.398,33177
14.4,33196
14.402,33205
14.404,33229
14.406,33215
14.408,33186
14.409,33170
14.411,33158
14.413,33197
14.415,33207
14.417,33236
14.419,33181
14.42,33216
14.422,33155
14.424,33211
14.426,33184
14.428,33208
14.429,33229
14.431,33243
14.433,33275
14.435,33287
14.437,33250
14.439,33295
14.441,33358
14.442,33442
14.444,33460
14.446,33487
14.448,33477
14.45,33436
14.451,33435
14.453,33418
14.455,33526
14.457,33512
14.459,33472
14.461,33469
14.463,33497
14.464,33468
14.466,33428
14.468,33415
14.47,33399
14.472,33393
14.474,33408
14.475,33356
14.477,33302
14.479,33274
14.481,33283
14.483,33268
14.484,33241
14.486,33249
14.488,33244
14.49,33251
14.492,33125
14.494,33126
14.496,33185
14.497,33179
14.499,33163
14.501,33139
14.503,33153
14.505,33125
14.506,33136
14.508,33122
14.51,33118
14.512,33093
14.514,33082
14.516,33070
14.518,33086
14.519,33123
14.521,33132
14.523,33158
14.525,33134
14.527,33091
14.529,33085
14.53,33077
14.532,33074
14.534,33078
14.536,33104
14.538,33133
14.54,33120
14.541,33164
14.543,33133
14.545,33189
14.547,33202
14.549,33228
14.551,33241
14.552,33182
14.554,33182
14.556,33153
14.558,33195
14.56,33175
14.562,33173
14.563,33200
14.565,33242
14.567,33234
14.569,33234
14.571,33170
14.573,33167
14.574,33181
14.576,33178
14.578,33187
14.58,33186
14.582,33208
14.583,33222
14.585,33237
14.587,33251
14.589,33317
14.591,33290
14.593,33262
14.595,33289
14.596,33319
14.598,33354
14.6,33410
14.602,33458
14.604,33457
14.605,33448
14.607,33471
14.609,33503
14.611,33520
14.613,33561
14.615,33562
14.617,33596
14.618,33573
14.62,33528
14.622,33537
14.624,33554
14.626,33591
14.628,33578
14.629,33586
14.631,33532
14.633,33498
14.635,33537
14.637,33522
14.638,33487
14.64,33508
14.642,33499
14.644,33503
14.646,33471
14.648,33466
14.65,33452
14.651,33456
14.653,33459
14.655,33440
14.657,33488
14.659,33470
14.661,33462
14.662,33428
14.664,33466
14.666,33469
14.668,33457
14.67,33489
14.672,33451
14.673,33456
14.675,33479
14.677,33502
14.679,33505
14.681,33529
14.683,33539
14.684,33530
14.686,33570
14.688,33625
14.69,33636
14.692,33695
14.694,33718
14.695,33779
14.697,33824
14.699,33870
14.701,33871
14.703,33933
14.704,33958
14.706,33947
14.708,33959
14.71,33962
14.712,34036
14.714,34076
14.716,34144
14.717,34172
14.719,34161
14.721,34202
14.723,34159
14.725,34159
14.726,34162
14.728,34131
14.73,34158
14.732,34140
14.734,34122
14.736,34100
14.738,34135
14.739,34090
14.741,34144
14.743,34150
14.745,34153
14.747,34163
14.749,34108
14.75,34042
14.752,33986
14.754,33955
14.756,33999
14.758,33937
14.759,33913
14.761,33848
14.763,33859
14.765,33840
14.767,33779
14.769,33758
14.771,33756
14.772,33771
14.774,33735
14.776,33687
14.778,33592
14.78,33639
14.781,33654
14.783,33595
14.785,33545
14.787,33498
14.789,33496
14.791,33492
14.792,33443
14.794,33442
14.796,33457
14.798,33442
14.8,33405
14.802,33398
14.804,33369
14.805,33351
14.807,33291
14.809,33210
14.811,33185
14.813,33202
14.815,33240
14.816,33164
14.818,33096
14.82,33089
14.822,33080
14.824,33116
14.826,33113
14.827,33183
14.829,33152
14.831,33131
14.833,33074
14.835,33087
14.837,33036
14.838,32994
14.84,33018
14.842,33005
14.844,32996
14.846,32997
14.848,32958
14.849,32934
14.851,32902
14.853,32921
14.855,32957
14.857,32985
14.858,32993
14.86,32989
14.862,32970
14.864,32866
14.866,32894
14.868,32941
14.87,33027
14.871,32988
14.873,33037
14.875,33056
14.877,33050
14.879,33058
14.881,33085
14.882,33070
14.884,33158
14.886,33211
14.888,33172
14.89,33151
14.892,33121
14.893,33110
14.895,33074
14.897,33064
14.899,33067
14.901,33099
14.903,33079
14.904,33070
14.906,33050
14.908,33028
14.91,33025
14.912,33087
14.913,33089
14.915,33071
14.917,33097
14.919,33126
14.921,33041
14.923,33006
14.925,33064
14.926,33070
14.928,33103
14.93,33096
14.932,33115
14.934,33122
14.935,33088
14.937,33104
14.939,33140
14.941,33147
14.943,33129
14.945,33183
14.946,33187
14.948,33144
14.95,33164
14.952,33145
14.954,33054
14.956,33056
14.958,33143
14.959,33175
14.961,33166
14.963,33148
14.965,33117
14.967,33109
14.969,33162
14.97,33135
14.972,33181
14.974,33172
14.976,33164
14.978,33124
14.98,33123
14.981,33097
14.983,33106
14.985,33103
14.987,33093
14.989,33138
14.991,33196
14.992,33170
14.994,33113
14.996,33112
14.998,33114
15,33162
15.001,33176
15.003,33183
15.005,33135
15.007,33192
15.009,33203
15.011,33210
15.012,33223
15.014,33282
15.016,33313
15.018,33340
15.02,33353
15.022,33368
15.024,33339
15.025,33338
15.027,33325
15.029,33325
15.031,33349
15.033,33358
15.035,33352
15.036,33313
15.038,33289
15.04,33275
15.042,33293
15.044,33292
15.046,33289
15.047,33285
15.049,33267
15.051,33242
15.053,33214
15.055,33192
15.057,33164
15.058,33188
15.06,33167
15.062,33232
15.064,33232
15.066,33234
15.067,33205
15.069,33167
15.071,33166
15.073,33187
15.075,33207
15.077,33199
15.079,33180
15.08,33182
15.082,33182
15.084,33166
15.086,33186
15.088,33146
15.089,33167
15.091,33147
15.093,33165
15.095,33100
15.097,33117
15.099,33053
15.101,33072
15.102,33133
15.104,33164
15.106,33185
15.108,33210
15.11,33217
15.112,33218
15.113,33245
15.115,33254
15.117,33265
15.119,33281
15.121,33297
15.123,33234
15.124,33300
15.126,33284
15.128,33270
15.13,33291
15.132,33337
15.134,33340
15.135,33404
15.137,33408
15.139,33378
15.141,33409
15.143,33439
15.145,33458
15.146,33456
15.148,33433
15.15,33398
15.152,33383
15.154,33322
15.155,33299
15.157,33310
15.159,33380
15.161,33361
15.163,33328
15.165,33339
15.167,33296
15.168,33282
15.17,33312
15.172,33281
15.174,33263
15.176,33279
15.178,33257
15.179,33246
15.181,33221
15.183,33202
15.185,33218
15.187,33266
15.188,33256
15.19,33320
15.192,33326
15.194,33293
15.196,33269
15.198,33254
15.2,33323
15.201,33357
15.203,33317
15.205,33332
15.207,33325
15.209,33255
15.211,33323
15.212,33287
15.214,33207
15.216,33191
15.218,33175
15.22,33198
15.221,33203
15.223,33220
15.225,33260
15.227,33183
15.229,33162
15.231,33132
15.233,33132
15.234,33112
15.236,33099
15.238,33075
15.24,33105
15.242,33053
15.244,33034
15.245,33080
15.247,33034
15.249,33055
15.251,33084
15.253,33048
15.255,33058
15.256,33033
15.258,33017
15.26,32990
15.262,33010
15.264,33038
15.266,33083
15.267,33096
15.269,33075
15.271,33092
15.273,33113
15.275,33098
15.276,33179
15.278,33211
15.28,33176
15.282,33152
15.284,33152
15.286,33178
15.288,33213
15.289,33236
15.291,33235
15.293,33194
15.295,33192
15.297,33211
15.299,33183
15.3,33178
15.302,33197
15.304,33198
15.306,33210
15.308,33195
15.309,33196
15.311,33254
15.313,33221
15.315,33231
15.317,33265
15.319,33302
15.321,33281
15.322,33221
15.324,33220
15.326,33193
15.328,33162
15.33,33207
15.332,33226
15.333,33196
15.335,33176
15.337,33211
15.339,33176
15.341,33231
15.342,33263
15.344,33269
15.346,33210
15.348,33204
15.35,33149
15.352,33139
15.354,33126
15.355,33071
15.357,33046
15.359,33042
15.361,33028
15.363,33071
15.365,33112
15.366,33113
15.368,33140
15.37,33195
15.372,33208
15.374,33182
15.375,33203
15.377,33165
15.379,33157
15.381,33206
15.383,33242
15.385,33225
15.387,33281
15.388,33289
15.39,33304
15.392,33324
15.394,33391
15.396,33427
15.398,33407
15.399,33383
15.401,33355
15.403,33354
15.405,33329
15.407,33315
15.409,33332
15.41,33342
15.412,33304
15.414,33320
15.416,33322
15.418,33311
15.42,33306
15.421,33283
15.423,33283
15.425,33276
15.427,33273
15.429,33251
15.43,33261
15.432,33281
15.434,33344
15.436,33347
15.438,33345
15.44,33354
15.442,33354
15.443,33330
15.445,33326
15.447,33329
15.449,33306
15.451,33322
15.452,33290
15.454,33268
15.456,33240
15.458,33202
15.46,33151
15.462,33152
15.464,33181
15.465,33233
15.467,33177
15.469,33112
15.471,33106
15.473,33075
15.475,33132
15.476,33133
15.478,33131
15.48,33102
15.482,33107
15.484,33131
15.486,33157
15.487,33140
15.489,33084
15.491,33094
15.493,33137
15.495,33192
15.496,33190
15.498,33152
15.5,33138
15.502,33130
15.504,33140
15.506,33182
15.508,33207
15.509,33208
15.511,33159
15.513,33183
15.515,33150
15.517,33177
15.519,33160
15.52,33138
15.522,33148
15.524,33158
15.526,33218
15.528,33200
15.53,33182
15.531,33187
15.533,33183
15.535,33202
15.537,33180
15.539,33189
15.541,33156
15.542,33163
15.544,33142
15.546,33151
15.548,33155
15.55,33154
15.551,33172
15.553,33163
15.555,33121
15.557,33106
15.559,33119
15.561,33114
15.563,33147
15.564,33158
15.566,33164
15.568,33152
15.57,33167
15.572,33203
15.574,33187
15.575,33217
15.577,33222
15.579,33252
15.581,33242
15.583,33199
15.584,33204
15.586,33167
15.588,33207
15.59,33225
15.592,33263
15.594,33292
15.595,33266
15.597,33233
15.599,33213
15.601,33192
15.603,33157
15.605,33151
15.607,33111
15.608,33103
15.61,33106
15.612,33048
15.614,33071
15.616,33008
15.618,32948
15.619,33002
15.621,33040
15.623,33034
15.625,32989
15.627,32976
15.629,33011
15.63,32999
15.632,32975
15.634,32989
15.636,32967
15.638,32989
15.64,33007
15.641,33055
15.643,33113
15.645,33082
15.647,33115
15.649,33132
15.65,33094
15.652,33100
15.654,33187
15.656,33205
15.658,33215
15.66,33266
15.662,33260
15.663,33243
15.665,33210
15.667,33199
15.669,33228
15.671,33272
15.673,33302
15.674,33340
15.676,33319
15.678,33270
15.68,33256
15.682,33255
15.684,33265
15.685,33294
15.687,33339
15.689,33347
15.691,33271
15.693,33269
15.695,33229
15.696,33200
15.698,33224
15.7,33283
15.702,33254
15.704,33192
15.705,33199
15.707,33101
15.709,33069
15.711,32967
15.713,32980
15.715,32955
15.717,32951
15.718,32954
15.72,32961
15.722,32946
15.724,32960
15.726,33003
15.727,33049
15.729,33060
15.731,33057
15.733,33021
15.735,32976
15.737,32907
15.738,32937
15.74,33020
15.742,32956
15.744,33016
15.746,33016
15.748,33067
15.75,33022
15.751,33046
15.753,33039
15.755,33062
15.757,33041
15.759,33009
15.761,32965
15.762,32887
15.764,32912
15.766,32868
15.768,32887
15.77,32885
15.772,32906
15.773,32941
15.775,32958
15.777,32967
15.779,33020
15.781,33045
15.783,33039
15.784,33068
15.786,33108
15.788,33179
15.79,33200
15.792,33183
15.794,33133
15.795,33111
15.797,33125
15.799,33195
15.801,33162
15.803,33166
15.804,33144
15.806,33125
15.808,33135
15.81,33135
15.812,33081
15.814,33066
15.816,33120
15.817,33130
15.819,33169
15.821,33148
15.823,33193
15.825,33184
15.826,33189
15.828,33237
15.83,33291
15.832,33349
15.834,33336
15.836,33322
15.838,33296
15.839,33347
15.841,33351
15.843,33418
15.845,33452
15.847,33496
15.849,33565
15.85,33584
15.852,33561
15.854,33576
15.856,33552
15.858,33615
15.859,33609
15.861,33655
15.863,33700
15.865,33740
15.867,33800
15.869,33877
15.871,34010
15.872,34126
15.874,34274
15.876,34357
15.878,34480
15.88,34658
15.881,34776
15.883,34870
15.885,35008
15.887,35143
15.889,35310
15.891,35450
15.893,35653
15.894,35768
15.896,35985
15.898,36093
15.9,36230
15.902,36403
15.904,36593
15.905,36703
15.907,36788
15.909,36873
15.911,36970
15.913,37073
15.915,37111
15.916,37155
15.918,37229
15.92,37315
15.922,37345
15.924,37385
15.926,37374
15.927,37397
15.929,37336
15.931,37394
15.933,37347
15.935,37327
15.937,37263
15.938,37164
15.94,36999
15.942,36915
15.944,36888
15.946,36840
15.948,36725
15.949,36637
15.951,36506
15.953,36387
15.955,36223
15.957,36113
15.958,35991
15.96,35862
15.962,35798
15.964,35651
15.966,35562
15.968,35383
15.97,35260
15.971,35145
15.973,35042
15.975,34947
15.977,34953
15.979,34843
15.98,34699
15.982,34578
15.984,34494
15.986,34389
15.988,34348
15.99,34265
15.992,34168
15.993,34021
15.995,34016
15.997,33971
15.999,33856
16.001,33799
16.003,33767
16.004,33694
16.006,33617
16.008,33567
16.01,33543
16.012,33481
16.014,33357
16.015,33303
16.017,33275
16.019,33217
16.021,33151
16.023,33075
16.025,33054
16.026,33033
16.028,33075
16.03,33086
16.032,32970
16.034,32912
16.035,32889
16.037,32925
16.039,32925
16.041,32936
16.043,32916
16.045,32879
16.046,32874
16.048,32839
16.05,32894
16.052,32921
16.054,32911
16.056,32899
16.058,32876
16.059,32950
16.061,32925
16.063,32937
16.065,32942
16.067,32908
16.069,32942
16.07,32959
16.072,32957
16.074,32920
16.076,32862
16.078,32841
16.079,32861
16.081,32864
16.083,32821
16.085,32865
16.087,32864
16.089,32847
16.091,32904
16.092,32906
16.094,32930
16.096,32931
16.098,32991
16.1,32981
16.101,32982
16.103,33041
16.105,33054
16.107,33061
16.109,33057
16.111,33025
16.113,33076
16.114,33102
16.116,33080
16.118,33068
16.12,33117
16.122,33089
16.124,33077
16.125,33086
16.127,33027
16.129,33048
16.131,33088
16.133,33071
16.134,33029
16.136,32978
16.138,32950
16.14,32965
16.142,32944
16.144,32944
16.146,32979
16.147,32969
16.149,32946
16.151,32954
16.153,32990
16.155,33014
16.157,32974
16.158,32985
16.16,32923
16.162,32960
16.164,32988
16.166,32990
16.168,32997
16.169,33000
16.171,33028
16.173,33075
16.175,33133
16.177,33141
16.179,33138
16.18,33164
16.182,33179
16.184,33236
16.186,33283
16.188,33223
16.189,33170
16.191,33234
16.193,33254
16.195,33275
16.197,33290
16.199,33297
16.2,33292
16.202,33317
16.204,33284
16.206,33259
16.208,33257
16.21,33312
16.212,33301
16.213,33242
16.215,33242
16.217,33209
16.219,33197
16.221,33201
16.223,33158
16.224,33246
16.226,33252
16.228,33214
16.23,33178
16.232,33209
16.233,33223
16.235,33211
16.237,33187
16.239,33169
16.241,33166
16.243,33147
16.245,33115
16.246,33065
16.248,33063
16.25,33093
16.252,33071
16.254,33094
16.255,33065
16.257,33038
16.259,33039
16.261,33018
16.263,33002
16.265,32972
16.267,33067
16.268,33021
16.27,33019
16.272,33009
16.274,33038
16.276,33036
16.278,33029
16.279,33072
16.281,33078
16.283,33053
16.285,33059
16.287,33034
16.288,33093
16.29,33070
16.292,33072
16.294,33065
16.296,33062
16.298,33077
16.3,33112
16.301,33122
16.303,33062
16.305,33063
16.307,33101
16.309,33083
16.311,33084
16.312,33100
16.314,33122
16.316,33083
16.318,33080
16.32,33107
16.322,33083
16.323,33098
16.325,33075
16.327,33041
16.329,33036
16.331,32985
16.333,32968
16.334,32916
16.336,32918
16.338,32939
16.34,32957
16.342,32982
16.343,32961
16.345,32965
16.347,32967
16.349,32959
16.351,32958
16.353,33023
16.354,33008
16.356,33005
16.358,32984
16.36,32987
16.362,32958
16.364,33009
16.366,33034
16.367,33064
16.369,33095
16.371,33118
16.373,33092
16.375,33051
16.377,33024
16.378,33015
16.38,33023
16.382,33036
16.384,33033
16.386,33011
16.387,32977
16.389,32926
16.391,33022
16.393,33009
16.395,33043
16.397,33025
16.399,33015
16.4,32978
16.402,32970
16.404,32969
16.406,32953
16.408,32944
16.409,32973
16.411,32974
16.413,32958
16.415,32963
16.417,32986
16.419,32977
16.421,32964
16.422,32944
16.424,32949
16.426,32959
16.428,32904
16.43,32899
16.432,32922
16.433,32938
16.435,32972
16.437,32937
16.439,32900
16.441,32924
16.442,32945
16.444,32935
16.446,32977
16.448,32964
16.45,32986
16.452,32956
16.454,32966
16.455,32966
16.457,33016
16.459,33033
16.461,33049
16.463,32996
16.465,33000
16.466,32992
16.468,32908
16.47,32889
16.472,32931
16.474,32964
16.476,32980
16.477,32943
16.479,32919
16.481,32941
16.483,32864
16.485,32894
16.486,32867
16.488,32865
16.49,32821
16.492,32842
16.494,32760
16.496,32764
16.497,32794
16.499,32785
16.501,32735
16.503,32708
16.505,32724
16.507,32750
16.509,32715
16.51,32727
16.512,32727
16.514,32754
16.516,32755
16.518,32734
16.52,32765
16.521,32794
16.523,32824
16.525,32824
16.527,32777
16.529,32708
16.531,32740
16.532,32790
16.534,32774
16.536,32787
16.538,32841
16.54,32879
16.541,32887
16.543,32955
16.545,32965
16.547,32990
16.549,33021
16.551,33046
16.552,33017
16.554,33042
16.556,33077
16.558,33054
16.56,33018
16.562,33010
16.564,33038
16.565,33085
16.567,33089
16.569,33043
16.571,33095
16.573,33143
16.575,33134
16.576,33119
16.578,33154
16.58,33065
16.582,32978
16.584,32947
16.586,32912
16.587,32869
16.589,32871
16.591,32859
16.593,32786
16.595,32766
16.596,32822
16.598,32856
16.6,32880
16.602,32847
16.604,32853
16.606,32841
16.608,32780
16.609,32815
16.611,32821
16.613,32850
16.615,32848
16.617,32828
16.619,32913
16.62,32914
16.622,32987
16.624,33003
16.626,33059
16.628,33073
16.63,33101
16.631,33123
16.633,33116
16.635,33111
16.637,33130
16.639,33138
16.64,33136
16.642,33152
16.644,33155
16.646,33157
16.648,33181
16.65,33153
16.652,33122
16.653,33085
16.655,33031
16.657,33007
16.659,32960
16.661,32959
16.663,32961
16.664,32968
16.666,32947
16.668,32933
16.67,32937
16.672,32921
16.674,32885
16.675,32916
16.677,32915
16.679,32900
16.681,32902
16.683,32822
16.685,32829
16.686,32860
16.688,32850
16.69,32940
16.692,32965
16.694,32985
16.695,32918
16.697,32941
16.699,32909
16.701,32862
16.703,32903
16.705,32879
16.706,32832
16.708,32847
16.71,32820
16.712,32801
16.714,32791
16.716,32758
16.717,32744
16.719,32780
16.721,32719
16.723,32719
16.725,32761
16.727,32751
16.729,32756
16.73,32802
16.732,32874
16.734,32841
16.736,32858
16.738,32864
16.74,32840
16.741,32861
16.743,32864
16.745,32858
16.747,32906
16.749,32920
16.75,32942
16.752,32988
16.754,33033
16.756,33037
16.758,33055
16.76,33012
16.762,32995
16.763,33026
16.765,33043
16.767,33010
16.769,33007
16.771,33018
16.773,33030
16.774,33085
16.776,33086
16.778,33090
16.78,33128
16.782,33072
16.784,33083
16.785,33102
16.787,33086
16.789,33097
16.791,33050
16.793,33039
16.794,33064
16.796,33095
16.798,33107
16.8,33019
16.802,33024
16.804,33056
16.806,33062
16.807,33074
16.809,33024
16.811,32961
16.813,32981
16.815,33024
16.817,33039
16.818,33095
16.82,33070
16.822,33016
16.824,32999
16.826,33021
16.828,33029
16.829,33034
16.831,33001
16.833,33004
16.835,32986
16.837,33041
16.839,33037
16.84,32998
16.842,32994
16.844,32954
16.846,32984
16.848,33046
16.849,33050
16.851,33024
16.853,33005
16.855,33000
16.857,32983
16.859,33013
16.86,33045
16.862,33040
16.864,33020
16.866,33049
16.868,33102
16.87,33088
16.872,33075
16.873,33086
16.875,33108
16.877,33070
16.879,33019
16.881,33069
16.883,33105
16.884,33080
16.886,33041
16.888,33063
16.89,33082
16.892,33069
16.894,33089
16.895,33057
16.897,33029
16.899,32996
16.901,33058
16.903,33026
16.904,32948
16.906,32988
16.908,33004
16.91,33001
16.912,33028
16.914,33057
16.915,33084
16.917,33072
16.919,33009
16.921,32997
16.923,33069
16.925,33034
16.927,32990
16.928,33018
16.93,33009
16.932,33014
16.934,33078
16.936,33075
16.938,33071
16.939,33074
16.941,33124
16.943,33074
16.945,33057
16.947,33065
16.948,33024
16.95,33089
16.952,33148
16.954,33170
16.956,33201
16.958,33242
16.96,33216
16.961,33244
16.963,33341
16.965,33385
16.967,33461
16.969,33561
16.971,33584
16.972,33666
16.974,33734
16.976,33866
16.978,33902
16.98,34018
16.982,34144
16.983,34299
16.985,34413
16.987,34551
16.989,34699
16.991,34837
16.993,35057
16.994,35259
16.996,35416
16.998,35595
17,35727
17.002,35883
17.003,36040
17.005,36231
17.007,36392
17.009,36560
17.011,36673
17.013,36811
17.015,36996
17.016,37141
17.018,37282
17.02,37294
17.022,37381
17.024,37381
17.026,37463
17.027,37494
17.029,37506
17.031,37468
17.033,37476
17.035,37469
17.037,37472
17.038,37452
17.04,37395
17.042,37314
17.044,37259
17.046,37178
17.047,37133
17.049,37061
17.051,36958
17.053,36814
17.055,36763
17.057,36715
17.058,36625
17.06,36548
17.062,36333
17.064,36265
17.066,36146
17.068,36022
17.07,35931
17.071,35797
17.073,35661
17.075,35506
17.077,35383
17.079,35216
17.08,35085
17.082,34923
17.084,34825
17.086,34675
17.088,34586
17.09,34524
17.092,34403
17.093,34267
17.095,34176
17.097,34081
17.099,34040
17.101,33954
17.103,33826
17.104,33758
17.106,33673
17.108,33646
17.11,33566
17.112,33525
17.113,33448
17.115,33486
17.117,33455
17.119,33453
17.121,33342
17.123,33279
17.125,33242
17.126,33191
17.128,33100
17.13,33096
17.132,33068
17.134,33045
17.136,33050
17.137,33018
17.139,33016
17.141,32998
17.143,32990
17.145,32979
17.147,33021
17.148,33018
17.15,33033
17.152,33000
17.154,32998
17.156,32989
17.158,33047
17.159,33074
17.161,33061
17.163,33077
17.165,33113
17.167,33122
17.169,33165
17.17,33190
17.172,33178
17.174,33160
17.176,33161
17.178,33124
17.18,33162
17.181,33133
17.183,33118
17.185,33160
17.187,33225
17.189,33223
17.19,33165
17.192,33206
17.194,33203
17.196,33180
17.198,33178
17.2,33122
17.202,33100
17.203,33084
17.205,33083
17.207,33071
17.209,33079
17.211,33077
17.212,33074
17.214,33079
17.216,33025
17.218,33010
17.22,32980
17.222,32933
17.223,32881
17.225,32837
17.227,32842
17.229,32794
17.231,32773
17.233,32847
17.235,32906
17.236,32952
17.238,32915
17.24,32906
17.242,32892
17.244,32954
17.246,32974
17.247,32965
17.249,32986
17.251,33017
17.253,33004
17.255,33055
17.256,33090
17.258,33143
17.26,33146
17.262,33192
17.264,33203
17.266,33254
17.267,33218
17.269,33211
17.271,33163
17.273,33194
17.275,33232
17.277,33250
17.279,33185
17.28,33096
17.282,33080
17.284,33137
17.286,33115
17.288,33141
17.289,33149
17.291,33159
17.293,33137
17.295,33087
17.297,33085
17.299,33071
17.301,33117
17.302,33079
17.304,33111
17.306,33115
17.308,33167
17.31,33145
17.312,33134
17.313,33173
17.315,33225
17.317,33235
17.319,33218
17.321,33187
17.322,33213
17.324,33229
17.326,33258
17.328,33256
17.33,33296
17.332,33336
17.334,33362
17.335,33372
17.337,33416
17.339,33429
17.341,33466
17.343,33427
17.345,33403
17.346,33419
17.348,33463
17.35,33442
17.352,33469
17.354,33520
17.355,33522
17.357,33495
17.359,33527
17.361,33520
17.363,33552
17.365,33592
17.366,33596
17.368,33601
17.37,33587
17.372,33604
17.374,33584
17.376,33623
17.378,33638
17.379,33632
17.381,33635
17.383,33662
17.385,33677
17.387,33680
17.389,33647
17.39,33655
17.392,33662
17.394,33694
17.396,33628
17.398,33592
17.4,33569
17.401,33502
17.403,33439
17.405,33424
17.407,33359
17.409,33324
17.411,33286
17.412,33227
17.414,33208
17.416,33230
17.418,33281
17.42,33209
17.421,33175
17.423,33201
17.425,33192
17.427,33191
17.429,33236
17.431,33300
17.433,33326
17.434,33354
17.436,33371
17.438,33395
17.44,33439
17.442,33465
17.444,33572
17.445,33606
17.447,33597
17.449,33682
17.451,33676
17.453,33719
17.454,33671
17.456,33744
17.458,33740
17.46,33754
17.462,33800
17.464,33861
17.465,33870
17.467,33842
17.469,33896
17.471,33971
17.473,33961
17.475,33992
17.477,33993
17.478,33946
17.48,33934
17.482,33962
17.484,33976
17.486,33992
17.488,34019
17.489,34013
17.491,34050
17.493,34025
17.495,34097
17.497,34067
17.498,34036
17.5,33955
17.502,33948
17.504,33927
17.506,33904
17.508,33874
17.51,33875
17.511,33878
17.513,33892
17.515,33929
17.517,33896
17.519,33899
17.521,33915
17.522,33853
17.524,33821
17.526,33771
17.528,33700
17.53,33622
17.531,33543
17.533,33550
17.535,33495
17.537,33442
17.539,33379
17.541,33367
17.543,33302
17.544,33235
17.546,33217
17.548,33119
17.55,33080
17.552,33083
17.554,33066
17.555,32981
17.557,32940
17.559,32930
17.561,32901
17.563,32886
17.564,32886
17.566,32936
17.568,32946
17.57,32912
17.572,32963
17.574,32983
17.575,32963
17.577,32971
17.579,33021
17.581,33036
17.583,33038
17.585,33047
17.587,33008
17.588,32981
17.59,32964
17.592,32963
17.594,33043
17.596,33056
17.598,33091
17.599,33080
17.601,33084
17.603,33080
17.605,33107
17.607,33088
17.608,33097
17.61,33141
17.612,33137
17.614,33103
17.616,33113
17.618,33074
17.62,33061
17.621,33075
17.623,33105
17.625,33064
17.627,33072
17.629,33085
17.63,33002
17.632,33040
17.634,33035
17.636,33102
17.638,33126
17.64,33104
17.642,33036
17.643,33045
17.645,33022
17.647,33027
17.649,33048
17.651,33061
17.653,33011
17.654,32997
17.656,32969
17.658,33007
17.66,33008
17.662,33058
17.663,33076
17.665,33108
17.667,33085
17.669,33036
17.671,32992
17.673,32956
17.675,32962
17.676,32983
17.678,32968
17.68,33006
17.682,33017
17.684,32969
17.686,32961
17.687,32962
17.689,33005
17.691,33066
17.693,33113
17.695,33085
17.697,33073
17.698,33090
17.7,33123
17.702,33112
17.704,33186
17.706,33167
17.708,33166
17.709,33143
17.711,33102
17.713,33102
17.715,33154
17.717,33100
17.719,33075
17.72,33046
17.722,33044
17.724,33017
17.726,32975
17.728,32929
17.729,32887
17.731,32851
17.733,32872
17.735,32799
17.737,32762
17.739,32736
17.74,32686
17.742,32674
17.744,32726
17.746,32769
17.748,32743
17.75,32769
17.752,32775
17.753,32860
17.755,32915
17.757,32958
17.759,32983
17.761,33015
17.762,33034
17.764,33057
17.766,33063
17.768,33087
17.77,33062
17.772,33066
17.773,33099
17.775,33104
17.777,33120
17.779,33128
17.781,33105
17.783,33068
17.785,33101
17.786,33077
17.788,33065
17.79,33039
17.792,32999
17.794,32997
17.796,32957
17.797,32938
17.799,32950
17.801,32996
17.803,32998
17.805,33038
17.806,33093
17.808,33073
17.81,33035
17.812,33052
17.814,33047
17.816,33040
17.817,33053
17.819,33067
17.821,33059
17.823,33074
17.825,33082
17.827,33003
17.829,33000
17.83,32983
17.832,33001
17.834,32971
17.836,32966
17.838,32906
17.839,32965
17.841,32930
17.843,32947
17.845,32980
17.847,33015
17.849,32957
17.851,32939
17.852,33015
17.854,32999
17.856,32975
17.858,32950
17.86,32912
17.861,32893
17.863,32945
17.865,32936
17.867,32933
17.869,32925
17.871,32968
17.872,32922
17.874,32905
17.876,32860
17.878,32854
17.88,32798
17.882,32829
17.884,32810
17.885,32875
17.887,32914
17.889,32831
17.891,32840
17.893,32879
17.895,32875
17.896,32950
17.898,32952
17.9,32942
17.902,32929
17.904,32956
17.906,32984
17.907,33026
17.909,33052
17.911,33101
17.913,33133
17.915,33180
17.916,33190
17.918,33177
17.92,33211
17.922,33202
17.924,33143
17.926,33187
17.928,33226
17.929,33237
17.931,33284
17.933,33347
17.935,33348
17.937,33333
17.938,33354
17.94,33436
17.942,33492
17.944,33470
17.946,33536
17.948,33536
17.95,33550
17.951,33554
17.953,33599
17.955,33633
17.957,33625
17.959,33633
17.961,33733
17.962,33768
17.964,33774
17.966,33737
17.968,33785
17.97,33691
17.971,33786
17.973,33860
17.975,33909
17.977,33800
17.979,33785
17.981,33808
17.983,33778
17.984,33814
17.986,33802
17.988,33797
17.99,33750
17.992,33742
17.994,33758
17.995,33789
17.997,33779
17.999,33762
18.001,33730
18.003,33736
18.005,33681
18.006,33700
18.008,33650
18.01,33611
18.012,33582
18.014,33614
18.015,33620
18.017,33577
18.019,33582
18.021,33538
18.023,33496
18.025,33509
18.027,33493
18.028,33466
18.03,33456
18.032,33428
18.034,33394
18.036,33374
18.038,33376
18.039,33340
18.041,33326
18.043,33290
18.045,33216
18.047,33231
18.048,33202
18.05,33197
18.052,33114
18.054,33117
18.056,33035
18.058,33034
18.06,33025
18.061,33030
18.063,33032
18.065,33003
18.067,32946
18.069,32870
18.07,32883
18.072,32864
18.074,32851
18.076,32871
18.078,32845
18.08,32819
18.081,32852
18.083,32861
18.085,32879
18.087,32849
18.089,32880
18.091,32833
18.092,32826
18.094,32839
18.096,32843
18.098,32818
18.1,32844
18.102,32892
18.104,32942
18.105,32978
18.107,32930
18.109,32885
18.111,32899
18.113,32920
18.115,33001
18.116,33017
18.118,33054
18.12,32999
18.122,32973
18.124,32998
18.125,33007
18.127,33068
18.129,33103
18.131,33095
18.133,33144
18.135,33176
18.137,33166
18.138,33216
18.14,33219
18.142,33249
18.144,33256
18.146,33315
18.147,33257
18.149,33221
18.151,33189
18.153,33229
18.155,33178
18.157,33212
18.159,33255
18.16,33281
18.162,33240
18.164,33197
18.166,33199
18.168,33158
18.17,33168
18.171,33103
18.173,33071
18.175,33025
18.177,32948
18.179,32954
18.18,32978
18.182,32954
18.184,32976
18.186,33000
18.188,32957
18.19,32910
18.192,32931
18.193,32938
18.195,32901
18.197,32846
18.199,32852
18.201,32899
18.203,32904
18.204,32907
18.206,32878
18.208,32896
18.21,32897
18.212,32901
18.214,32967
18.215,32945
18.217,32930
18.219,32941
18.221,32967
18.223,32949
18.224,32995
18.226,33006
18.228,32983
18.23,32965
18.232,32987
18.234,33005
18.236,33021
18.237,32978
18.239,32969
18.241,32990
18.243,33010
18.245,33014
18.247,33055
18.248,33024
18.25,32950
18.252,32934
18.254,32890
18.256,32849
18.258,32826
18.259,32858
18.261,32844
18.263,32846
18.265,32900
18.267,32888
18.269,32845
18.27,32851
18.272,32859
18.274,32902
18.276,32940
18.278,32995
18.279,32926
18.281,32914
18.283,32879
18.285,32860
18.287,32941
18.289,32933
18.29,32988
18.292,33036
18.294,33026
18.296,33010
18.298,33013
18.3,32985
18.302,32934
18.303,32963
18.305,32979
18.307,32975
18.309,32991
18.311,32956
18.313,32950
18.314,32910
18.316,32909
18.318,32921
18.32,32928
18.322,32943
18.323,32895
18.325,32956
18.327,32916
18.329,32852
18.331,32838
18.333,32829
18.335,32800
18.336,32830
18.338,32889
18.34,32807
18.342,32797
18.344,32831
18.346,32835
18.347,32811
18.349,32804
18.351,32816
18.353,32845
18.355,32835
18.356,32813
18.358,32823
18.36,32850
18.362,32809
18.364,32823
18.366,32887
18.368,32936
18.369,32960
18.371,32965
18.373,32982
18.375,32951
18.377,32975
18.378,33034
18.38,32950
18.382,32917
18.384,32921
18.386,32881
18.388,32840
18.389,32865
18.391,32855
18.393,32871
18.395,32891
18.397,32857
18.399,32816
18.401,32833
18.402,32830
18.404,32859
18.406,32842
18.408,32909
18.41,32877
18.412,32929
18.413,32995
18.415,32968
18.417,32989
18.419,32994
18.421,33059
18.422,33055
18.424,33107
18.426,33037
18.428,33091
18.43,33144
18.432,33092
18.433,33117
18.435,33174
18.437,33185
18.439,33164
18.441,33108
18.443,33129
18.445,33085
18.446,33036
18.448,32969
18.45,32945
18.452,32972
18.454,33024
18.455,33041
18.457,33027
18.459,33054
18.461,33032
18.463,33071
18.465,33003
18.467,32962
18.468,32959
18.47,32944
18.472,32895
18.474,32878
18.476,32895
18.478,32874
18.479,32819
18.481,32814
18.483,32868
18.485,32826
18.487,32825
18.488,32820
18.49,32791
18.492,32802
18.494,32780
18.496,32861
18.498,32843
18.5,32851
18.501,32857
18.503,32873
18.505,32941
18.507,32998
18.509,33091
18.511,33113
18.512,33116
18.514,33152
18.516,33176
18.518,33190
18.52,33220
18.522,33275
18.523,33248
18.525,33248
18.527,33270
18.529,33248
18.531,33246
18.533,33195
18.534,33229
18.536,33170
18.538,33171
18.54,33191
18.542,33152
18.544,33138
18.545,33134
18.547,33111
18.549,33121
18.551,33108
18.553,33144
18.555,33180
18.556,33192
18.558,33155
18.56,33211
18.562,33233
18.564,33200
18.565,33208
18.567,33232
18.569,33203
18.571,33179
18.573,33283
18.575,33331
18.577,33271
18.578,33268
18.58,33273
18.582,33239
18.584,33221
18.586,33221
18.587,33206
18.589,33165
18.591,33123
18.593,33057
18.595,33112
18.597,33110
18.598,33072
18.6,33089
18.602,33068
18.604,33033
18.606,33070
18.608,33095
18.61,33048
18.611,33030
18.613,33036
18.615,33005
18.617,32992
18.619,32973
18.621,32997
18.622,32992
18.624,33045
18.626,32983
18.628,32997
18.63,32987
18.631,32974
18.633,32925
18.635,32882
18.637,32835
18.639,32866
18.641,32876
18.642,32848
18.644,32841
18.646,32839
18.648,32847
18.65,32885
18.652,32925
18.654,32908
18.655,32940
18.657,32938
18.659,32943
18.661,32935
18.663,33034
18.664,32993
18.666,32998
18.668,32952
18.67,32979
18.672,32998
18.674,33000
18.676,32961
18.677,32979
18.679,32958
18.681,32970
18.683,32953
18.685,32919
18.687,32874
18.688,32894
18.69,32886
18.692,32864
18.694,32825
18.696,32774
18.697,32739
18.699,32696
18.701,32691
18.703,32762
18.705,32791
18.707,32745
18.709,32780
18.71,32794
18.712,32855
18.714,32839
18.716,32814
18.718,32759
18.72,32810
18.721,32826
18.723,32856
18.725,32835
18.727,32873
18.729,32888
18.73,32921
18.732,32963
18.734,32961
18.736,32974
18.738,33009
18.74,32945
18.741,32947
18.743,32972
18.745,32890
18.747,32904
18.749,32867
18.751,32898
18.753,32935
18.754,32943
18.756,32898
18.758,32922
18.76,32900
18.762,32892
18.764,32876
18.765,32880
18.767,32857
18.769,32862
18.771,32842
18.773,32828
18.775,32857
18.776,32883
18.778,32858
18.78,32846
18.782,32834
18.784,32866
18.786,32929
18.787,32921
18.789,32913
18.791,32959
18.793,32935
18.795,32853
18.796,32884
18.798,32872
18.8,32864
18.802,32854
18.804,32845
18.806,32807
18.808,32868
18.809,32903
18.811,32882
18.813,32846
18.815,32861
18.817,32909
18.819,33000
18.82,32962
18.822,32923
18.824,32887
18.826,32955
18.828,32891
18.829,32978
18.831,33047
18.833,33025
18.835,33065
18.837,33093
18.839,33075
18.84,33142
18.842,33160
18.844,33146
18.846,33188
18.848,33162
18.85,33209
18.852,33211
18.853,33201
18.855,33173
18.857,33169
18.859,33148
18.861,33125
18.863,33091
18.864,33139
18.866,33144
18.868,33201
18.87,33223
18.872,33192
18.873,33164
18.875,33165
18.877,33140
18.879,33172
18.881,33210
18.883,33201
18.885,33164
18.886,33189
18.888,33208
18.89,33193
18.892,33206
18.894,33214
18.896,33274
18.897,33308
18.899,33278
18.901,33285
18.903,33249
18.905,33155
18.906,33135
18.908,33139
18.91,33168
18.912,33153
18.914,33171
18.916,33151
18.918,33148
18.919,33092
18.921,33145
18.923,33110
18.925,33041
18.927,33065
18.929,33083
18.93,33135
18.932,33053
18.934,33072
18.936,33068
18.938,33048
18.939,33064
18.941,33110
18.943,33133
18.945,33103
18.947,33103
18.949,33130
18.95,33129
18.952,33128
18.954,33081
18.956,33141
18.958,33155
18.96,33191
18.962,33254
18.963,33251
18.965,33255
18.967,33204
18.969,33238
18.971,33279
18.973,33322
18.974,33318
18.976,33263
18.978,33224
18.98,33228
18.982,33275
18.983,33250
18.985,33256
18.987,33254
18.989,33249
18.991,33229
18.993,33162
18.995,33150
18.996,33129
18.998,33154
19,33122
19.002,33068
19.004,33061
19.005,33043
19.007,33050
19.009,33062
19.011,33046
19.013,33064
19.015,33074
19.017,33064
19.018,33069
19.02,33038
19.022,33030
19.024,32985
19.026,32984
19.028,33019
19.029,33033
19.031,33032
19.033,33018
19.035,32985
19.037,32965
19.038,33006
19.04,33034
19.042,32964
19.044,32868
19.046,32815
19.048,32859
19.05,32826
19.051,32785
19.053,32782
19.055,32745
19.057,32748
19.059,32786
19.061,32827
19.062,32813
19.064,32785
19.066,32790
19.068,32799
19.07,32791
19.072,32808
19.073,32827
19.075,32821
19.077,32825
19.079,32886
19.081,32939
19.083,32970
19.084,32928
19.086,32943
19.088,33030
19.09,33042
19.092,33022
19.094,33094
19.095,33027
19.097,33047
19.099,33050
19.101,33035
19.103,33045
19.104,33062
19.106,33063
19.108,33052
19.11,33012
19.112,33016
19.114,32996
19.115,33003
19.117,33021
19.119,32982
19.121,32975
19.123,32977
19.125,32950
19.127,32930
19.128,32995
19.13,32943
19.132,32950
19.134,32922
19.136,32926
19.137,32969
19.139,32993
19.141,32982
19.143,32987
19.145,32999
19.147,33043
19.148,33031
19.15,33036
19.152,33022
19.154,32942
19.156,33001
19.158,33021
19.16,32992
19.161,32936
19.163,32960
19.165,32945
19.167,32921
19.169,32967
19.171,33018
19.172,33053
19.174,33068
19.176,33020
19.178,33033
19.18,33077
19.181,33083
19.183,33080
19.185,33079
19.187,33075
19.189,33101
19.191,33140
19.192,33167
19.194,33197
19.196,33239
19.198,33286
19.2,33230
19.202,33208
19.204,33272
19.205,33250
19.207,33216
19.209,33180
19.211,33161
19.213,33164
19.214,33135
19.216,33139
19.218,33118
19.22,33183
19.222,33235
19.224,33240
19.226,33236
19.227,33255
19.229,33188
19.231,33188
19.233,33217
19.235,33238
19.236,33277
19.238,33294
19.24,33272
19.242,33257
19.244,33232
19.246,33256
19.247,33243
19.249,33264
19.251,33239
19.253,33161
19.255,33192
19.257,33101
19.259,33070
19.26,33097
19.262,33110
19.264,33105
19.266,33085
19.268,33038
19.27,32997
19.271,32968
19.273,32964
19.275,32921
19.277,32920
19.279,32929
19.281,32936
19.282,32910
19.284,32891
19.286,32864
19.288,32891
19.29,32977
19.291,32978
19.293,33044
19.295,33030
19.297,32944
19.299,32931
19.301,32913
19.303,32960
19.304,32984
19.306,32994
19.308,32977
19.31,32988
19.312,33047
19.313,33036
19.315,33057
19.317,33045
19.319,33058
19.321,33064
19.323,33110
19.325,33171
19.326,33133
19.328,33102
19.33,33068
19.332,33038
19.334,33130
19.336,33117
19.337,33092
19.339,33054
19.341,33048
19.343,33061
19.345,33069
19.346,33043
19.348,33034
19.35,33024
19.352,32983
19.354,32965
19.356,32984
19.358,33008
19.359,32953
19.361,32894
19.363,32869
19.365,32814
19.367,32809
19.369,32829
19.37,32791
19.372,32802
19.374,32815
19.376,32782
19.378,32793
19.38,32806
19.381,32786
19.383,32803
19.385,32782
19.387,32783
19.389,32832
19.39,32888
19.392,32843
19.394,32811
19.396,32880
19.398,32890
19.4,32944
19.402,33015
19.403,33026
19.405,33076
19.407,33107
19.409,33105
19.411,33155
19.413,33220
19.414,33155
19.416,33167
19.418,33171
19.42,33230
19.422,33256
19.423,33241
19.425,33222
19.427,33205
19.429,33207
19.431,33210
19.433,33124
19.435,33112
19.436,33065
19.438,33039
19.44,33034
19.442,33044
19.444,33072
19.445,33040
19.447,33037
19.449,32997
19.451,33054
19.453,33000
19.455,33024
19.456,33000
19.458,33013
19.46,33064
19.462,33066
19.464,33058
19.466,33084
19.467,33160
19.469,33207
19.471,33212
19.473,33233
19.475,33214
19.477,33180
19.479,33105
19.48,33091
19.482,33126
19.484,33115
19.486,33177
19.488,33169
19.49,33215
19.491,33201
19.493,33136
19.495,33143
19.497,33089
19.499,33089
19.5,33097
19.502,33078
19.504,33046
19.506,33020
19.508,32980
19.51,32943
19.512,32956
19.513,32967
19.515,32988
19.517,32978
19.519,32943
19.521,32904
19.522,32894
19.524,32953
19.526,32920
19.528,32958
19.53,33026
19.532,32996
19.534,33046
19.535,33025
19.537,32998
19.539,32980
19.541,32985
19.543,33002
19.545,33060
19.546,33072
19.548,33053
19.55,33088
19.552,33092
19.554,33068
19.555,33049
19.557,33100
19.559,33074
19.561,33002
19.563,32998
19.565,32978
19.567,32953
19.568,32946
19.57,32923
19.572,32925
19.574,32922
19.576,32980
19.578,32957
19.579,32941
19.581,32912
19.583,32906
19.585,32913
19.587,32849
19.589,32861
19.59,32841
19.592,32911
19.594,32890
19.596,32911
19.598,32894
19.599,32923
19.601,32922
19.603,32909
19.605,32939
19.607,32965
19.609,33003
19.611,33008
19.612,33025
19.614,33036
19.616,33016
19.618,33029
19.62,33035
19.622,33090
19.623,33160
19.625,33135
19.627,33156
19.629,33160
19.631,33149
19.633,33161
19.634,33217
19.636,33223
19.638,33216
19.64,33231
19.642,33236
19.644,33175
19.645,33136
19.647,33141
19.649,33107
19.651,33095
19.653,33131
19.654,33114
19.656,33132
19.658,33112
19.66,33102
19.662,33082
19.664,33057
19.665,33093
19.667,33073
19.669,33067
19.671,33062
19.673,33010
19.675,33048
19.677,33018
19.678,33033
19.68,33048
19.682,33080
19.684,33032
19.686,33057
19.688,33021
19.689,33028
19.691,33057
19.693,33062
19.695,33036
19.697,33037
19.698,33069
19.7,33091
19.702,33042
19.704,33074
19.706,33075
19.708,33061
19.71,33126
19.711,33122
19.713,33170
19.715,33114
19.717,33138
19.719,33110
19.721,33165
19.722,33098
19.724,33159
19.726,33135
19.728,33110
19.73,33079
19.731,33080
19.733,33047
19.735,33069
19.737,33108
19.739,33110
19.741,33103
19.743,33070
19.744,33092
19.746,33051
19.748,33044
19.75,32993
19.752,32948
19.753,32904
19.755,32890
19.757,32906
19.759,32923
19.761,32896
19.763,32898
19.764,32898
19.766,32886
19.768,32946
19.77,32975
19.772,32991
19.774,32931
19.776,32895
19.777,32913
19.779,32934
19.781,32911
19.783,32956
19.785,32933
19.787,32912
19.788,33004
19.79,33069
19.792,33110
19.794,33161
19.796,33180
19.797,33190
19.799,33237
19.801,33214
19.803,33217
19.805,33180
19.807,33201
19.808,33197
19.81,33229
19.812,33269
19.814,33246
19.816,33214
19.818,33203
19.82,33150
19.821,33175
19.823,33264
19.825,33211
19.827,33221
19.829,33160
19.83,33136
19.832,33161
19.834,33177
19.836,33166
19.838,33199
19.84,33283
19.842,33292
19.843,33261
19.845,33265
19.847,33241
19.849,33202
19.851,33218
19.853,33224
19.854,33203
19.856,33179
19.858,33162
19.86,33127
19.862,33154
19.863,33100
19.865,33116
19.867,33049
19.869,33043
19.871,33041
19.873,33041
19.875,32999
19.876,32927
19.878,32952
19.88,32919
19.882,32881
19.884,32889
19.886,32887
19.887,32906
19.889,32922
19.891,32958
19.893,32986
19.895,32929
19.897,32960
19.898,32936
19.9,32989
19.902,33037
19.904,33053
19.906,32996
19.908,32981
19.909,33021
19.911,33027
19.913,33043
19.915,32990
19.917,33034
19.919,33041
19.92,33030
19.922,33029
19.924,33010
19.926,32998
19.928,33027
19.93,33061
19.931,33102
19.933,33044
19.935,33040
19.937,32998
19.939,32991
19.94,33052
19.942,33087
19.944,33056
19.946,32986
19.948,33025
19.95,32997
19.952,33015
19.953,33012
19.955,32980
19.957,32997
19.959,32994
19.961,33039
19.962,33031
19.964,32985
19.966,32928
19.968,32926
19.97,32913
19.972,32943
19.973,32985
19.975,32956
19.977,32919
19.979,32957
19.981,33020
19.983,33028
19.985,33013
19.986,33055
19.988,33108
19.99,33115
19.992,33099
19.994,33121
19.996,33134
19.997,33023
19.999,33047
20.001,33070
20.003,33096
20.005,33105
20.006,33128
20.008,33120
20.01,33113
20.012,33085
20.014,33100
20.016,33070
20.017,32993
20.019,33026
20.021,33026
20.023,32980
20.025,32966
20.027,32994
20.029,33013
20.03,33017
20.032,33062
20.034,33090
20.036,33105
20.038,33071
20.039,33109
20.041,33137
20.043,33187
20.045,33182
20.047,33150
20.049,33151
20.051,33101
20.052,33092
20.054,33156
20.056,33125
20.058,33168
20.06,33186
20.062,33099
20.063,33080
20.065,33071
20.067,33041
20.069,33002
20.071,33058
20.072,33043
20.074,33037
20.076,33020
20.078,32982
20.08,32942
20.082,32943
20.084,32971
20.085,33033
20.087,33047
20.089,33026
20.091,32968
20.093,32968
20.095,32911
20.096,32907
20.098,32942
20.1,32912
20.102,32956
20.104,32946
20.105,32986
20.107,32948
20.109,32991
20.111,33031
20.113,32985
20.115,32985
20.116,32991
20.118,32989
20.12,32911
20.122,32904
20.124,32904
20.126,32908
20.128,32957
20.129,32956
20.131,32975
20.133,32990
20.135,33000
20.137,33005
20.139,32980
20.14,32999
20.142,32974
20.144,32989
20.146,32910
20.148,32919
20.15,32971
20.151,32977
20.153,32956
20.155,32936
20.157,32973
20.159,32971
20.161,32989
20.162,32983
20.164,32942
20.166,32967
20.168,32964
20.17,32940
20.171,32955
20.173,32960
20.175,32987
20.177,32992
20.179,32948
20.181,32948
20.183,32951
20.184,32962
20.186,32925
20.188,32938
20.19,32944
20.192,32923
20.194,32924
20.195,32974
20.197,32973
20.199,33018
20.201,33102
20.203,33094
20.204,33126
20.206,33122
20.208,33165
20.21,33140
20.212,33142
20.214,33094
20.215,33092
20.217,33108
20.219,33081
20.221,33035
20.223,33034
20.225,33021
20.227,33006
20.228,33044
20.23,33045
20.232,32982
20.234,32970
20.236,32970
20.238,32882
20.239,32860
20.241,32795
20.243,32831
20.245,32760
20.247,32766
20.248,32756
20.25,32804
20.252,32850
20.254,32854
20.256,32894
20.258,32931
20.26,32934
20.261,32922
20.263,32947
20.265,32938
20.267,32923
20.269,32893
20.271,32906
20.272,32848
20.274,32864
20.276,32868
20.278,32953
20.28,32960
20.281,32958
20.283,32973
20.285,32972
20.287,32936
20.289,32913
20.291,32888
20.293,32930
20.294,32891
20.296,32908
20.298,32957
20.3,32970
20.302,32946
20.304,32971
20.305,33039
20.307,33050
20.309,33074
20.311,33079
20.313,33050
20.314,33030
20.316,32989
20.318,33048
20.32,33068
20.322,33032
20.324,33080
20.325,33104
20.327,33125
20.329,33087
20.331,33162
20.333,33182
20.335,33192
20.337,33189
20.338,33209
20.34,33210
20.342,33206
20.344,33188
20.346,33205
20.348,33259
20.349,33284
20.351,33252
20.353,33277
20.355,33205
20.357,33219
20.358,33243
20.36,33269
20.362,33296
20.364,33285
20.366,33313
20.368,33232
20.37,33272
20.371,33259
20.373,33196
20.375,33187
20.377,33192
20.379,33133
20.38,33144
20.382,33149
20.384,33111
20.386,33091
20.388,33146
20.39,33112
20.392,33169
20.393,33108
20.395,33120
20.397,33075
20.399,33088
20.401,33102
20.403,33041
20.404,33055
20.406,32988
20.408,32951
20.41,32976
20.412,33019
20.413,33074
20.415,33152
20.417,33098
20.419,33082
20.421,33051
20.423,33084
20.425,33034
20.426,33069
20.428,33075
20.43,33123
20.432,33060
20.434,33115
20.436,33062
20.437,33039
20.439,33063
20.441,33087
20.443,33088
20.445,33116
20.447,33170
20.448,33140
20.45,33058
20.452,32984
20.454,33046
20.456,33045
20.458,33055
20.459,33032
20.461,33041
20.463,33090
20.465,33091
20.467,33132
20.469,33217
20.47,33161
20.472,33171
20.474,33190
20.476,33199
20.478,33186
20.479,33222
20.481,33228
20.483,33201
20.485,33216
20.487,33303
20.489,33305
20.49,33247
20.492,33278
20.494,33261
20.496,33268
20.498,33306
20.5,33262
20.502,33247
20.503,33160
20.505,33168
20.507,33137
20.509,33109
20.511,33089
20.512,33073
20.514,33058
20.516,33075
20.518,33047
20.52,33026
20.522,33016
20.523,32923
20.525,32950
20.527,32996
20.529,32963
20.531,32983
20.533,32989
20.535,32970
20.536,32995
20.538,32946
20.54,32984
20.542,32975
20.544,33025
20.546,33064
20.547,33069
20.549,33065
20.551,33063
20.553,33007
20.555,33047
20.556,33077
20.558,33080
20.56,33117
20.562,33118
20.564,33107
20.566,33096
20.567,33148
20.569,33167
20.571,33119
20.573,33090
20.575,33123
20.577,33114
20.579,33103
20.58,33059
20.582,33073
20.584,33066
20.586,33110
20.588,33162
20.589,33165
20.591,33101
20.593,33130
20.595,33148
20.597,33138
20.599,33115
20.601,33094
20.602,33169
20.604,33088
20.606,33042
20.608,33027
20.61,33039
20.611,33014
20.613,33006
20.615,33007
20.617,32984
20.619,32939
20.621,32953
20.622,32941
20.624,32914
20.626,32922
20.628,32903
20.63,32840
20.632,32822
20.634,32805
20.635,32845
20.637,32850
20.639,32853
20.641,32906
20.643,32941
20.645,32989
20.646,32996
20.648,33071
20.65,33058
20.652,33011
20.654,33063
20.656,33105
20.657,33110
20.659,33086
20.661,33068
20.663,33104
20.665,33176
20.666,33185
20.668,33152
20.67,33143
20.672,33151
20.674,33191
20.676,33132
20.678,33100
20.679,33135
20.681,33093
20.683,33050
20.685,33000
20.687,33010
20.688,33057
20.69,32996
20.692,32979
20.694,32977
20.696,32962
20.698,32986
20.7,32953
20.701,32897
20.703,32950
20.705,33006
20.707,33028
20.709,32997
20.711,32892
20.712,32848
20.714,32851
20.716,32789
20.718,32815
20.72,32856
20.721,32822
20.723,32810
20.725,32803
20.727,32828
20.729,32788
20.731,32780
20.733,32843
20.734,32854
20.736,32823
20.738,32813
20.74,32782
20.742,32751
20.744,32789
20.745,32748
20.747,32817
20.749,32881
20.751,32869
20.753,32893
20.755,32902
20.756,32829
20.758,32880
20.76,32911
20.762,32900
20.764,32943
20.765,32960
20.767,32976
20.769,32955
20.771,32927
20.773,32967
20.775,32999
20.777,32978
20.778,33003
20.78,32939
20.782,32986
20.784,33004
20.786,33008
20.788,33072
20.789,33024
20.791,32998
20.793,33052
20.795,33051
20.797,33067
20.798,33069
20.8,33017
20.802,33041
20.804,33046
20.806,33035
20.808,33043
20.81,33039
20.811,33056
20.813,33065
20.815,33094
20.817,33085
20.819,33086
20.82,33103
20.822,33108
20.824,33080
20.826,33131
20.828,33121
20.83,33128
20.831,33145
20.833,33129
20.835,33168
20.837,33215
20.839,33211
20.841,33155
20.842,33147
20.844,33145
20.846,33145
20.848,33143
20.85,33155
20.852,33120
20.854,33126
20.855,33124
20.857,33116
20.859,33124
20.861,33093
20.863,33079
20.865,33141
20.866,33141
20.868,33082
20.87,33087
20.872,33045
20.874,33053
20.875,33046
20.877,33126
20.879,33139
20.881,33115
20.883,33124
20.885,33095
20.887,33085
20.888,33085
20.89,33170
20.892,33185
20.894,33182
20.896,33136
20.897,33135
20.899,33125
20.901,33098
20.903,33079
20.905,33120
20.907,33096
20.909,33106
20.91,33086
20.912,33093
20.914,33030
20.916,33045
20.918,33096
20.92,33104
20.921,33125
20.923,33094
20.925,33123
20.927,33117
20.929,33140
20.93,33154
20.932,33197
20.934,33258
20.936,33295
20.938,33292
20.94,33259
20.942,33225
20.943,33244
20.945,33260
20.947,33217
20.949,33229
20.951,33225
20.953,33181
20.954,33153
20.956,33113
20.958,33124
20.96,33137
20.962,33102
20.964,33025
20.965,32996
20.967,32946
20.969,32928
20.971,32906
20.973,32876
20.974,32847
20.976,32902
20.978,32961
20.98,32957
20.982,32939
20.984,32996
20.986,32945
20.987,32953
20.989,32953
20.991,32949
20.993,32982
20.995,32975
20.997,33033
20.998,33022
21,33079
21.002,33071
21.004,33064
21.006,33081
21.008,33071
21.009,33065
21.011,33108
21.013,33121
21.015,33088
21.017,33036
21.019,33032
21.02,32975
21.022,33043
21.024,33023
21.026,33042
21.028,33044
21.029,33042
21.031,33045
21.033,32988
21.035,33074
21.037,33060
21.039,33074
21.04,33109
21.042,33084
21.044,33088
21.046,33093
21.048,33062
21.05,33053
21.052,33055
21.053,33042
21.055,33069
21.057,33146
21.059,33068
21.061,33104
21.063,33113
21.064,33084
21.066,33092
21.068,33060
21.07,33063
21.072,32983
21.073,32997
21.075,32936
21.077,32989
21.079,32994
21.081,32995
21.083,32996
21.085,32996
21.086,32995
21.088,32967
21.09,32995
21.092,32972
21.094,32939
21.096,32924
21.097,32903
21.099,32912
21.101,32933
21.103,32888
21.105,32873
21.106,32864
21.108,32828
21.11,32773
21.112,32844
21.114,32796
21.116,32831
21.118,32810
21.119,32812
21.121,32801
21.123,32783
21.125,32847
21.127,32878
21.128,32896
21.13,32917
21.132,32970
21.134,32968
21.136,32993
21.138,33000
21.139,33052
21.141,33072
21.143,33099
21.145,33192
21.147,33232
21.149,33185
21.151,33159
21.152,33096
21.154,33078
21.156,33087
21.158,33096
21.16,33121
21.162,33063
21.163,33023
21.165,32999
21.167,32982
21.169,32989
21.171,33024
21.172,32993
21.174,33042
21.176,32982
21.178,33053
21.18,33032
21.182,33009
21.183,32988
21.185,33017
21.187,33034
21.189,33041
21.191,33104
21.193,33150
21.195,33211
21.196,33243
21.198,33283
21.2,33342
21.202,33353
21.204,33367
21.205,33379
21.207,33367
21.209,33391
21.211,33342
21.213,33404
21.215,33360
21.217,33329
21.218,33309
21.22,33323
21.222,33327
21.224,33319
21.226,33323
21.228,33253
21.229,33252
21.231,33208
21.233,33147
21.235,33142
21.237,33108
21.238,33064
21.24,33034
21.242,33058
21.244,33070
21.246,33033
21.248,33017
21.25,32957
21.251,32928
21.253,33013
21.255,33017
21.257,33004
21.259,33011
21.261,33007
21.262,33084
21.264,33077
21.266,33047
21.268,33038
21.27,33009
21.272,33011
21.273,32997
21.275,33061
21.277,33061
21.279,33016
21.281,32983
21.283,33013
21.284,33019
21.286,33036
21.288,33053
21.29,33025
21.292,32955
21.294,33017
21.295,33010
21.297,33044
21.299,33003
21.301,33051
21.303,33017
21.305,33059
21.306,33068
21.308,33073
21.31,33139
21.312,33135
21.314,33154
21.315,33156
21.317,33127
21.319,33076
21.321,33092
21.323,33104
21.325,33117
21.327,33104
21.328,33163
21.33,33118
21.332,33140
21.334,33148
21.336,33168
21.337,33191
21.339,33186
21.341,33170
21.343,33210
21.345,33153
21.347,33124
21.348,33110
21.35,33072
21.352,33083
21.354,33109
21.356,33163
21.358,33169
21.36,33199
21.361,33171
21.363,33208
21.365,33198
21.367,33201
21.369,33154
21.371,33164
21.372,33112
21.374,33092
21.376,33154
21.378,33116
21.38,33094
21.381,33107
21.383,33062
21.385,33076
21.387,33141
21.389,33154
21.391,33177
21.392,33184
21.394,33180
21.396,33125
21.398,33178
21.4,33116
21.402,33154
21.404,33147
21.405,33167
21.407,33176
21.409,33139
21.411,33087
21.413,33076
21.414,33053
21.416,33076
21.418,33080
21.42,33100
21.422,33102
21.424,33043
21.426,33062
21.427,33054
21.429,33042
21.431,33037
21.433,33072
21.435,33036
21.437,33028
21.438,33022
21.44,33044
21.442,33066
21.444,33060
21.446,33084
21.447,33145
21.449,33122
21.451,33175
21.453,33176
21.455,33202
21.457,33267
21.459,33228
21.46,33257
21.462,33249
21.464,33285
21.466,33284
21.468,33260
21.47,33260
21.471,33291
21.473,33308
21.475,33269
21.477,33218
21.479,33237
21.48,33222
21.482,33257
21.484,33235
21.486,33215
21.488,33207
21.49,33174
21.491,33148
21.493,33076
21.495,33084
21.497,33089
21.499,33071
21.501,33042
21.503,33010
21.504,33021
21.506,33025
21.508,33030
21.51,33030
21.512,33061
21.514,33087
21.515,33046
21.517,33026
21.519,33026
21.521,33032
21.523,33082
21.525,33113
21.526,33124
21.528,33180
21.53,33185
21.532,33038
21.534,33017
21.536,33027
21.537,33008
21.539,33049
21.541,33021
21.543,33020
21.545,32995
21.546,32990
21.548,32987
21.55,32982
21.552,33064
21.554,33079
21.556,33082
21.558,33118
21.559,33110
21.561,33090
21.563,33126
21.565,33101
21.567,33090
21.569,33239
21.57,33260
21.572,33257
21.574,33265
21.576,33275
21.578,33293
21.579,33289
21.581,33325
21.583,33377
21.585,33333
21.587,33274
21.589,33184
21.59,33140
21.592,33097
21.594,33075
21.596,33043
21.598,32991
21.6,32972
21.602,32969
21.603,33023
21.605,33026
21.607,33015
21.609,33005
21.611,33022
21.613,32987
21.614,33028
21.616,33035
21.618,33027
21.62,33014
21.622,33025
21.623,33073
21.625,33079
21.627,33123
21.629,33155
21.631,33150
21.633,33115
21.635,33143
21.636,33118
21.638,33124
21.64,33120
21.642,33117
21.644,33151
21.646,33146
21.647,33126
21.649,33123
21.651,33106
21.653,33116
21.655,33091
21.656,33024
21.658,33056
21.66,33059
21.662,33038
21.664,32980
21.666,32978
21.668,32942
21.669,33008
21.671,32992
21.673,32987
21.675,32932
21.677,32911
21.679,32883
21.68,32868
21.682,32866
21.684,32937
21.686,32971
21.688,32978
21.689,32937
21.691,32927
21.693,32977
21.695,33000
21.697,33007
21.699,33047
21.7,33078
21.702,33071
21.704,33087
21.706,33034
21.708,33065
21.71,33058
21.712,33098
21.713,33063
21.715,33126
21.717,33093
21.719,33080
21.721,32997
21.723,33000
21.724,33036
21.726,33032
21.728,33056
21.73,33041
21.732,33039
21.733,33089
21.735,33085
21.737,33095
21.739,33105
21.741,33148
21.743,33180
21.745,33152
21.746,33179
21.748,33134
21.75,33164
21.752,33160
21.754,33152
21.755,33184
21.757,33214
21.759,33175
21.761,33124
21.763,33141
21.765,33125
21.767,33121
21.768,33078
21.77,33074
21.772,33034
21.774,33076
21.776,33056
21.778,33030
21.779,33031
21.781,33036
21.783,33036
21.785,33102
21.787,33131
21.788,33099
21.79,33149
21.792,33112
21.794,33095
21.796,33050
21.798,33023
21.8,33025
21.801,33030
21.803,33032
21.805,33030
21.807,32989
21.809,32978
21.811,32954
21.812,32951
21.814,33002
21.816,32980
21.818,32990
21.82,33024
21.822,33019
21.823,33011
21.825,33044
21.827,33041
21.829,33052
21.831,33086
21.833,33162
21.834,33156
21.836,33131
21.838,33087
21.84,33086
21.842,33071
21.844,33101
21.845,33136
21.847,33117
21.849,33147
21.851,33054
21.853,33090
21.854,33102
21.856,33097
21.858,33035
21.86,32999
21.862,32935
21.864,32971
21.865,33028
21.867,32996
21.869,32954
21.871,32984
21.873,33024
21.875,33050
21.877,33048
21.878,33055
21.88,33073
21.882,33077
21.884,33047
21.886,33034
21.887,33101
21.889,33097
21.891,33098
21.893,33069
21.895,33124
21.897,33152
21.898,33142
21.9,33089
21.902,33010
21.904,33009
21.906,33020
21.908,33002
21.91,33000
21.911,33000
21.913,33003
21.915,33071
21.917,33033
21.919,33040
21.921,33056
21.922,33022
21.924,33023
21.926,33034
21.928,33033
21.93,33016
21.931,32987
21.933,33020
21.935,33042
21.937,33037
21.939,33080
21.941,33075
21.942,33073
21.944,33117
21.946,33152
21.948,33157
21.95,33167
21.952,33108
21.954,33108
21.955,33140
21.957,33165
21.959,33246
21.961,33245
21.963,33199
21.964,33180
21.966,33212
21.968,33226
21.97,33221
21.972,33242
21.974,33240
21.976,33219
21.977,33240
21.979,33247
