-40,0.70692
-39.98,0.70644
-39.96,0.705
-39.94,0.70453
-39.92,0.70405
-39.9,0.70453
-39.88,0.70548
-39.86,0.705
-39.84,0.70644
-39.82,0.70692
-39.8,0.70644
-39.78,0.70692
-39.76,0.70692
-39.74,0.70644
-39.72,0.70644
-39.7,0.70596
-39.68,0.70596
-39.66,0.70596
-39.64,0.70596
-39.62,0.70548
-39.6,0.705
-39.58,0.70548
-39.56,0.70596
-39.54,0.70548
-39.52,0.705
-39.5,0.705
-39.48,0.705
-39.46,0.70453
-39.44,0.70405
-39.42,0.70309
-39.4,0.70261
-39.38,0.70165
-39.36,0.70165
-39.34,0.70165
-39.32,0.70261
-39.3,0.70309
-39.28,0.70261
-39.26,0.70213
-39.24,0.70261
-39.22,0.70309
-39.2,0.70261
-39.18,0.70165
-39.16,0.70213
-39.14,0.70309
-39.12,0.70405
-39.1,0.70357
-39.08,0.70453
-39.06,0.70453
-39.04,0.705
-39.02,0.705
-39,0.70548
-38.98,0.70596
-38.96,0.70692
-38.94,0.70692
-38.92,0.70548
-38.9,0.70596
-38.88,0.70596
-38.86,0.70548
-38.84,0.705
-38.82,0.705
-38.8,0.70596
-38.78,0.70644
-38.76,0.70596
-38.74,0.70596
-38.72,0.70548
-38.7,0.70692
-38.68,0.70596
-38.66,0.70692
-38.64,0.70644
-38.62,0.70692
-38.6,0.70692
-38.58,0.70692
-38.56,0.70644
-38.54,0.70788
-38.52,0.70835
-38.5,0.70835
-38.48,0.70835
-38.46,0.70931
-38.44,0.70979
-38.42,0.70883
-38.4,0.70835
-38.38,0.70883
-38.36,0.71027
-38.34,0.71123
-38.32,0.71266
-38.3,0.71266
-38.28,0.71362
-38.26,0.71266
-38.24,0.7117
-38.22,0.71266
-38.2,0.71314
-38.18,0.71362
-38.16,0.71553
-38.14,0.71362
-38.12,0.71458
-38.1,0.7141
-38.08,0.7141
-38.06,0.71314
-38.04,0.71362
-38.02,0.71362
-38,0.71505
-37.98,0.71553
-37.96,0.71362
-37.94,0.71362
-37.92,0.71266
-37.9,0.71266
-37.88,0.71266
-37.86,0.71314
-37.84,0.71458
-37.82,0.71505
-37.8,0.71505
-37.78,0.71553
-37.76,0.7141
-37.74,0.71458
-37.72,0.71458
-37.7,0.71553
-37.68,0.71697
-37.66,0.71888
-37.64,0.71936
-37.62,0.72032
-37.6,0.7208
-37.58,0.72032
-37.56,0.72128
-37.54,0.72128
-37.52,0.7208
-37.5,0.72032
-37.48,0.71984
-37.46,0.71984
-37.44,0.71841
-37.42,0.71697
-37.4,0.71649
-37.38,0.71697
-37.36,0.71649
-37.34,0.71745
-37.32,0.71793
-37.3,0.71793
-37.28,0.71745
-37.26,0.71697
-37.24,0.71553
-37.22,0.71601
-37.2,0.71458
-37.18,0.71505
-37.16,0.71601
-37.14,0.71649
-37.12,0.71745
-37.1,0.71745
-37.08,0.7184
-37.06,0.71888
-37.04,0.72128
-37.02,0.72176
-37,0.72319
-36.98,0.72367
-36.96,0.72511
-36.94,0.72463
-36.92,0.72463
-36.9,0.72415
-36.88,0.72367
-36.86,0.72319
-36.84,0.72463
-36.82,0.72463
-36.8,0.72558
-36.78,0.72463
-36.76,0.72367
-36.74,0.72319
-36.72,0.72319
-36.7,0.72367
-36.68,0.72271
-36.66,0.72319
-36.64,0.72319
-36.62,0.72319
-36.6,0.72176
-36.58,0.72176
-36.56,0.72176
-36.54,0.72223
-36.52,0.72319
-36.5,0.72319
-36.48,0.72319
-36.46,0.72415
-36.44,0.72415
-36.42,0.72415
-36.4,0.72367
-36.38,0.72511
-36.36,0.72654
-36.34,0.72654
-36.32,0.72798
-36.3,0.72893
-36.28,0.72989
-36.26,0.73037
-36.24,0.73037
-36.22,0.73181
-36.2,0.73276
-36.18,0.73181
-36.16,0.73181
-36.14,0.73324
-36.12,0.73181
-36.1,0.73276
-36.08,0.73372
-36.06,0.73372
-36.04,0.73324
-36.02,0.73276
-36,0.73324
-35.98,0.73228
-35.96,0.73181
-35.94,0.73228
-35.92,0.73228
-35.9,0.73181
-35.88,0.73181
-35.86,0.73133
-35.84,0.73085
-35.82,0.72941
-35.8,0.72941
-35.78,0.73085
-35.76,0.73133
-35.74,0.73037
-35.72,0.73133
-35.7,0.73181
-35.68,0.73228
-35.66,0.73276
-35.64,0.73372
-35.62,0.73468
-35.6,0.73468
-35.58,0.73611
-35.56,0.73611
-35.54,0.73659
-35.52,0.73563
-35.5,0.73563
-35.48,0.73563
-35.46,0.73611
-35.44,0.73611
-35.42,0.73707
-35.4,0.73707
-35.38,0.73755
-35.36,0.73755
-35.34,0.73755
-35.32,0.73755
-35.3,0.73707
-35.28,0.73707
-35.26,0.73659
-35.24,0.73563
-35.22,0.73659
-35.2,0.73707
-35.18,0.73659
-35.16,0.73659
-35.14,0.73755
-35.12,0.73803
-35.1,0.73898
-35.08,0.73898
-35.06,0.73898
-35.04,0.73946
-35.02,0.74042
-35,0.74186
-34.98,0.74138
-34.96,0.74186
-34.94,0.74281
-34.92,0.74329
-34.9,0.74377
-34.88,0.74425
-34.86,0.74521
-34.84,0.74664
-34.82,0.74616
-34.8,0.74664
-34.78,0.74808
-34.76,0.74903
-34.74,0.7476
-34.72,0.74808
-34.7,0.7476
-34.68,0.74808
-34.66,0.7476
-34.64,0.7476
-34.62,0.74712
-34.6,0.74616
-34.58,0.74712
-34.56,0.74616
-34.54,0.74616
-34.52,0.74521
-34.5,0.74568
-34.48,0.74616
-34.46,0.74664
-34.44,0.74664
-34.42,0.74712
-34.4,0.74808
-34.38,0.74808
-34.36,0.74808
-34.34,0.74951
-34.32,0.74903
-34.3,0.74999
-34.28,0.75047
-34.26,0.75143
-34.24,0.75191
-34.22,0.75286
-34.2,0.75334
-34.18,0.75334
-34.16,0.75478
-34.14,0.7543
-34.12,0.75573
-34.1,0.75717
-34.08,0.75717
-34.06,0.75669
-34.04,0.75717
-34.02,0.75717
-34,0.75573
-33.98,0.75621
-33.96,0.75621
-33.94,0.75669
-33.92,0.75717
-33.9,0.75813
-33.88,0.75813
-33.86,0.75861
-33.84,0.75861
-33.82,0.75861
-33.8,0.76004
-33.78,0.76004
-33.76,0.76052
-33.74,0.76196
-33.72,0.76243
-33.7,0.76196
-33.68,0.76291
-33.66,0.76387
-33.64,0.76387
-33.62,0.76531
-33.6,0.7677
-33.58,0.76818
-33.56,0.76866
-33.54,0.76913
-33.52,0.76961
-33.5,0.76913
-33.48,0.76961
-33.46,0.77057
-33.44,0.77105
-33.42,0.77201
-33.4,0.77201
-33.38,0.77201
-33.36,0.77248
-33.34,0.77248
-33.32,0.77248
-33.3,0.77201
-33.28,0.77201
-33.26,0.77201
-33.24,0.77296
-33.22,0.77153
-33.2,0.77057
-33.18,0.77057
-33.16,0.77153
-33.14,0.77153
-33.12,0.77153
-33.1,0.77201
-33.08,0.77296
-33.06,0.77201
-33.04,0.77296
-33.02,0.77248
-33,0.77248
-32.98,0.77296
-32.96,0.77248
-32.94,0.77201
-32.92,0.77344
-32.9,0.77392
-32.88,0.77344
-32.86,0.77392
-32.84,0.77392
-32.82,0.77536
-32.8,0.77583
-32.78,0.77679
-32.76,0.77775
-32.74,0.77918
-32.72,0.78062
-32.7,0.78062
-32.68,0.7811
-32.66,0.78301
-32.64,0.78253
-32.62,0.78301
-32.6,0.78301
-32.58,0.78349
-32.56,0.78493
-32.54,0.78588
-32.52,0.78493
-32.5,0.78684
-32.48,0.78828
-32.46,0.78924
-32.44,0.78924
-32.42,0.79019
-32.4,0.79115
-32.38,0.79115
-32.36,0.79067
-32.34,0.78971
-32.32,0.78971
-32.3,0.79067
-32.28,0.79067
-32.26,0.79115
-32.24,0.79259
-32.22,0.79306
-32.2,0.79402
-32.18,0.79498
-32.16,0.7945
-32.14,0.79546
-32.12,0.79594
-32.1,0.79594
-32.08,0.79641
-32.06,0.79689
-32.04,0.79737
-32.02,0.79689
-32,0.79737
-31.98,0.79737
-31.96,0.79785
-31.94,0.79833
-31.92,0.79881
-31.9,0.79929
-31.88,0.79976
-31.86,0.80024
-31.84,0.80024
-31.82,0.80072
-31.8,0.80072
-31.78,0.8012
-31.76,0.80216
-31.74,0.80264
-31.72,0.80359
-31.7,0.80359
-31.68,0.80359
-31.66,0.80359
-31.64,0.80455
-31.62,0.80599
-31.6,0.80599
-31.58,0.80646
-31.56,0.80646
-31.54,0.80694
-31.52,0.80742
-31.5,0.8079
-31.48,0.80838
-31.46,0.8079
-31.44,0.80838
-31.42,0.80886
-31.4,0.80934
-31.38,0.80934
-31.36,0.80981
-31.34,0.81029
-31.32,0.81029
-31.3,0.81029
-31.28,0.81077
-31.26,0.81077
-31.24,0.81173
-31.22,0.81221
-31.2,0.81221
-31.18,0.81316
-31.16,0.81508
-31.14,0.81556
-31.12,0.81604
-31.1,0.81604
-31.08,0.81699
-31.06,0.81795
-31.04,0.81795
-31.02,0.81795
-31,0.81891
-30.98,0.81986
-30.96,0.82034
-30.94,0.8213
-30.92,0.82226
-30.9,0.82274
-30.88,0.82274
-30.86,0.82321
-30.84,0.82274
-30.82,0.82369
-30.8,0.82417
-30.78,0.82369
-30.76,0.82417
-30.74,0.82465
-30.72,0.82656
-30.7,0.82752
-30.68,0.828
-30.66,0.82848
-30.64,0.82991
-30.62,0.83135
-30.6,0.83135
-30.58,0.83087
-30.56,0.83087
-30.54,0.82991
-30.52,0.82991
-30.5,0.83087
-30.48,0.83231
-30.46,0.83326
-30.44,0.83374
-30.42,0.83279
-30.4,0.83422
-30.38,0.83518
-30.36,0.83422
-30.34,0.83422
-30.32,0.83374
-30.3,0.8347
-30.28,0.83422
-30.26,0.83422
-30.24,0.8347
-30.22,0.83518
-30.2,0.83614
-30.18,0.83757
-30.16,0.83901
-30.14,0.8414
-30.12,0.84284
-30.1,0.84331
-30.08,0.84284
-30.06,0.84284
-30.04,0.84379
-30.02,0.84427
-30,0.84523
-29.98,0.84571
-29.96,0.84666
-29.94,0.8481
-29.92,0.84906
-29.9,0.84906
-29.88,0.85097
-29.86,0.85241
-29.84,0.85289
-29.82,0.8548
-29.8,0.85528
-29.78,0.85528
-29.76,0.85528
-29.74,0.85528
-29.72,0.85432
-29.7,0.85432
-29.68,0.85576
-29.66,0.85671
-29.64,0.85719
-29.62,0.85815
-29.6,0.85767
-29.58,0.85815
-29.56,0.85863
-29.54,0.85911
-29.52,0.85911
-29.5,0.85863
-29.48,0.85911
-29.46,0.85863
-29.44,0.85959
-29.42,0.85863
-29.4,0.85959
-29.38,0.8615
-29.36,0.86294
-29.34,0.86246
-29.32,0.86389
-29.3,0.86533
-29.28,0.86581
-29.26,0.86629
-29.24,0.86724
-29.22,0.8682
-29.2,0.86916
-29.18,0.86964
-29.16,0.87059
-29.14,0.87059
-29.12,0.87155
-29.1,0.87251
-29.08,0.87347
-29.06,0.87442
-29.04,0.87538
-29.02,0.87586
-29,0.87634
-28.98,0.87586
-28.96,0.8749
-28.94,0.87586
-28.92,0.87682
-28.9,0.87729
-28.88,0.87777
-28.86,0.87873
-28.84,0.87873
-28.82,0.87873
-28.8,0.87969
-28.78,0.88064
-28.76,0.88112
-28.74,0.88208
-28.72,0.88208
-28.7,0.88399
-28.68,0.88399
-28.66,0.88543
-28.64,0.88591
-28.62,0.88734
-28.6,0.8883
-28.58,0.88926
-28.56,0.89069
-28.54,0.89261
-28.52,0.89165
-28.5,0.89309
-28.48,0.89404
-28.46,0.895
-28.44,0.895
-28.42,0.89692
-28.4,0.89692
-28.38,0.89739
-28.36,0.89835
-28.34,0.89883
-28.32,0.89979
-28.3,0.90074
-28.28,0.90218
-28.26,0.90074
-28.24,0.9017
-28.22,0.90218
-28.2,0.9017
-28.18,0.90362
-28.16,0.90553
-28.14,0.90553
-28.12,0.90649
-28.1,0.90697
-28.08,0.90601
-28.06,0.90744
-28.04,0.90936
-28.02,0.90936
-28,0.91175
-27.98,0.91319
-27.96,0.91271
-27.94,0.91462
-27.92,0.91558
-27.9,0.91606
-27.88,0.9151
-27.86,0.91893
-27.84,0.91893
-27.82,0.91893
-27.8,0.91893
-27.78,0.91941
-27.76,0.91893
-27.74,0.91989
-27.72,0.92228
-27.7,0.92276
-27.68,0.92419
-27.66,0.92419
-27.64,0.92467
-27.62,0.92563
-27.6,0.92467
-27.58,0.92563
-27.56,0.92802
-27.54,0.92898
-27.52,0.93042
-27.5,0.92946
-27.48,0.93089
-27.46,0.93042
-27.44,0.93089
-27.42,0.93137
-27.4,0.9352
-27.38,0.93425
-27.36,0.93616
-27.34,0.93616
-27.32,0.93712
-27.3,0.93712
-27.28,0.93903
-27.26,0.94047
-27.24,0.9419
-27.22,0.9419
-27.2,0.94238
-27.18,0.94238
-27.16,0.94238
-27.14,0.94334
-27.12,0.94286
-27.1,0.94525
-27.08,0.94621
-27.06,0.94669
-27.04,0.94717
-27.02,0.94908
-27,0.94717
-26.98,0.9486
-26.96,0.94812
-26.94,0.951
-26.92,0.95052
-26.9,0.951
-26.88,0.95147
-26.86,0.95004
-26.84,0.94956
-26.82,0.951
-26.8,0.95243
-26.78,0.95339
-26.76,0.95482
-26.74,0.95482
-26.72,0.95626
-26.7,0.95722
-26.68,0.95722
-26.66,0.95913
-26.64,0.962
-26.62,0.96152
-26.6,0.96296
-26.58,0.96679
-26.56,0.9687
-26.54,0.96631
-26.52,0.9687
-26.5,0.9711
-26.48,0.97157
-26.46,0.97349
-26.44,0.97492
-26.42,0.97492
-26.4,0.97588
-26.38,0.97684
-26.36,0.97732
-26.34,0.9778
-26.32,0.97732
-26.3,0.97684
-26.28,0.97732
-26.26,0.97732
-26.24,0.97732
-26.22,0.97875
-26.2,0.98067
-26.18,0.97875
-26.16,0.97875
-26.14,0.9821
-26.12,0.98162
-26.1,0.98115
-26.08,0.98354
-26.06,0.98497
-26.04,0.98689
-26.02,0.98832
-26,0.98976
-25.98,0.98976
-25.96,0.9912
-25.94,0.99263
-25.92,0.99455
-25.9,0.99598
-25.88,0.9979
-25.86,0.99933
-25.84,0.99933
-25.82,1.0008
-25.8,1.0022
-25.78,1.0027
-25.76,1.0032
-25.74,1.0027
-25.72,1.0032
-25.7,1.0036
-25.68,1.0022
-25.66,1.0027
-25.64,1.0032
-25.62,1.0041
-25.6,1.0046
-25.58,1.007
-25.56,1.0075
-25.54,1.0079
-25.52,1.0094
-25.5,1.0099
-25.48,1.0113
-25.46,1.0113
-25.44,1.0123
-25.42,1.0132
-25.4,1.0127
-25.38,1.0137
-25.36,1.0151
-25.34,1.017
-25.32,1.019
-25.3,1.0209
-25.28,1.0247
-25.26,1.0261
-25.24,1.0261
-25.22,1.0276
-25.2,1.0285
-25.18,1.029
-25.16,1.03
-25.14,1.0314
-25.12,1.0319
-25.1,1.0328
-25.08,1.0333
-25.06,1.0347
-25.04,1.0357
-25.02,1.0362
-25,1.0371
-24.98,1.0391
-24.96,1.0405
-24.94,1.04
-24.92,1.0405
-24.9,1.0414
-24.88,1.04
-24.86,1.0405
-24.84,1.0424
-24.82,1.0429
-24.8,1.0438
-24.78,1.0458
-24.76,1.0467
-24.74,1.0472
-24.72,1.0481
-24.7,1.0505
-24.68,1.052
-24.66,1.0525
-24.64,1.0534
-24.62,1.0553
-24.6,1.0563
-24.58,1.0572
-24.56,1.0577
-24.54,1.0601
-24.52,1.062
-24.5,1.0625
-24.48,1.0644
-24.46,1.0659
-24.44,1.0668
-24.42,1.0682
-24.4,1.0682
-24.38,1.0682
-24.36,1.0697
-24.34,1.0706
-24.32,1.0716
-24.3,1.0716
-24.28,1.0726
-24.26,1.0745
-24.24,1.0764
-24.22,1.0769
-24.2,1.0788
-24.18,1.0793
-24.16,1.0802
-24.14,1.0812
-24.12,1.0821
-24.1,1.0845
-24.08,1.0864
-24.06,1.0874
-24.04,1.0883
-24.02,1.0898
-24,1.0917
-23.98,1.0931
-23.96,1.0931
-23.94,1.095
-23.92,1.0955
-23.9,1.0974
-23.88,1.0979
-23.86,1.0994
-23.84,1.0998
-23.82,1.1008
-23.8,1.1017
-23.78,1.1032
-23.76,1.1041
-23.74,1.1056
-23.72,1.107
-23.7,1.1075
-23.68,1.1075
-23.66,1.1089
-23.64,1.1104
-23.62,1.1108
-23.6,1.1118
-23.58,1.1128
-23.56,1.1151
-23.54,1.1156
-23.52,1.1185
-23.5,1.1185
-23.48,1.1204
-23.46,1.1204
-23.44,1.1223
-23.42,1.1247
-23.4,1.1262
-23.38,1.1262
-23.36,1.1285
-23.34,1.1295
-23.32,1.13
-23.3,1.1314
-23.28,1.1333
-23.26,1.1348
-23.24,1.1357
-23.22,1.1376
-23.2,1.1386
-23.18,1.14
-23.16,1.141
-23.14,1.1429
-23.12,1.1429
-23.1,1.1443
-23.08,1.1453
-23.06,1.1467
-23.04,1.1477
-23.02,1.1486
-23,1.1501
-22.98,1.1525
-22.96,1.1534
-22.94,1.1544
-22.92,1.1563
-22.9,1.1577
-22.88,1.1587
-22.86,1.1597
-22.84,1.1606
-22.82,1.162
-22.8,1.1649
-22.78,1.1654
-22.76,1.1668
-22.74,1.1678
-22.72,1.1697
-22.7,1.1716
-22.68,1.1735
-22.66,1.1754
-22.64,1.1759
-22.62,1.1769
-22.6,1.1774
-22.58,1.1788
-22.56,1.1802
-22.54,1.1821
-22.52,1.1836
-22.5,1.1841
-22.48,1.185
-22.46,1.1865
-22.44,1.1879
-22.42,1.1889
-22.4,1.1893
-22.38,1.1912
-22.36,1.1917
-22.34,1.1927
-22.32,1.1936
-22.3,1.1946
-22.28,1.1951
-22.26,1.1965
-22.24,1.1984
-22.22,1.2003
-22.2,1.2023
-22.18,1.2037
-22.16,1.2042
-22.14,1.2046
-22.12,1.2056
-22.1,1.208
-22.08,1.2099
-22.06,1.2109
-22.04,1.2128
-22.02,1.2142
-22,1.2157
-21.98,1.2171
-21.96,1.2195
-21.94,1.2214
-21.92,1.2238
-21.9,1.2252
-21.88,1.2267
-21.86,1.2271
-21.84,1.2286
-21.82,1.2295
-21.8,1.2319
-21.78,1.2329
-21.76,1.2343
-21.74,1.2367
-21.72,1.2372
-21.7,1.2381
-21.68,1.2396
-21.66,1.2415
-21.64,1.2434
-21.62,1.2453
-21.6,1.2463
-21.58,1.2472
-21.56,1.2492
-21.54,1.2511
-21.52,1.2525
-21.5,1.2544
-21.48,1.2563
-21.46,1.2582
-21.44,1.2602
-21.42,1.2606
-21.4,1.2606
-21.38,1.2626
-21.36,1.2645
-21.34,1.2669
-21.32,1.2693
-21.3,1.2712
-21.28,1.2731
-21.26,1.2736
-21.24,1.2745
-21.22,1.2745
-21.2,1.276
-21.18,1.2774
-21.16,1.2779
-21.14,1.2793
-21.12,1.2803
-21.1,1.2812
-21.08,1.2831
-21.06,1.2855
-21.04,1.287
-21.02,1.2894
-21,1.2917
-20.98,1.2932
-20.96,1.2951
-20.94,1.2951
-20.92,1.297
-20.9,1.2989
-20.88,1.2999
-20.86,1.3023
-20.84,1.3032
-20.82,1.3061
-20.8,1.3085
-20.78,1.3114
-20.76,1.3138
-20.74,1.3147
-20.72,1.3162
-20.7,1.3185
-20.68,1.319
-20.66,1.3195
-20.64,1.32
-20.62,1.3214
-20.6,1.3224
-20.58,1.3238
-20.56,1.3267
-20.54,1.3286
-20.52,1.3305
-20.5,1.3315
-20.48,1.3324
-20.46,1.3343
-20.44,1.3367
-20.42,1.3382
-20.4,1.3401
-20.38,1.342
-20.36,1.3434
-20.34,1.3458
-20.32,1.3482
-20.3,1.3511
-20.28,1.354
-20.26,1.3578
-20.24,1.3607
-20.22,1.3626
-20.2,1.3645
-20.18,1.3669
-20.16,1.3669
-20.14,1.3688
-20.12,1.3707
-20.1,1.3731
-20.08,1.3755
-20.06,1.3765
-20.04,1.3788
-20.02,1.3803
-20,1.3822
-19.98,1.3832
-19.96,1.3851
-19.94,1.386
-19.92,1.3879
-19.9,1.3875
-19.88,1.3889
-19.86,1.3894
-19.84,1.3908
-19.82,1.3932
-19.8,1.3951
-19.78,1.3966
-19.76,1.3989
-19.74,1.4013
-19.72,1.4028
-19.7,1.4042
-19.68,1.4061
-19.66,1.4095
-19.64,1.4119
-19.62,1.4147
-19.6,1.4167
-19.58,1.4195
-19.56,1.4214
-19.54,1.4234
-19.52,1.4243
-19.5,1.4272
-19.48,1.4296
-19.46,1.431
-19.44,1.4339
-19.42,1.4348
-19.4,1.4372
-19.38,1.4391
-19.36,1.4401
-19.34,1.4415
-19.32,1.4444
-19.3,1.4454
-19.28,1.4478
-19.26,1.4497
-19.24,1.4502
-19.22,1.4511
-19.2,1.4521
-19.18,1.4516
-19.16,1.4525
-19.14,1.454
-19.12,1.4569
-19.1,1.4592
-19.08,1.4612
-19.06,1.464
-19.04,1.4655
-19.02,1.4683
-19,1.4693
-18.98,1.4731
-18.96,1.4765
-18.94,1.4789
-18.92,1.4803
-18.9,1.4846
-18.88,1.487
-18.86,1.4884
-18.84,1.4908
-18.82,1.4937
-18.8,1.4966
-18.78,1.5004
-18.76,1.5028
-18.74,1.5061
-18.72,1.5081
-18.7,1.51
-18.68,1.5114
-18.66,1.5133
-18.64,1.5152
-18.62,1.5167
-18.6,1.5195
-18.58,1.5195
-18.56,1.521
-18.54,1.5224
-18.52,1.5243
-18.5,1.5243
-18.48,1.5253
-18.46,1.5286
-18.44,1.531
-18.42,1.5325
-18.4,1.5339
-18.38,1.5358
-18.36,1.5387
-18.34,1.5406
-18.32,1.542
-18.3,1.544
-18.28,1.5464
-18.26,1.5478
-18.24,1.5516
-18.22,1.554
-18.2,1.5569
-18.18,1.5598
-18.16,1.5626
-18.14,1.5641
-18.12,1.566
-18.1,1.5693
-18.08,1.5722
-18.06,1.5732
-18.04,1.5755
-18.02,1.5779
-18,1.5808
-17.98,1.5818
-17.96,1.5842
-17.94,1.5846
-17.92,1.5885
-17.9,1.5913
-17.88,1.5928
-17.86,1.5952
-17.84,1.5961
-17.82,1.5985
-17.8,1.6
-17.78,1.6019
-17.76,1.6043
-17.74,1.6071
-17.72,1.6081
-17.7,1.611
-17.68,1.6129
-17.66,1.6157
-17.64,1.6177
-17.62,1.6205
-17.6,1.6224
-17.58,1.6277
-17.56,1.6306
-17.54,1.6354
-17.52,1.6363
-17.5,1.6382
-17.48,1.6421
-17.46,1.6445
-17.44,1.6473
-17.42,1.6492
-17.4,1.6521
-17.38,1.6536
-17.36,1.6559
-17.34,1.6593
-17.32,1.6631
-17.3,1.6646
-17.28,1.6679
-17.26,1.6713
-17.24,1.6737
-17.22,1.6775
-17.2,1.6794
-17.18,1.6804
-17.16,1.6827
-17.14,1.6851
-17.12,1.688
-17.1,1.6899
-17.08,1.6933
-17.06,1.6957
-17.04,1.6971
-17.02,1.7005
-17,1.7028
-16.98,1.7086
-16.96,1.7105
-16.94,1.7119
-16.92,1.7143
-16.9,1.7177
-16.88,1.7196
-16.86,1.722
-16.84,1.7258
-16.82,1.7282
-16.8,1.7325
-16.78,1.7359
-16.76,1.7383
-16.74,1.7407
-16.72,1.744
-16.7,1.7478
-16.68,1.7507
-16.66,1.7541
-16.64,1.7579
-16.62,1.7612
-16.6,1.7641
-16.58,1.7641
-16.56,1.7675
-16.54,1.7727
-16.52,1.7765
-16.5,1.7789
-16.48,1.7823
-16.46,1.7847
-16.44,1.7866
-16.42,1.7899
-16.4,1.7933
-16.38,1.7957
-16.36,1.799
-16.34,1.8019
-16.32,1.8057
-16.3,1.8096
-16.28,1.8124
-16.26,1.8153
-16.24,1.8187
-16.22,1.8225
-16.2,1.8263
-16.18,1.8301
-16.16,1.833
-16.14,1.8345
-16.12,1.8383
-16.1,1.8412
-16.08,1.845
-16.06,1.8483
-16.04,1.8517
-16.02,1.8526
-16,1.8555
-15.98,1.8584
-15.96,1.8608
-15.94,1.8636
-15.92,1.8651
-15.9,1.868
-15.88,1.8718
-15.86,1.8756
-15.84,1.8785
-15.82,1.8814
-15.8,1.8833
-15.78,1.8871
-15.76,1.8914
-15.74,1.8952
-15.72,1.8967
-15.7,1.9015
-15.68,1.9043
-15.66,1.9077
-15.64,1.9101
-15.62,1.9149
-15.6,1.9177
-15.58,1.9216
-15.56,1.9244
-15.54,1.9283
-15.52,1.9321
-15.5,1.935
-15.48,1.9369
-15.46,1.9402
-15.44,1.9426
-15.42,1.946
-15.4,1.9503
-15.38,1.9541
-15.36,1.957
-15.34,1.9598
-15.32,1.9637
-15.3,1.9661
-15.28,1.9704
-15.26,1.9728
-15.24,1.9776
-15.22,1.9814
-15.2,1.9838
-15.18,1.9876
-15.16,1.9929
-15.14,1.9962
-15.12,1.9996
-15.1,2.0034
-15.08,2.0067
-15.06,2.0091
-15.04,2.013
-15.02,2.0168
-15,2.0206
-14.98,2.0235
-14.96,2.0259
-14.94,2.0307
-14.92,2.034
-14.9,2.0369
-14.88,2.0407
-14.86,2.045
-14.84,2.0479
-14.82,2.0508
-14.8,2.057
-14.78,2.0613
-14.76,2.0637
-14.74,2.0685
-14.72,2.0723
-14.7,2.0752
-14.68,2.0795
-14.66,2.0848
-14.64,2.0891
-14.62,2.0915
-14.6,2.0953
-14.58,2.1001
-14.56,2.1044
-14.54,2.1063
-14.52,2.1116
-14.5,2.1159
-14.48,2.1183
-14.46,2.1221
-14.44,2.1269
-14.42,2.1312
-14.4,2.134
-14.38,2.1374
-14.36,2.1427
-14.34,2.1451
-14.32,2.1489
-14.3,2.1541
-14.28,2.158
-14.26,2.1618
-14.24,2.1666
-14.22,2.1709
-14.2,2.1747
-14.18,2.1766
-14.16,2.1814
-14.14,2.1862
-14.12,2.19
-14.1,2.1939
-14.08,2.1991
-14.06,2.2025
-14.04,2.2073
-14.02,2.2116
-14,2.2154
-13.98,2.2192
-13.96,2.2221
-13.94,2.2269
-13.92,2.2312
-13.9,2.2345
-13.88,2.2389
-13.86,2.2436
-13.84,2.2465
-13.82,2.2518
-13.8,2.2561
-13.78,2.2623
-13.76,2.2666
-13.74,2.2709
-13.72,2.2743
-13.7,2.2791
-13.68,2.2829
-13.66,2.2891
-13.64,2.2929
-13.62,2.2968
-13.6,2.3011
-13.58,2.3059
-13.56,2.3116
-13.54,2.3159
-13.52,2.3217
-13.5,2.3269
-13.48,2.3312
-13.46,2.3351
-13.44,2.3408
-13.42,2.3441
-13.4,2.348
-13.38,2.3528
-13.36,2.3575
-13.34,2.3633
-13.32,2.3686
-13.3,2.3733
-13.28,2.3772
-13.26,2.3815
-13.24,2.3863
-13.22,2.391
-13.2,2.3954
-13.18,2.4001
-13.16,2.4035
-13.14,2.4092
-13.12,2.414
-13.1,2.4188
-13.08,2.4245
-13.06,2.4303
-13.04,2.4341
-13.02,2.4394
-13,2.4451
-12.98,2.449
-12.96,2.4533
-12.94,2.4585
-12.92,2.4643
-12.9,2.4695
-12.88,2.4743
-12.86,2.4777
-12.84,2.4825
-12.82,2.4877
-12.8,2.4944
-12.78,2.4982
-12.76,2.504
-12.74,2.5083
-12.72,2.5131
-12.7,2.5183
-12.68,2.5227
-12.66,2.5274
-12.64,2.5337
-12.62,2.5399
-12.6,2.5456
-12.58,2.5514
-12.56,2.5581
-12.54,2.5624
-12.52,2.5681
-12.5,2.5734
-12.48,2.5806
-12.46,2.5873
-12.44,2.5925
-12.42,2.5973
-12.4,2.6031
-12.38,2.6117
-12.36,2.6174
-12.34,2.6241
-12.32,2.6289
-12.3,2.6346
-12.28,2.6404
-12.26,2.6452
-12.24,2.6504
-12.22,2.6547
-12.2,2.6595
-12.18,2.6653
-12.16,2.6701
-12.14,2.6763
-12.12,2.6815
-12.1,2.6873
-12.08,2.6926
-12.06,2.6983
-12.04,2.7036
-12.02,2.7093
-12,2.7136
-11.98,2.717
-11.96,2.7222
-11.94,2.7261
-11.92,2.7323
-11.9,2.7371
-11.88,2.7428
-11.86,2.749
-11.84,2.7552
-11.82,2.7605
-11.8,2.7663
-11.78,2.7725
-11.76,2.7777
-11.74,2.7825
-11.72,2.7887
-11.7,2.794
-11.68,2.7978
-11.66,2.8036
-11.64,2.8103
-11.62,2.816
-11.6,2.8218
-11.58,2.8275
-11.56,2.8337
-11.54,2.84
-11.52,2.8462
-11.5,2.8524
-11.48,2.8581
-11.46,2.8639
-11.44,2.8701
-11.42,2.8768
-11.4,2.883
-11.38,2.8888
-11.36,2.8955
-11.34,2.9026
-11.32,2.9089
-11.3,2.9156
-11.28,2.9227
-11.26,2.9294
-11.24,2.9342
-11.22,2.9409
-11.2,2.9481
-11.18,2.9558
-11.16,2.9629
-11.14,2.9711
-11.12,2.9778
-11.1,2.985
-11.08,2.9917
-11.06,2.9984
-11.04,3.0055
-11.02,3.0127
-11,3.0194
-10.98,3.0261
-10.96,3.0333
-10.94,3.039
-10.92,3.0448
-10.9,3.052
-10.88,3.0601
-10.86,3.0663
-10.84,3.0745
-10.82,3.0821
-10.8,3.0888
-10.78,3.0955
-10.76,3.1027
-10.74,3.1099
-10.72,3.1161
-10.7,3.1228
-10.68,3.1314
-10.66,3.1381
-10.64,3.1443
-10.62,3.151
-10.6,3.1596
-10.58,3.1678
-10.56,3.1754
-10.54,3.1845
-10.52,3.1941
-10.5,3.2022
-10.48,3.2099
-10.46,3.219
-10.44,3.2276
-10.42,3.2357
-10.4,3.2434
-10.38,3.2525
-10.36,3.2601
-10.34,3.2673
-10.32,3.2764
-10.3,3.285
-10.28,3.2913
-10.26,3.3008
-10.24,3.309
-10.22,3.319
-10.2,3.3267
-10.18,3.3334
-10.16,3.341
-10.14,3.3492
-10.12,3.3554
-10.1,3.364
-10.08,3.3712
-10.06,3.3784
-10.04,3.3855
-10.02,3.3927
-10,3.4018
-9.98,3.4099
-9.96,3.4176
-9.94,3.4267
-9.92,3.4353
-9.9,3.4434
-9.88,3.454
-9.86,3.4626
-9.84,3.4722
-9.82,3.4798
-9.8,3.4889
-9.78,3.499
-9.76,3.5085
-9.74,3.5181
-9.72,3.5291
-9.7,3.5382
-9.68,3.5483
-9.66,3.5578
-9.64,3.5674
-9.62,3.577
-9.6,3.5865
-9.58,3.5961
-9.56,3.6057
-9.54,3.6157
-9.52,3.6248
-9.5,3.6339
-9.48,3.6425
-9.46,3.6511
-9.44,3.6602
-9.42,3.6684
-9.4,3.6775
-9.38,3.6875
-9.36,3.6952
-9.34,3.7033
-9.32,3.7105
-9.3,3.7191
-9.28,3.7296
-9.26,3.7406
-9.24,3.7512
-9.22,3.7622
-9.2,3.7713
-9.18,3.7799
-9.16,3.7899
-9.14,3.7995
-9.12,3.8096
-9.1,3.821
-9.08,3.8316
-9.06,3.844
-9.04,3.8536
-9.02,3.8656
-9,3.8756
-8.98,3.8857
-8.96,3.8971
-8.94,3.9072
-8.92,3.9201
-8.9,3.9306
-8.88,3.9397
-8.86,3.9493
-8.84,3.9598
-8.82,3.9689
-8.8,3.979
-8.78,3.9895
-8.76,4.001
-8.74,4.011
-8.72,4.022
-8.7,4.0321
-8.68,4.0417
-8.66,4.0503
-8.64,4.0618
-8.62,4.0718
-8.6,4.0838
-8.58,4.0953
-8.56,4.1068
-8.54,4.1187
-8.52,4.1283
-8.5,4.1403
-8.48,4.1517
-8.46,4.1623
-8.44,4.1718
-8.42,4.1838
-8.4,4.1967
-8.38,4.2092
-8.36,4.2211
-8.34,4.2321
-8.32,4.2436
-8.3,4.2556
-8.28,4.269
-8.26,4.281
-8.24,4.2939
-8.22,4.3073
-8.2,4.3183
-8.18,4.3298
-8.16,4.3422
-8.14,4.3537
-8.12,4.3661
-8.1,4.38
-8.08,4.3934
-8.06,4.4064
-8.04,4.4207
-8.02,4.4336
-8,4.4456
-7.98,4.458
-7.96,4.47
-7.94,4.4839
-7.92,4.4968
-7.9,4.5097
-7.88,4.5222
-7.86,4.536
-7.84,4.549
-7.82,4.5614
-7.8,4.5758
-7.78,4.5892
-7.76,4.603
-7.74,4.6179
-7.72,4.6318
-7.7,4.6442
-7.68,4.6571
-7.66,4.6705
-7.64,4.6849
-7.62,4.6988
-7.6,4.7136
-7.58,4.728
-7.56,4.7428
-7.54,4.7576
-7.52,4.7729
-7.5,4.7883
-7.48,4.8031
-7.46,4.8179
-7.44,4.8318
-7.42,4.8466
-7.4,4.862
-7.38,4.8778
-7.36,4.8916
-7.34,4.9055
-7.32,4.9223
-7.3,4.9376
-7.28,4.9529
-7.26,4.9682
-7.24,4.983
-7.22,4.9993
-7.2,5.0156
-7.18,5.0304
-7.16,5.0462
-7.14,5.0615
-7.12,5.0773
-7.1,5.0922
-7.08,5.1079
-7.06,5.1237
-7.04,5.141
-7.02,5.1582
-7,5.1726
-6.98,5.1888
-6.96,5.2056
-6.94,5.2223
-6.92,5.2376
-6.9,5.2539
-6.88,5.2726
-6.86,5.2908
-6.84,5.3085
-6.82,5.3247
-6.8,5.3401
-6.78,5.3582
-6.76,5.3755
-6.74,5.3932
-6.72,5.4104
-6.7,5.4291
-6.68,5.4458
-6.66,5.4631
-6.64,5.4808
-6.62,5.498
-6.6,5.5181
-6.58,5.5358
-6.56,5.5545
-6.54,5.5736
-6.52,5.5918
-6.5,5.6119
-6.48,5.6291
-6.46,5.6473
-6.44,5.6655
-6.42,5.6851
-6.4,5.7057
-6.38,5.7234
-6.36,5.743
-6.34,5.7622
-6.32,5.7818
-6.3,5.8
-6.28,5.821
-6.26,5.8411
-6.24,5.8622
-6.22,5.8823
-6.2,5.9014
-6.18,5.922
-6.16,5.9426
-6.14,5.9641
-6.12,5.9857
-6.1,6.0058
-6.08,6.0273
-6.06,6.0479
-6.04,6.0699
-6.02,6.091
-6,6.112
-5.98,6.1359
-5.96,6.157
-5.94,6.18
-5.92,6.2015
-5.9,6.224
-5.88,6.2451
-5.86,6.2666
-5.84,6.2867
-5.82,6.3092
-5.8,6.3322
-5.78,6.3537
-5.76,6.3762
-5.74,6.3972
-5.72,6.4202
-5.7,6.4418
-5.68,6.4638
-5.66,6.4877
-5.64,6.5102
-5.62,6.5346
-5.6,6.5581
-5.58,6.5805
-5.56,6.605
-5.54,6.6284
-5.52,6.6523
-5.5,6.6772
-5.48,6.7021
-5.46,6.7275
-5.44,6.7524
-5.42,6.7772
-5.4,6.8016
-5.38,6.827
-5.36,6.8514
-5.34,6.8758
-5.32,6.8993
-5.3,6.9251
-5.28,6.95
-5.26,6.9739
-5.24,6.9979
-5.22,7.0223
-5.2,7.0472
-5.18,7.0725
-5.16,7.0974
-5.14,7.1209
-5.12,7.1467
-5.1,7.1716
-5.08,7.197
-5.06,7.2218
-5.04,7.2482
-5.02,7.2764
-5,7.3008
-4.98,7.3262
-4.96,7.352
-4.94,7.3807
-4.92,7.4066
-4.9,7.4334
-4.88,7.4626
-4.86,7.4898
-4.84,7.5176
-4.82,7.543
-4.8,7.5741
-4.78,7.6009
-4.76,7.6262
-4.74,7.655
-4.72,7.6755
-4.7,7.7009
-4.68,7.7296
-4.66,7.7665
-4.64,7.7904
-4.62,7.8225
-4.6,7.844
-4.58,7.8722
-4.56,7.8832
-4.54,7.9091
-4.52,7.9354
-4.5,7.9732
-4.48,7.9991
-4.46,8.0283
-4.44,8.0565
-4.42,8.0929
-4.4,8.1106
-4.38,8.1331
-4.36,8.1637
-4.34,8.1867
-4.32,8.2173
-4.3,8.247
-4.28,8.2742
-4.26,8.2939
-4.24,8.313
-4.22,8.3374
-4.2,8.3666
-4.18,8.3972
-4.16,8.4398
-4.14,8.4729
-4.12,8.5154
-4.1,8.5365
-4.08,8.5633
-4.06,8.5848
-4.04,8.6002
-4.02,8.6126
-4,8.6451
-3.98,8.6796
-3.96,8.7083
-3.94,8.748
-3.92,8.7887
-3.9,8.8107
-3.88,8.8394
-3.86,8.8701
-3.84,8.9012
-3.82,8.9356
-3.8,8.9725
-3.78,9.0036
-3.76,9.0376
-3.74,9.0558
-3.72,9.0783
-3.7,9.0926
-3.68,9.1261
-3.66,9.1587
-3.64,9.195
-3.62,9.24
-3.6,9.2702
-3.58,9.3013
-3.56,9.3238
-3.54,9.3434
-3.52,9.3625
-3.5,9.3936
-3.48,9.4219
-3.46,9.4516
-3.44,9.4913
-3.42,9.509
-3.4,9.5406
-3.38,9.5626
-3.36,9.5856
-3.34,9.6181
-3.32,9.6463
-3.3,9.6798
-3.28,9.7038
-3.26,9.7349
-3.24,9.7703
-3.22,9.7837
-3.2,9.8086
-3.18,9.832
-3.16,9.8622
-3.14,9.889
-3.12,9.9253
-3.1,9.9531
-3.08,9.9828
-3.06,10.006
-3.04,10.035
-3.02,10.065
-3,10.083
-2.98,10.106
-2.96,10.135
-2.94,10.162
-2.92,10.185
-2.9,10.218
-2.88,10.249
-2.86,10.276
-2.84,10.302
-2.82,10.333
-2.8,10.361
-2.78,10.388
-2.76,10.41
-2.74,10.441
-2.72,10.455
-2.7,10.489
-2.68,10.51
-2.66,10.539
-2.64,10.559
-2.62,10.583
-2.6,10.607
-2.58,10.642
-2.56,10.666
-2.54,10.69
-2.52,10.713
-2.5,10.737
-2.48,10.752
-2.46,10.776
-2.44,10.805
-2.42,10.833
-2.4,10.858
-2.38,10.879
-2.36,10.909
-2.34,10.924
-2.32,10.949
-2.3,10.967
-2.28,10.992
-2.26,11.009
-2.24,11.038
-2.22,11.057
-2.2,11.087
-2.18,11.097
-2.16,11.118
-2.14,11.137
-2.12,11.156
-2.1,11.176
-2.08,11.214
-2.06,11.236
-2.04,11.242
-2.02,11.265
-2,11.277
-1.98,11.29
-1.96,11.32
-1.94,11.342
-1.92,11.369
-1.9,11.385
-1.88,11.395
-1.86,11.405
-1.84,11.415
-1.82,11.432
-1.8,11.445
-1.78,11.459
-1.76,11.487
-1.74,11.517
-1.72,11.527
-1.7,11.533
-1.68,11.542
-1.66,11.551
-1.64,11.578
-1.62,11.58
-1.6,11.6
-1.58,11.62
-1.56,11.619
-1.54,11.638
-1.52,11.649
-1.5,11.674
-1.48,11.693
-1.46,11.723
-1.44,11.735
-1.42,11.752
-1.4,11.754
-1.38,11.773
-1.36,11.776
-1.34,11.775
-1.32,11.785
-1.3,11.81
-1.28,11.813
-1.26,11.833
-1.24,11.832
-1.22,11.851
-1.2,11.855
-1.18,11.86
-1.16,11.867
-1.14,11.872
-1.12,11.875
-1.1,11.877
-1.08,11.882
-1.06,11.877
-1.04,11.885
-1.02,11.89
-1,11.9
-0.98,11.898
-0.96,11.9
-0.94,11.915
-0.92,11.923
-0.9,11.924
-0.88,11.935
-0.86,11.933
-0.84,11.94
-0.82,11.941
-0.8,11.949
-0.78,11.956
-0.76,11.961
-0.74,11.961
-0.72,11.96
-0.7,11.958
-0.68,11.97
-0.66,11.978
-0.64,11.975
-0.62,11.978
-0.6,11.977
-0.58,11.982
-0.56,11.982
-0.54,11.978
-0.52,11.977
-0.5,11.977
-0.48,11.967
-0.46,11.965
-0.44,11.961
-0.42,11.966
-0.4,11.967
-0.38,11.967
-0.36,11.968
-0.34,11.974
-0.32,11.973
-0.3,11.971
-0.28,11.962
-0.26,11.961
-0.24,11.963
-0.22,11.959
-0.2,11.968
-0.18,11.972
-0.16,11.97
-0.14,11.966
-0.12,11.969
-0.1,11.968
-0.08,11.972
-0.06,11.98
-0.04,11.987
-0.02,11.986
0,11.994
0.02,11.988
0.04,11.974
0.06,11.972
0.08,11.982
0.1,11.984
0.12,11.987
0.14,11.993
0.16,11.993
0.18,11.992
0.2,11.981
0.22,11.978
0.24,11.978
0.26,11.987
0.28,11.987
0.3,11.993
0.32,11.989
0.34,11.981
0.36,11.97
0.38,11.967
0.4,11.954
0.42,11.965
0.44,11.966
0.46,11.971
0.48,11.959
0.5,11.955
0.52,11.95
0.54,11.941
0.56,11.948
0.58,11.949
0.6,11.953
0.62,11.95
0.64,11.953
0.66,11.94
0.68,11.941
0.7,11.932
0.72,11.934
0.74,11.932
0.76,11.936
0.78,11.932
0.8,11.936
0.82,11.931
0.84,11.94
0.86,11.931
0.88,11.932
0.9,11.933
0.92,11.931
0.94,11.927
0.96,11.919
0.98,11.92
1,11.92
1.02,11.929
1.04,11.927
1.06,11.925
1.08,11.921
1.1,11.921
1.12,11.913
1.14,11.91
1.16,11.912
1.18,11.912
1.2,11.909
1.22,11.908
1.24,11.907
1.26,11.899
1.28,11.9
1.3,11.895
1.32,11.896
1.34,11.892
1.36,11.892
1.38,11.89
1.4,11.888
1.42,11.882
1.44,11.882
1.46,11.883
1.48,11.882
1.5,11.88
1.52,11.881
1.54,11.883
1.56,11.877
1.58,11.877
1.6,11.875
1.62,11.875
1.64,11.873
1.66,11.88
1.68,11.873
1.7,11.878
1.72,11.876
1.74,11.874
1.76,11.87
1.78,11.871
1.8,11.871
1.82,11.87
1.84,11.866
1.86,11.864
1.88,11.861
1.9,11.86
1.92,11.861
1.94,11.861
1.96,11.862
1.98,11.86
2,11.861
2.02,11.857
2.04,11.855
2.06,11.855
2.08,11.857
2.1,11.854
2.12,11.857
2.14,11.86
2.16,11.86
2.18,11.856
2.2,11.86
2.22,11.856
2.24,11.856
2.26,11.86
2.28,11.862
2.3,11.862
2.32,11.86
2.34,11.857
2.36,11.856
2.38,11.853
2.4,11.853
2.42,11.852
2.44,11.852
2.46,11.848
2.48,11.848
2.5,11.846
2.52,11.843
2.54,11.841
2.56,11.839
2.58,11.839
2.6,11.833
2.62,11.834
2.64,11.833
2.66,11.832
2.68,11.831
2.7,11.83
2.72,11.828
2.74,11.827
2.76,11.826
2.78,11.826
2.8,11.824
2.82,11.826
2.84,11.822
2.86,11.822
2.88,11.824
2.9,11.823
2.92,11.822
2.94,11.821
2.96,11.82
2.98,11.819
3,11.818
3.02,11.817
3.04,11.816
3.06,11.814
3.08,11.813
3.1,11.812
3.12,11.811
3.14,11.812
3.16,11.811
3.18,11.81
3.2,11.808
3.22,11.805
3.24,11.804
3.26,11.802
3.28,11.799
3.3,11.797
3.32,11.796
3.34,11.796
3.36,11.795
3.38,11.793
3.4,11.792
3.42,11.791
3.44,11.791
3.46,11.789
3.48,11.788
3.5,11.787
3.52,11.786
3.54,11.785
3.56,11.784
3.58,11.785
3.6,11.785
3.62,11.785
3.64,11.786
3.66,11.785
3.68,11.785
3.7,11.785
3.72,11.783
3.74,11.783
3.76,11.783
3.78,11.782
3.8,11.78
3.82,11.777
3.84,11.776
3.86,11.774
3.88,11.773
3.9,11.77
3.92,11.768
3.94,11.765
3.96,11.764
3.98,11.762
4,11.761
4.02,11.758
4.04,11.757
4.06,11.756
4.08,11.754
4.1,11.754
4.12,11.754
4.14,11.753
4.16,11.751
4.18,11.751
4.2,11.751
4.22,11.752
4.24,11.75
4.26,11.749
4.28,11.749
4.3,11.749
4.32,11.749
4.34,11.75
4.36,11.749
4.38,11.749
4.4,11.749
4.42,11.75
4.44,11.748
4.46,11.747
4.48,11.746
4.5,11.743
4.52,11.741
4.54,11.74
4.56,11.739
4.58,11.738
4.6,11.737
4.62,11.735
4.64,11.734
4.66,11.733
4.68,11.731
4.7,11.729
4.72,11.728
4.74,11.726
4.76,11.725
4.78,11.724
4.8,11.722
4.82,11.72
4.84,11.72
4.86,11.719
4.88,11.719
4.9,11.72
4.92,11.721
4.94,11.721
4.96,11.718
4.98,11.718
5,11.716
5.02,11.716
5.04,11.715
5.06,11.714
5.08,11.715
5.1,11.714
5.12,11.712
5.14,11.711
5.16,11.71
5.18,11.709
5.2,11.707
5.22,11.705
5.24,11.704
5.26,11.702
5.28,11.7
5.3,11.698
5.32,11.697
5.34,11.695
5.36,11.695
5.38,11.693
5.4,11.692
5.42,11.691
5.44,11.692
5.46,11.691
5.48,11.689
5.5,11.689
5.52,11.689
5.54,11.689
5.56,11.688
5.58,11.689
5.6,11.689
5.62,11.69
5.64,11.688
5.66,11.689
5.68,11.689
5.7,11.689
5.72,11.69
5.74,11.69
5.76,11.69
5.78,11.69
5.8,11.69
5.82,11.689
5.84,11.688
5.86,11.687
5.88,11.686
5.9,11.685
5.92,11.684
5.94,11.683
5.96,11.681
5.98,11.679
6,11.678
6.02,11.677
6.04,11.676
6.06,11.675
6.08,11.673
6.1,11.671
6.12,11.669
6.14,11.668
6.16,11.666
6.18,11.666
6.2,11.666
6.22,11.665
6.24,11.665
6.26,11.664
6.28,11.663
6.3,11.664
6.32,11.665
6.34,11.664
6.36,11.665
6.38,11.665
6.4,11.666
6.42,11.665
6.44,11.665
6.46,11.665
6.48,11.664
6.5,11.663
6.52,11.663
6.54,11.662
6.56,11.661
6.58,11.66
6.6,11.658
6.62,11.657
6.64,11.656
6.66,11.656
6.68,11.656
6.7,11.655
6.72,11.654
6.74,11.653
6.76,11.652
6.78,11.652
6.8,11.65
6.82,11.651
6.84,11.651
6.86,11.651
6.88,11.652
6.9,11.653
6.92,11.654
6.94,11.654
6.96,11.654
6.98,11.654
7,11.655
7.02,11.655
7.04,11.655
7.06,11.655
7.08,11.654
7.1,11.654
7.12,11.654
7.14,11.654
7.16,11.654
7.18,11.654
7.2,11.654
7.22,11.653
7.24,11.652
7.26,11.651
7.28,11.651
7.3,11.65
7.32,11.65
7.34,11.649
7.36,11.649
7.38,11.648
7.4,11.647
7.42,11.647
7.44,11.646
7.46,11.646
7.48,11.646
7.5,11.646
7.52,11.647
7.54,11.648
7.56,11.649
7.58,11.65
7.6,11.65
7.62,11.65
7.64,11.65
7.66,11.651
7.68,11.651
7.7,11.651
7.72,11.651
7.74,11.652
7.76,11.653
7.78,11.653
7.8,11.653
7.82,11.654
7.84,11.654
7.86,11.655
7.88,11.655
7.9,11.655
7.92,11.655
7.94,11.654
7.96,11.654
7.98,11.652
8,11.652
8.02,11.652
8.04,11.653
8.06,11.652
8.08,11.652
8.1,11.651
8.12,11.651
8.14,11.651
8.16,11.651
8.18,11.652
8.2,11.652
8.22,11.651
8.24,11.651
8.26,11.651
8.28,11.652
8.3,11.651
8.32,11.651
8.34,11.652
8.36,11.652
8.38,11.653
8.4,11.653
8.42,11.654
8.44,11.655
8.46,11.656
8.48,11.658
8.5,11.659
8.52,11.66
8.54,11.661
8.56,11.662
8.58,11.663
8.6,11.664
8.62,11.666
8.64,11.666
8.66,11.665
8.68,11.665
8.7,11.666
8.72,11.668
8.74,11.669
8.76,11.669
8.78,11.669
8.8,11.671
8.82,11.672
8.84,11.672
8.86,11.673
8.88,11.674
8.9,11.675
8.92,11.675
8.94,11.676
8.96,11.676
8.98,11.677
9,11.679
9.02,11.68
9.04,11.683
9.06,11.685
9.08,11.687
9.1,11.687
9.12,11.688
9.14,11.69
9.16,11.692
9.18,11.694
9.2,11.697
9.22,11.699
9.24,11.701
9.26,11.703
9.28,11.705
9.3,11.708
9.32,11.71
9.34,11.712
9.36,11.714
9.38,11.717
9.4,11.719
9.42,11.721
9.44,11.723
9.46,11.726
9.48,11.728
9.5,11.731
9.52,11.733
9.54,11.737
9.56,11.741
9.58,11.743
9.6,11.747
9.62,11.749
9.64,11.753
9.66,11.757
9.68,11.76
9.7,11.765
9.72,11.771
9.74,11.775
9.76,11.78
9.78,11.785
9.8,11.788
9.82,11.794
9.84,11.798
9.86,11.805
9.88,11.811
9.9,11.818
9.92,11.825
9.94,11.833
9.96,11.84
9.98,11.848
10,11.855
10.02,11.863
10.04,11.87
10.06,11.877
10.08,11.886
10.1,11.893
10.12,11.901
10.14,11.91
10.16,11.92
10.18,11.931
10.2,11.943
10.22,11.953
10.24,11.965
10.26,11.976
10.28,11.989
10.3,12.001
10.32,12.013
10.34,12.026
10.36,12.041
10.38,12.056
10.4,12.07
10.42,12.087
10.44,12.104
10.46,12.122
10.48,12.139
10.5,12.156
10.52,12.175
10.54,12.194
10.56,12.212
10.58,12.23
10.6,12.249
10.62,12.268
10.64,12.287
10.66,12.307
10.68,12.324
10.7,12.343
10.72,12.362
10.74,12.38
10.76,12.397
10.78,12.414
10.8,12.431
10.82,12.447
10.84,12.463
10.86,12.478
10.88,12.492
10.9,12.506
10.92,12.521
10.94,12.533
10.96,12.543
10.98,12.554
11,12.564
11.02,12.573
11.04,12.583
11.06,12.591
11.08,12.599
11.1,12.607
11.12,12.613
11.14,12.618
11.16,12.623
11.18,12.628
11.2,12.633
11.22,12.637
11.24,12.639
11.26,12.642
11.28,12.646
11.3,12.65
11.32,12.651
11.34,12.654
11.36,12.658
11.38,12.66
11.4,12.661
11.42,12.662
11.44,12.663
11.46,12.664
11.48,12.665
11.5,12.664
11.52,12.665
11.54,12.666
11.56,12.668
11.58,12.668
11.6,12.668
11.62,12.668
11.64,12.668
11.66,12.667
11.68,12.667
11.7,12.665
11.72,12.666
11.74,12.665
11.76,12.665
11.78,12.664
11.8,12.664
11.82,12.666
11.84,12.665
11.86,12.665
11.88,12.665
11.9,12.665
11.92,12.665
11.94,12.665
11.96,12.664
11.98,12.662
12,12.661
12.02,12.661
12.04,12.662
12.06,12.662
12.08,12.662
12.1,12.662
12.12,12.661
12.14,12.66
12.16,12.66
12.18,12.659
12.2,12.659
12.22,12.658
12.24,12.657
12.26,12.657
12.28,12.655
12.3,12.654
12.32,12.653
12.34,12.652
12.36,12.65
12.38,12.649
12.4,12.649
12.42,12.648
12.44,12.647
12.46,12.646
12.48,12.643
12.5,12.642
12.52,12.639
12.54,12.637
12.56,12.635
12.58,12.634
12.6,12.632
12.62,12.63
12.64,12.627
12.66,12.625
12.68,12.623
12.7,12.619
12.72,12.617
12.74,12.613
12.76,12.611
12.78,12.605
12.8,12.598
12.82,12.587
12.84,12.571
12.86,12.552
12.88,12.529
12.9,12.498
12.92,12.461
12.94,12.416
12.96,12.363
12.98,12.299
13,12.223
13.02,12.149
13.04,12.056
13.06,11.96
13.08,11.85
13.1,11.735
13.12,11.61
13.14,11.476
13.16,11.333
13.18,11.184
13.2,11.028
13.22,10.867
13.24,10.702
13.26,10.533
13.28,10.361
13.3,10.189
13.32,10.015
13.34,9.8402
13.36,9.6669
13.38,9.4946
13.4,9.3295
13.42,9.1558
13.44,8.995
13.46,8.8299
13.48,8.6734
13.5,8.515
13.52,8.3604
13.54,8.2101
13.56,8.0603
13.58,7.9124
13.6,7.7698
13.62,7.6282
13.64,7.4946
13.66,7.3597
13.68,7.229
13.7,7.0988
13.72,6.973
13.74,6.849
13.76,6.7275
13.78,6.6117
13.8,6.4944
13.82,6.3819
13.84,6.2685
13.86,6.1627
13.88,6.056
13.9,5.9536
13.92,5.8512
13.94,5.7521
13.96,5.6569
13.98,5.565
14,5.4726
14.02,5.3831
14.04,5.2912
14.06,5.2046
14.08,5.1185
14.1,5.0357
14.12,4.9553
14.14,4.8768
14.16,4.7988
14.18,4.7217
14.2,4.6471
14.22,4.5748
14.24,4.5064
14.26,4.4346
14.28,4.3661
14.3,4.2991
14.32,4.235
14.34,4.1704
14.36,4.1072
14.38,4.0455
14.4,3.9842
14.42,3.9259
14.44,3.8684
14.46,3.811
14.48,3.755
14.5,3.7009
14.52,3.6454
14.54,3.5937
14.56,3.543
14.58,3.4942
14.6,3.4458
14.62,3.398
14.64,3.3501
14.66,3.3027
14.68,3.2568
14.7,3.2128
14.72,3.1683
14.74,3.1266
14.76,3.0869
14.78,3.0457
14.8,3.0051
14.82,2.9644
14.84,2.9261
14.86,2.8897
14.88,2.8529
14.9,2.8179
14.92,2.7835
14.94,2.7481
14.96,2.715
14.98,2.6806
15,2.648
15.02,2.6145
15.04,2.583
15.06,2.5533
15.08,2.5241
15.1,2.4935
15.12,2.4647
15.14,2.4356
15.16,2.4059
15.18,2.3786
15.2,2.3537
15.22,2.3284
15.24,2.3016
15.26,2.2757
15.28,2.2513
15.3,2.2269
15.32,2.2034
15.34,2.18
15.36,2.1565
15.38,2.1336
15.4,2.1111
15.42,2.09
15.44,2.0694
15.46,2.0479
15.48,2.0264
15.5,2.0072
15.52,1.9876
15.54,1.9689
15.56,1.9498
15.58,1.9292
15.6,1.9091
15.62,1.8895
15.64,1.8708
15.66,1.8546
15.68,1.8373
15.7,1.8191
15.72,1.801
15.74,1.7842
15.76,1.7679
15.78,1.7521
15.8,1.7354
15.82,1.7191
15.84,1.7038
15.86,1.688
15.88,1.6737
15.9,1.6574
15.92,1.6435
15.94,1.6282
15.96,1.6143
15.98,1.6014
16,1.5885
16.02,1.576
16.04,1.5641
16.06,1.5497
16.08,1.5363
16.1,1.5234
16.12,1.5119
16.14,1.5004
16.16,1.4884
16.18,1.477
16.2,1.465
16.22,1.454
16.24,1.442
16.26,1.431
16.28,1.4195
16.3,1.4085
16.32,1.397
16.34,1.3855
16.36,1.3745
16.38,1.3631
16.4,1.3525
16.42,1.341
16.44,1.331
16.46,1.3195
16.48,1.309
16.5,1.298
16.52,1.2874
16.54,1.2764
16.56,1.2664
16.58,1.2559
16.6,1.2468
16.62,1.2372
16.64,1.2281
16.66,1.2176
16.68,1.2075
16.7,1.1979
16.72,1.1889
16.74,1.1798
16.76,1.1716
16.78,1.162
16.8,1.153
16.82,1.1443
16.84,1.1348
16.86,1.1257
16.88,1.1171
16.9,1.1089
16.92,1.1013
16.94,1.0927
16.96,1.084
16.98,1.0759
17,1.0663
17.02,1.0572
17.04,1.0481
17.06,1.041
17.08,1.0338
17.1,1.0266
17.12,1.0185
17.14,1.0099
17.16,1.0017
17.18,0.99455
17.2,0.98737
17.22,0.98019
17.24,0.97301
17.26,0.96583
17.28,0.95817
17.3,0.95004
17.32,0.94095
17.34,0.93472
17.36,0.92754
17.38,0.92084
17.4,0.9151
17.42,0.90888
17.44,0.90218
17.46,0.89548
17.48,0.88734
17.5,0.88017
17.52,0.87442
17.54,0.8682
17.56,0.8615
17.58,0.85528
17.6,0.84954
17.62,0.84331
17.64,0.83614
17.66,0.83087
17.68,0.82561
17.7,0.82034
17.72,0.81651
17.74,0.80934
17.76,0.80407
17.78,0.79833
17.8,0.79259
17.82,0.78684
17.84,0.7811
17.86,0.77488
17.88,0.77009
17.9,0.76531
17.92,0.75861
17.94,0.75334
17.96,0.74808
17.98,0.74186
18,0.73563
18.02,0.73037
18.04,0.72511
18.06,0.71936
18.08,0.71314
18.1,0.70835
18.12,0.70213
18.14,0.69783
18.16,0.6916
18.18,0.68538
18.2,0.68012
18.22,0.67533
18.24,0.67103
18.26,0.66624
18.28,0.66145
18.3,0.65667
18.32,0.6514
18.34,0.64662
18.36,0.64183
18.38,0.63848
18.4,0.63322
18.42,0.62747
18.44,0.62365
18.46,0.6203
18.48,0.61647
18.5,0.61168
18.52,0.6069
18.54,0.60259
18.56,0.59924
18.58,0.59589
18.6,0.59206
18.62,0.58727
18.64,0.58201
18.66,0.57818
18.68,0.57435
18.7,0.56957
18.72,0.56574
18.74,0.56239
18.76,0.55856
18.78,0.55473
18.8,0.5509
18.82,0.54755
18.84,0.54324
18.86,0.53798
18.88,0.53367
18.9,0.52984
18.92,0.52602
18.94,0.52171
18.96,0.51692
18.98,0.51262
19,0.50783
19.02,0.504
19.04,0.50113
19.06,0.4973
19.08,0.49347
19.1,0.49012
19.12,0.48773
19.14,0.48438
19.16,0.48103
19.18,0.4772
19.2,0.47433
19.22,0.47098
19.24,0.46811
19.26,0.46524
19.28,0.46236
19.3,0.45854
19.32,0.45614
19.34,0.45231
19.36,0.4504
19.38,0.44801
19.4,0.44609
19.42,0.44418
19.44,0.44083
19.46,0.43844
19.48,0.43509
19.5,0.43221
19.52,0.42934
19.54,0.42599
19.56,0.42216
19.58,0.41881
19.6,0.41546
19.62,0.41211
19.64,0.40924
19.66,0.40637
19.68,0.4035
19.7,0.40254
19.72,0.40015
19.74,0.39823
19.76,0.39488
19.78,0.39153
19.8,0.38962
19.82,0.38579
19.84,0.38292
19.86,0.37957
19.88,0.37718
19.9,0.37478
19.92,0.37048
19.94,0.36856
19.96,0.36569
19.98,0.3633
20,0.36043
20.02,0.35899
20.04,0.35564
20.06,0.35325
20.08,0.35038
20.1,0.34655
20.12,0.34272
20.14,0.33985
20.16,0.33698
20.18,0.33458
20.2,0.33028
20.22,0.32884
20.24,0.32693
20.26,0.32453
20.28,0.32262
20.3,0.3207
20.32,0.31975
20.34,0.31688
20.36,0.31592
20.38,0.31448
20.4,0.31305
20.42,0.3097
20.44,0.3097
20.46,0.30874
20.48,0.30683
20.5,0.30491
20.52,0.30348
20.54,0.30252
20.56,0.30156
20.58,0.30013
20.6,0.30013
20.62,0.29773
20.64,0.29486
20.66,0.29295
20.68,0.2896
20.7,0.28672
20.72,0.28481
20.74,0.28337
20.76,0.28146
20.78,0.27955
20.8,0.27763
20.82,0.27715
20.84,0.27332
20.86,0.27045
20.88,0.26902
20.9,0.26806
20.92,0.26615
20.94,0.26471
20.96,0.26232
20.98,0.2604
21,0.25801
21.02,0.25657
21.04,0.25562
21.06,0.25418
21.08,0.2537
21.1,0.25179
21.12,0.24987
21.14,0.24892
21.16,0.247
21.18,0.24557
21.2,0.24365
21.22,0.24222
21.24,0.24126
21.26,0.23887
21.28,0.23695
21.3,0.23456
21.32,0.23265
21.34,0.22977
21.36,0.22738
21.38,0.22499
21.4,0.22355
21.42,0.22116
21.44,0.21925
21.46,0.21733
21.48,0.21494
21.5,0.21302
21.52,0.21015
21.54,0.20728
21.56,0.20537
21.58,0.20393
21.6,0.20154
21.62,0.19819
21.64,0.19532
21.66,0.19388
21.68,0.19292
21.7,0.19197
21.72,0.19101
21.74,0.18957
21.76,0.18814
21.78,0.18814
21.8,0.18574
21.82,0.18431
21.84,0.18287
21.86,0.18239
21.88,0.18144
21.9,0.18
21.92,0.17952
21.94,0.17761
21.96,0.17569
21.98,0.1733
22,0.17282
22.02,0.17234
22.04,0.17187
22.06,0.17139
22.08,0.16947
22.1,0.16756
22.12,0.16564
22.14,0.16277
22.16,0.16134
22.18,0.15894
22.2,0.15703
22.22,0.15464
22.24,0.15224
22.26,0.14937
22.28,0.14794
22.3,0.14698
22.32,0.14506
22.34,0.14363
22.36,0.14171
22.38,0.1398
22.4,0.13884
22.42,0.13693
22.44,0.13549
22.46,0.1331
22.48,0.13166
22.5,0.12975
22.52,0.12879
22.54,0.12879
22.56,0.12831
22.58,0.12592
22.6,0.12496
22.62,0.12449
22.64,0.12353
22.66,0.12209
22.68,0.12066
22.7,0.11922
22.72,0.11826
22.74,0.11779
22.76,0.11731
22.78,0.11635
22.8,0.11396
22.82,0.11204
22.84,0.11013
22.86,0.10917
22.88,0.10726
22.9,0.1063
22.92,0.10439
22.94,0.10247
22.96,0.10104
22.98,0.10056
23,0.0996
23.02,0.098164
23.04,0.097207
23.06,0.09625
23.08,0.095293
23.1,0.094814
23.12,0.094814
23.14,0.0929
23.16,0.092421
23.18,0.090507
23.2,0.090507
23.22,0.090507
23.24,0.090028
23.26,0.089071
23.28,0.088592
23.3,0.086678
23.32,0.085721
23.34,0.084764
23.36,0.083328
23.38,0.082849
23.4,0.080935
23.42,0.079021
23.44,0.078542
23.46,0.077106
23.48,0.074714
23.5,0.072321
23.52,0.068971
23.54,0.067535
23.56,0.066099
23.58,0.066578
23.6,0.063706
23.62,0.063228
23.64,0.061792
23.66,0.060356
23.68,0.059399
23.7,0.05892
23.72,0.057963
23.74,0.057485
23.76,0.05557
23.78,0.054613
23.8,0.055092
23.82,0.056049
23.84,0.055092
23.86,0.055092
23.88,0.05557
23.9,0.055092
23.92,0.054613
23.94,0.054135
23.96,0.05222
23.98,0.050785
24,0.050785
24.02,0.049349
24.04,0.04887
24.06,0.047913
24.08,0.046477
24.1,0.045999
24.12,0.045042
24.14,0.043606
24.16,0.043606
24.18,0.042649
24.2,0.041691
24.22,0.040256
24.24,0.039777
24.26,0.037863
24.28,0.036427
24.3,0.03547
24.32,0.034991
24.34,0.034991
24.36,0.03547
24.38,0.034513
24.4,0.032598
24.42,0.031641
24.44,0.029727
24.46,0.029727
24.48,0.029248
24.5,0.02877
24.52,0.027813
24.54,0.027334
24.56,0.025898
24.58,0.024941
24.6,0.023984
24.62,0.022548
24.64,0.020634
24.66,0.021591
24.68,0.020634
24.7,0.019198
24.72,0.017762
24.74,0.016327
24.76,0.014412
24.78,0.012498
24.8,0.012019
24.82,0.011541
24.84,0.011541
24.86,0.010584
24.88,0.0096266
24.9,0.0086694
24.92,0.0077122
24.94,0.0067551
24.96,0.0067551
24.98,0.0057979
25,0.0043622
25.02,0.003405
25.04,0.0029264
25.06,0.0014907
25.08,5.4938e-05
25.1,5.4938e-05
25.12,5.4938e-05
25.14,5.4938e-05
25.16,5.4938e-05
25.18,0.0010121
25.2,0.0014907
25.22,0.00053352
25.24,0.00053352
25.26,-0.0013808
25.28,-0.00090222
25.3,-0.0013808
25.32,-0.0013808
25.34,-0.0018594
25.36,-0.0028165
25.38,-0.0037737
25.4,-0.0042523
25.42,-0.0042523
25.44,-0.0047309
25.46,-0.005688
25.48,-0.0047309
25.5,-0.005688
25.52,-0.005688
25.54,-0.0071238
25.56,-0.0080809
25.58,-0.0095167
25.6,-0.010952
25.62,-0.01191
25.64,-0.013345
25.66,-0.013824
25.68,-0.01526
25.7,-0.016217
25.72,-0.016695
25.74,-0.017174
25.76,-0.01861
25.78,-0.01861
25.8,-0.019567
25.82,-0.021003
25.84,-0.021481
25.86,-0.02196
25.88,-0.022917
25.9,-0.023396
25.92,-0.024353
25.94,-0.02531
25.96,-0.025788
25.98,-0.026267
26,-0.026746
26.02,-0.026746
26.04,-0.026746
26.06,-0.027224
26.08,-0.028181
26.1,-0.029139
26.12,-0.030574
26.14,-0.03201
26.16,-0.031053
26.18,-0.03201
26.2,-0.03201
26.22,-0.031531
26.24,-0.031053
26.26,-0.03201
26.28,-0.032967
26.3,-0.034403
26.32,-0.03536
26.34,-0.03536
26.36,-0.03536
26.38,-0.034881
26.4,-0.03536
26.42,-0.036796
26.44,-0.037753
26.46,-0.03871
26.48,-0.03871
26.5,-0.040146
26.52,-0.040146
26.54,-0.039667
26.56,-0.039667
26.58,-0.040146
26.6,-0.040624
26.62,-0.041103
26.64,-0.042539
26.66,-0.043017
26.68,-0.043496
26.7,-0.042539
26.72,-0.04206
26.74,-0.043496
26.76,-0.044932
26.78,-0.045889
26.8,-0.046367
26.82,-0.046367
26.84,-0.046367
26.86,-0.04541
26.88,-0.045889
26.9,-0.04541
26.92,-0.045889
26.94,-0.046367
26.96,-0.047325
26.98,-0.048282
27,-0.048282
27.02,-0.049717
27.04,-0.049717
27.06,-0.050196
27.08,-0.050675
27.1,-0.051153
27.12,-0.052589
27.14,-0.052589
27.16,-0.052589
27.18,-0.053546
27.2,-0.054025
27.22,-0.053546
27.24,-0.053546
27.26,-0.053546
27.28,-0.054025
27.3,-0.054503
27.32,-0.05546
27.34,-0.055939
27.36,-0.056418
27.38,-0.056418
27.4,-0.057853
27.42,-0.057375
27.44,-0.058332
27.46,-0.058811
27.48,-0.058332
27.5,-0.059289
27.52,-0.058332
27.54,-0.058332
27.56,-0.059289
27.58,-0.059768
27.6,-0.059289
27.62,-0.059768
27.64,-0.061203
27.66,-0.061682
27.68,-0.061682
27.7,-0.061682
27.72,-0.061682
27.74,-0.061682
27.76,-0.062161
27.78,-0.062161
27.8,-0.062639
27.82,-0.063118
27.84,-0.063118
27.86,-0.063118
27.88,-0.064075
27.9,-0.064075
27.92,-0.065511
27.94,-0.065511
27.96,-0.065032
27.98,-0.065032
28,-0.065989
28.02,-0.066468
28.04,-0.066946
28.06,-0.067904
28.08,-0.068861
28.1,-0.068861
28.12,-0.068382
28.14,-0.067425
28.16,-0.067904
28.18,-0.067904
28.2,-0.067425
28.22,-0.067425
28.24,-0.066946
28.26,-0.065989
28.28,-0.065989
28.3,-0.065989
28.32,-0.065989
28.34,-0.066946
28.36,-0.066946
28.38,-0.066468
28.4,-0.065989
28.42,-0.066468
28.44,-0.065989
28.46,-0.065989
28.48,-0.065989
28.5,-0.065511
28.52,-0.065989
28.54,-0.067425
28.56,-0.068382
28.58,-0.069339
28.6,-0.069339
28.62,-0.069818
28.64,-0.071732
28.66,-0.072689
28.68,-0.073168
28.7,-0.073647
28.72,-0.075082
28.74,-0.074604
28.76,-0.074604
28.78,-0.075561
28.8,-0.076518
28.82,-0.076518
28.84,-0.076518
28.86,-0.076039
28.88,-0.076039
28.9,-0.076997
28.92,-0.077954
28.94,-0.077954
28.96,-0.077475
28.98,-0.076997
29,-0.076997
29.02,-0.076997
29.04,-0.076518
29.06,-0.076997
29.08,-0.076997
29.1,-0.076997
29.12,-0.076039
29.14,-0.076518
29.16,-0.076997
29.18,-0.076518
29.2,-0.076039
29.22,-0.076997
29.24,-0.077475
29.26,-0.078911
29.28,-0.079868
29.3,-0.080347
29.32,-0.080347
29.34,-0.080347
29.36,-0.079868
29.38,-0.079868
29.4,-0.079868
29.42,-0.078911
29.44,-0.078432
29.46,-0.078432
29.48,-0.078432
29.5,-0.078911
29.52,-0.078911
29.54,-0.078432
29.56,-0.078911
29.58,-0.078911
29.6,-0.079868
29.62,-0.079868
29.64,-0.080347
29.66,-0.07939
29.68,-0.078911
29.7,-0.07939
29.72,-0.07939
29.74,-0.080347
29.76,-0.081782
29.78,-0.082261
29.8,-0.083218
29.82,-0.084654
29.84,-0.085132
29.86,-0.085132
29.88,-0.08609
29.9,-0.086568
29.92,-0.087047
29.94,-0.088483
29.96,-0.088483
29.98,-0.090397
30,-0.090397
30.02,-0.090397
30.04,-0.090397
30.06,-0.091354
30.08,-0.091833
30.1,-0.091833
30.12,-0.091833
30.14,-0.090875
30.16,-0.08944
30.18,-0.089918
30.2,-0.088961
30.22,-0.088961
30.24,-0.08944
30.26,-0.08944
30.28,-0.088483
30.3,-0.088004
30.32,-0.087525
30.34,-0.086568
30.36,-0.088004
30.38,-0.087047
30.4,-0.087047
30.42,-0.087047
30.44,-0.086568
30.46,-0.087047
30.48,-0.087047
30.5,-0.087525
30.52,-0.088004
30.54,-0.088004
30.56,-0.088004
30.58,-0.088483
30.6,-0.089918
30.62,-0.08944
30.64,-0.089918
30.66,-0.089918
30.68,-0.089918
30.7,-0.089918
30.72,-0.08944
30.74,-0.089918
30.76,-0.08944
30.78,-0.08944
30.8,-0.088961
30.82,-0.088961
30.84,-0.088483
30.86,-0.087525
30.88,-0.087525
30.9,-0.085611
30.92,-0.084654
30.94,-0.08609
30.96,-0.08609
30.98,-0.084654
31,-0.084175
31.02,-0.08609
31.04,-0.086568
31.06,-0.087047
31.08,-0.087047
31.1,-0.087047
31.12,-0.088004
31.14,-0.088004
31.16,-0.087525
31.18,-0.088004
31.2,-0.088483
31.22,-0.088483
31.24,-0.08944
31.26,-0.090397
31.28,-0.090875
31.3,-0.091833
31.32,-0.092311
31.34,-0.091354
31.36,-0.093268
31.38,-0.094226
31.4,-0.094704
31.42,-0.093268
31.44,-0.091833
31.46,-0.092311
31.48,-0.09279
31.5,-0.09279
31.52,-0.091833
31.54,-0.092311
31.56,-0.091833
31.58,-0.091354
31.6,-0.090875
31.62,-0.089918
31.64,-0.090397
31.66,-0.090397
31.68,-0.090397
31.7,-0.091354
31.72,-0.091833
31.74,-0.09279
31.76,-0.091833
31.78,-0.092311
31.8,-0.092311
31.82,-0.09279
31.84,-0.093268
31.86,-0.09279
31.88,-0.093268
31.9,-0.093747
31.92,-0.095183
31.94,-0.095661
31.96,-0.096618
31.98,-0.096618
32,-0.097097
32.02,-0.099011
32.04,-0.10045
32.06,-0.099969
32.08,-0.099969
32.1,-0.099969
32.12,-0.09949
32.14,-0.099011
32.16,-0.099969
32.18,-0.09949
32.2,-0.098533
32.22,-0.098054
32.24,-0.098054
32.26,-0.098054
32.28,-0.097576
32.3,-0.097576
32.32,-0.097576
32.34,-0.097576
32.36,-0.097097
32.38,-0.096618
32.4,-0.095661
32.42,-0.09614
32.44,-0.094226
32.46,-0.095183
32.48,-0.094704
32.5,-0.094226
32.52,-0.094704
32.54,-0.094704
32.56,-0.095183
32.58,-0.094704
32.6,-0.095661
32.62,-0.097576
32.64,-0.099011
32.66,-0.099011
32.68,-0.099968
32.7,-0.10045
32.72,-0.10093
32.74,-0.10045
32.76,-0.099968
32.78,-0.10093
32.8,-0.10284
32.82,-0.10236
32.84,-0.10284
32.86,-0.10236
32.88,-0.10236
32.9,-0.10284
32.92,-0.10284
32.94,-0.1038
32.96,-0.10284
32.98,-0.1038
33,-0.1038
33.02,-0.10236
33.04,-0.1014
33.06,-0.10284
33.08,-0.10284
33.1,-0.10236
33.12,-0.1014
33.14,-0.10093
33.16,-0.1014
33.18,-0.10093
33.2,-0.10045
33.22,-0.10093
33.24,-0.10045
33.26,-0.10093
33.28,-0.10188
33.3,-0.10188
33.32,-0.10188
33.34,-0.10093
33.36,-0.10093
33.38,-0.10045
33.4,-0.09949
33.42,-0.099968
33.44,-0.10045
33.46,-0.09949
33.48,-0.099011
33.5,-0.099011
33.52,-0.099011
33.54,-0.10045
33.56,-0.10188
33.58,-0.10188
33.6,-0.10332
33.62,-0.10236
33.64,-0.10236
33.66,-0.10045
33.68,-0.099968
33.7,-0.10093
33.72,-0.10093
33.74,-0.10093
33.76,-0.10045
33.78,-0.1014
33.8,-0.10236
33.82,-0.10236
33.84,-0.10236
33.86,-0.10332
33.88,-0.1038
33.9,-0.1038
33.92,-0.10428
33.94,-0.10332
33.96,-0.10284
33.98,-0.10284
34,-0.10284
34.02,-0.10332
34.04,-0.10332
34.06,-0.10475
34.08,-0.10428
34.1,-0.10332
34.12,-0.1038
34.14,-0.10428
34.16,-0.10523
34.18,-0.10571
34.2,-0.10619
34.22,-0.10619
34.24,-0.10571
34.26,-0.10571
34.28,-0.10475
34.3,-0.10428
34.32,-0.10428
34.34,-0.10475
34.36,-0.10428
34.38,-0.10428
34.4,-0.10332
34.42,-0.10332
34.44,-0.1038
34.46,-0.1038
34.48,-0.10475
34.5,-0.10571
34.52,-0.10619
34.54,-0.10571
34.56,-0.10571
34.58,-0.10475
34.6,-0.10428
34.62,-0.1038
34.64,-0.10428
34.66,-0.1038
34.68,-0.10428
34.7,-0.10428
34.72,-0.10523
34.74,-0.10571
34.76,-0.10571
34.78,-0.10571
34.8,-0.10523
34.82,-0.10523
34.84,-0.10667
34.86,-0.10763
34.88,-0.10715
34.9,-0.10667
34.92,-0.10667
34.94,-0.10715
34.96,-0.10667
34.98,-0.10619
35,-0.10619
35.02,-0.10571
35.04,-0.10523
35.06,-0.10475
35.08,-0.10523
35.1,-0.10571
35.12,-0.10475
35.14,-0.10428
35.16,-0.10428
35.18,-0.10523
35.2,-0.10571
35.22,-0.10619
35.24,-0.10475
35.26,-0.10332
35.28,-0.10428
35.3,-0.10428
35.32,-0.10332
35.34,-0.10332
35.36,-0.1038
35.38,-0.10428
35.4,-0.1038
35.42,-0.10523
35.44,-0.10571
35.46,-0.10619
35.48,-0.10619
35.5,-0.10619
35.52,-0.10667
35.54,-0.10667
35.56,-0.10667
35.58,-0.10715
35.6,-0.10763
35.62,-0.10571
35.64,-0.10667
35.66,-0.10715
35.68,-0.10619
35.7,-0.10523
35.72,-0.10523
35.74,-0.10523
35.76,-0.10428
35.78,-0.1038
35.8,-0.10475
35.82,-0.10428
35.84,-0.10284
35.86,-0.10284
35.88,-0.10284
35.9,-0.1038
35.92,-0.10284
35.94,-0.10236
35.96,-0.10284
35.98,-0.10236
36,-0.1014
36.02,-0.10236
36.04,-0.1014
36.06,-0.1014
36.08,-0.10188
36.1,-0.10093
36.12,-0.10093
36.14,-0.1014
36.16,-0.10284
36.18,-0.10236
36.2,-0.10236
36.22,-0.10236
36.24,-0.10332
36.26,-0.10332
36.28,-0.10332
36.3,-0.10236
36.32,-0.10284
36.34,-0.10332
36.36,-0.10284
36.38,-0.10332
36.4,-0.1038
36.42,-0.1038
36.44,-0.10428
36.46,-0.10428
36.48,-0.10332
36.5,-0.10523
36.52,-0.10619
36.54,-0.10619
36.56,-0.10667
36.58,-0.10715
36.6,-0.10619
36.62,-0.10523
36.64,-0.10523
36.66,-0.10475
36.68,-0.1038
36.7,-0.10332
36.72,-0.10332
36.74,-0.10332
36.76,-0.1038
36.78,-0.10332
36.8,-0.10236
36.82,-0.10236
36.84,-0.10236
36.86,-0.10188
36.88,-0.10236
36.9,-0.10236
36.92,-0.1014
36.94,-0.1014
36.96,-0.10093
36.98,-0.1014
37,-0.10284
37.02,-0.10284
37.04,-0.10284
37.06,-0.10284
37.08,-0.10475
37.1,-0.10619
37.12,-0.10763
37.14,-0.10763
37.16,-0.10763
37.18,-0.1081
37.2,-0.10858
37.22,-0.10906
37.24,-0.10906
37.26,-0.10954
37.28,-0.10954
37.3,-0.10954
37.32,-0.10954
37.34,-0.10906
37.36,-0.10954
37.38,-0.11002
37.4,-0.10906
37.42,-0.11002
37.44,-0.10954
37.46,-0.11002
37.48,-0.10954
37.5,-0.10906
37.52,-0.10858
37.54,-0.10906
37.56,-0.1081
37.58,-0.10715
37.6,-0.10763
37.62,-0.1081
37.64,-0.1081
37.66,-0.10906
37.68,-0.10906
37.7,-0.11002
37.72,-0.11098
37.74,-0.11098
37.76,-0.11002
37.78,-0.11098
37.8,-0.11241
37.82,-0.11241
37.84,-0.11385
37.86,-0.11337
37.88,-0.11241
37.9,-0.11241
37.92,-0.11193
37.94,-0.11145
37.96,-0.11193
37.98,-0.11289
38,-0.11289
38.02,-0.11193
38.04,-0.11145
38.06,-0.11002
38.08,-0.11002
38.1,-0.10954
38.12,-0.10954
38.14,-0.1105
38.16,-0.1105
38.18,-0.10954
38.2,-0.10954
38.22,-0.10954
38.24,-0.10954
38.26,-0.11002
38.28,-0.1105
38.3,-0.1105
38.32,-0.11098
38.34,-0.11002
38.36,-0.11002
38.38,-0.10954
38.4,-0.10906
38.42,-0.10954
38.44,-0.10954
38.46,-0.10954
38.48,-0.11002
38.5,-0.10954
38.52,-0.10906
38.54,-0.10858
38.56,-0.10858
38.58,-0.10906
38.6,-0.1081
38.62,-0.10763
38.64,-0.10715
38.66,-0.10667
38.68,-0.10667
38.7,-0.10619
38.72,-0.10523
38.74,-0.10667
38.76,-0.10667
38.78,-0.10619
38.8,-0.10715
38.82,-0.10667
38.84,-0.10715
38.86,-0.1081
38.88,-0.1081
38.9,-0.1081
38.92,-0.10763
38.94,-0.10763
38.96,-0.1081
38.98,-0.1081
39,-0.10858
39.02,-0.10858
39.04,-0.1081
39.06,-0.10763
39.08,-0.10858
39.1,-0.10906
39.12,-0.10954
39.14,-0.10906
39.16,-0.10954
39.18,-0.11002
39.2,-0.10906
39.22,-0.11002
39.24,-0.11002
39.26,-0.11002
39.28,-0.11002
39.3,-0.11098
39.32,-0.11145
39.34,-0.11098
39.36,-0.11002
39.38,-0.10906
39.4,-0.10858
39.42,-0.10858
39.44,-0.10906
39.46,-0.11002
39.48,-0.10858
39.5,-0.10763
39.52,-0.10763
39.54,-0.10763
39.56,-0.10667
39.58,-0.10667
39.6,-0.10763
39.62,-0.1081
39.64,-0.10906
39.66,-0.10906
39.68,-0.10954
39.7,-0.10763
39.72,-0.10763
39.74,-0.10763
39.76,-0.1081
39.78,-0.10715
39.8,-0.1081
39.82,-0.10858
39.84,-0.10906
39.86,-0.10763
39.88,-0.10763
39.9,-0.10858
39.92,-0.10715
39.94,-0.10667
39.96,-0.10715
39.98,-0.10619
40,-0.10571
40.02,-0.10428
40.04,-0.10428
40.06,-0.1038
40.08,-0.10236
40.1,-0.10236
40.12,-0.10188
40.14,-0.10236
40.16,-0.10093
40.18,-0.10284
40.2,-0.10045
40.22,-0.10045
40.24,-0.09949
40.26,-0.10188
40.28,-0.10236
40.3,-0.10236
40.32,-0.10332
40.34,-0.10428
40.36,-0.10428
40.38,-0.10475
40.4,-0.10475
40.42,-0.10619
40.44,-0.10571
40.46,-0.10523
40.48,-0.10571
40.5,-0.10571
40.52,-0.10523
40.54,-0.10475
40.56,-0.10523
40.58,-0.1038
40.6,-0.10428
40.62,-0.10332
40.64,-0.10332
40.66,-0.1014
40.68,-0.10045
40.7,-0.099968
40.72,-0.10045
40.74,-0.09949
40.76,-0.099011
40.78,-0.09949
40.8,-0.09949
40.82,-0.098533
40.84,-0.098054
40.86,-0.098533
40.88,-0.098054
40.9,-0.09949
40.92,-0.09949
40.94,-0.09949
40.96,-0.10045
40.98,-0.10093
41,-0.10093
41.02,-0.10188
41.04,-0.10236
41.06,-0.1038
41.08,-0.1038
41.1,-0.10332
41.12,-0.10284
41.14,-0.10284
41.16,-0.1038
41.18,-0.10332
41.2,-0.10332
41.22,-0.10284
41.24,-0.10284
41.26,-0.10284
41.28,-0.10332
41.3,-0.10236
41.32,-0.10332
41.34,-0.1038
41.36,-0.10332
41.38,-0.10284
41.4,-0.10284
41.42,-0.10284
41.44,-0.1014
41.46,-0.1014
41.48,-0.10188
41.5,-0.10236
41.52,-0.10188
41.54,-0.1014
41.56,-0.10188
41.58,-0.1014
41.6,-0.10045
41.62,-0.10045
41.64,-0.10045
41.66,-0.09949
41.68,-0.099011
41.7,-0.099011
41.72,-0.098054
41.74,-0.097097
41.76,-0.096618
41.78,-0.097097
41.8,-0.097576
41.82,-0.097097
41.84,-0.098054
41.86,-0.096618
41.88,-0.09614
41.9,-0.096618
41.92,-0.09614
41.94,-0.095661
41.96,-0.094704
41.98,-0.095183
42,-0.09614
42.02,-0.096618
42.04,-0.095661
42.06,-0.096618
42.08,-0.097576
42.1,-0.097576
42.12,-0.098054
42.14,-0.098533
42.16,-0.098533
42.18,-0.099011
42.2,-0.098533
42.22,-0.098533
42.24,-0.098533
42.26,-0.099011
42.28,-0.09949
42.3,-0.099011
42.32,-0.09949
42.34,-0.10093
42.36,-0.10093
42.38,-0.10093
42.4,-0.10045
42.42,-0.099969
42.44,-0.099969
42.46,-0.10093
42.48,-0.10093
42.5,-0.10093
42.52,-0.10093
42.54,-0.10284
42.56,-0.10332
42.58,-0.10332
42.6,-0.10428
42.62,-0.10428
42.64,-0.1038
42.66,-0.10428
42.68,-0.10332
42.7,-0.1038
42.72,-0.10428
42.74,-0.10332
42.76,-0.10284
42.78,-0.10284
42.8,-0.10284
42.82,-0.10236
42.84,-0.1038
42.86,-0.10332
42.88,-0.10284
42.9,-0.10236
42.92,-0.10236
42.94,-0.099969
42.96,-0.099969
42.98,-0.09949
43,-0.09949
43.02,-0.10045
43.04,-0.10045
43.06,-0.10045
43.08,-0.10188
43.1,-0.10093
43.12,-0.10093
43.14,-0.10045
43.16,-0.10093
43.18,-0.10045
43.2,-0.10093
43.22,-0.1014
43.24,-0.099969
43.26,-0.09949
43.28,-0.09949
43.3,-0.1014
43.32,-0.10188
43.34,-0.10188
43.36,-0.10236
43.38,-0.10332
43.4,-0.10284
43.42,-0.10188
43.44,-0.10188
43.46,-0.10093
43.48,-0.10045
43.5,-0.10093
43.52,-0.10093
43.54,-0.10236
43.56,-0.10188
43.58,-0.10236
43.6,-0.10284
43.62,-0.10332
43.64,-0.10332
43.66,-0.10284
43.68,-0.10236
43.7,-0.10045
43.72,-0.09949
43.74,-0.10093
43.76,-0.1014
43.78,-0.10093
43.8,-0.10045
43.82,-0.1014
43.84,-0.10284
43.86,-0.1038
43.88,-0.10428
43.9,-0.10428
43.92,-0.10475
43.94,-0.10475
43.96,-0.10523
43.98,-0.10571
44,-0.10523
44.02,-0.10475
44.04,-0.10571
44.06,-0.10523
44.08,-0.10571
44.1,-0.10715
44.12,-0.1081
44.14,-0.10715
44.16,-0.10667
44.18,-0.10619
44.2,-0.10715
44.22,-0.10571
44.24,-0.10428
44.26,-0.1038
44.28,-0.10284
44.3,-0.10188
44.32,-0.10045
44.34,-0.10045
44.36,-0.09949
44.38,-0.098533
44.4,-0.097576
44.42,-0.097576
44.44,-0.097576
44.46,-0.099011
44.48,-0.099011
44.5,-0.097576
44.52,-0.097576
44.54,-0.098054
44.56,-0.097097
44.58,-0.097576
44.6,-0.097576
44.62,-0.098054
44.64,-0.099011
44.66,-0.099011
44.68,-0.09949
44.7,-0.1014
44.72,-0.10236
44.74,-0.10188
44.76,-0.10236
44.78,-0.10236
44.8,-0.1038
44.82,-0.1038
44.84,-0.10332
44.86,-0.10236
44.88,-0.10284
44.9,-0.10284
44.92,-0.10236
44.94,-0.10093
44.96,-0.10188
44.98,-0.10045
45,-0.099969
45.02,-0.099969
45.04,-0.09949
45.06,-0.099011
45.08,-0.098533
45.1,-0.097576
45.12,-0.098054
45.14,-0.098533
45.16,-0.098533
45.18,-0.098533
45.2,-0.097576
45.22,-0.097576
45.24,-0.097097
45.26,-0.097576
45.28,-0.097097
45.3,-0.098054
45.32,-0.097576
45.34,-0.098054
45.36,-0.097576
45.38,-0.098533
45.4,-0.099011
45.42,-0.099969
45.44,-0.09949
45.46,-0.099969
45.48,-0.1014
45.5,-0.10093
45.52,-0.10045
45.54,-0.10093
45.56,-0.1014
45.58,-0.10093
45.6,-0.10045
45.62,-0.099968
45.64,-0.10093
45.66,-0.1014
45.68,-0.1014
45.7,-0.10045
45.72,-0.099968
45.74,-0.10093
45.76,-0.09949
45.78,-0.09949
45.8,-0.098533
45.82,-0.098054
45.84,-0.097576
45.86,-0.098054
45.88,-0.097097
45.9,-0.098533
45.92,-0.098054
45.94,-0.096618
45.96,-0.097576
45.98,-0.097576
46,-0.097576
46.02,-0.098054
46.04,-0.097097
46.06,-0.097576
46.08,-0.098054
46.1,-0.099011
46.12,-0.10045
46.14,-0.099968
46.16,-0.1014
46.18,-0.10188
46.2,-0.10284
46.22,-0.10236
46.24,-0.10332
46.26,-0.10284
46.28,-0.10284
46.3,-0.10045
46.32,-0.10093
46.34,-0.1014
46.36,-0.099969
46.38,-0.10093
46.4,-0.1014
46.42,-0.099969
46.44,-0.1014
46.46,-0.099969
46.48,-0.099969
46.5,-0.099011
46.52,-0.098533
46.54,-0.098533
46.56,-0.098533
46.58,-0.097576
46.6,-0.097097
46.62,-0.097576
46.64,-0.096618
46.66,-0.096618
46.68,-0.09614
46.7,-0.097576
46.72,-0.097097
46.74,-0.098054
46.76,-0.098533
46.78,-0.099011
46.8,-0.099011
46.82,-0.099969
46.84,-0.09949
46.86,-0.099969
46.88,-0.09949
46.9,-0.099969
46.92,-0.09949
46.94,-0.099011
46.96,-0.098054
46.98,-0.098533
47,-0.098533
47.02,-0.096618
47.04,-0.097576
47.06,-0.098054
47.08,-0.097576
47.1,-0.097097
47.12,-0.096618
47.14,-0.095183
47.16,-0.094226
47.18,-0.094226
47.2,-0.094226
47.22,-0.094704
47.24,-0.094704
47.26,-0.094226
47.28,-0.093747
47.3,-0.093268
47.32,-0.093747
47.34,-0.093747
47.36,-0.094704
47.38,-0.095661
47.4,-0.094704
47.42,-0.096618
47.44,-0.09614
47.46,-0.094704
47.48,-0.096618
47.5,-0.097576
47.52,-0.098533
47.54,-0.099011
47.56,-0.09949
47.58,-0.098533
47.6,-0.097576
47.62,-0.097097
47.64,-0.09614
47.66,-0.095661
47.68,-0.095661
47.7,-0.09614
47.72,-0.095661
47.74,-0.094704
47.76,-0.094226
47.78,-0.09279
47.8,-0.093747
47.82,-0.092311
47.84,-0.09279
47.86,-0.094226
47.88,-0.09279
47.9,-0.091833
47.92,-0.090875
47.94,-0.091833
47.96,-0.091833
47.98,-0.092311
48,-0.09279
48.02,-0.09279
48.04,-0.093747
48.06,-0.095183
48.08,-0.095661
48.1,-0.095183
48.12,-0.095183
48.14,-0.096618
48.16,-0.097097
48.18,-0.097097
48.2,-0.096618
48.22,-0.097576
48.24,-0.097097
48.26,-0.096618
48.28,-0.096618
48.3,-0.096618
48.32,-0.097576
48.34,-0.096618
48.36,-0.096618
48.38,-0.095661
48.4,-0.095661
48.42,-0.095661
48.44,-0.094226
48.46,-0.093747
48.48,-0.09279
48.5,-0.091833
48.52,-0.091354
48.54,-0.090875
48.56,-0.090397
48.58,-0.090875
48.6,-0.089918
48.62,-0.08944
48.64,-0.090397
48.66,-0.089918
48.68,-0.090397
48.7,-0.08944
48.72,-0.08944
48.74,-0.088483
48.76,-0.088483
48.78,-0.088961
48.8,-0.088961
48.82,-0.088961
48.84,-0.090397
48.86,-0.090397
48.88,-0.090875
48.9,-0.091833
48.92,-0.093268
48.94,-0.093268
48.96,-0.092311
48.98,-0.092311
49,-0.093268
49.02,-0.093747
49.04,-0.09279
49.06,-0.092311
49.08,-0.091833
49.1,-0.09279
49.12,-0.092311
49.14,-0.093268
49.16,-0.092311
49.18,-0.092311
49.2,-0.091833
49.22,-0.091833
49.24,-0.090875
49.26,-0.090875
49.28,-0.089918
49.3,-0.090397
49.32,-0.08944
49.34,-0.08944
49.36,-0.090397
49.38,-0.090397
49.4,-0.090875
49.42,-0.090875
49.44,-0.089918
49.46,-0.090397
49.48,-0.090875
49.5,-0.090875
49.52,-0.090397
49.54,-0.089918
49.56,-0.090875
49.58,-0.091354
49.6,-0.091354
49.62,-0.091354
49.64,-0.091354
49.66,-0.090397
49.68,-0.091354
49.7,-0.090875
49.72,-0.090875
49.74,-0.091354
49.76,-0.091354
49.78,-0.090875
49.8,-0.090875
49.82,-0.090397
49.84,-0.090875
49.86,-0.090875
49.88,-0.08944
49.9,-0.088961
49.92,-0.08944
49.94,-0.08944
49.96,-0.088961
49.98,-0.087525
50,-0.088483
